index,종류별,상황별,재료별,방법별,제목,url,조회수,셰프,인분,조리시간,난이도,재료,인트로,조리순서,해시태그,재료양
1,밑반찬,,,,감자볶음 레시피 감자채볶음 햄감자볶음 황금레시피,https://www.10000recipe.com/recipe/7073455,"2,806",뚜루,2인분,20분 이내,아무나,"['감자', '햄', '오일', '소금', '후추']",아이들 있는 집에서는 햄과 감자의 조합이 실패할 확률이 거의 없죠. 오늘은 다른 반찬 없이도 밥 한그릇을 뚝딱 비우게 만들어주는 감자볶음을 만들었어요. 오늘은 매일 먹어도 질리지 않고 다른 반찬들과도 잘 어울리는 햄감자볶음 레시피 소개해 드릴게요 '◡',"['감자 2개와 햄 150g을 준비합니다. 감자는 얇고 일정하게 채 썰어주고, 햄도 감자와 같은 두께로 썰어주세요.', '채 썬 감자는 찬물에 10분 정도 담가 전분기를 제거해주세요. 전분기 뺀 감자는 물기를 충분히 빼주세요.', '기름 없이 마른 팬에 감자를 먼저 넣고 살짝 볶아 수분을 날려준 후 오일을 넉넉히 두르고 감자를 중불에서 볶아주세요. 이때 감자가 타지 않게 계속 섞어주면서 볶는 게 포인트예요.', '감자가 반 정도 익으면 소금으로 간을 해주세요. (약 1/2t) 그리고 햄을 넣고 함께 볶아주세요.', '감자가 모두 익으면 후추, 참기름, 깨소금으로 마무리해 주세요.', '담백하면서 고소한 맛의 햄감자볶음 완성입니다.']","['감자볶음', '감자볶음레시피', '햄감자볶음', '감자채볶음']","['2개', '150g', '넉넉히', '1/2작은술', '넉넉히']"
2,밑반찬,,,,건취나물무침 만드는법,https://www.10000recipe.com/recipe/7083141,209,호수맘,6인분 이상,120분 이내,아무나,"['건취나물', '집간장', '마늘', '들기름', '대파', '참기름', '깨소금', '식소다']",말린 취나물을 불려 조물 조물 묻혀내면 특유의 구수한 향과 쌉싸름한 맛이 입맛을 돋구는 건취나물 무침입니다.,"['건취나물은 먼저 흐르는 물에 여러 번 씻어 이물질을 제거해 주세요.\n큰 볼에 취나물을 담고 충분한 양의 물을 부어 몇 시간 또는 하룻밤 정도 불려줍니다.\n취나무지 부드럽게 불어나면 여러 번 헹궈 주세요.', '불린 취나물은 불린물과같이 냄비에 넣고 삶아 줍니다.\n20분정도 중약불에서 삶은후 불을끄고 식소다넣고 10분정도에 보시면 부드럽습니다 깨끗한물로여러번헹궈주세요', '꼭짠 취나물에 파 송송 마늘 집간장 들기름넣고 조물조물 무처주세요\n깨소금과참기름넣고 가볍게 무처주면 완성입니다\n싱거우면 소금간약간해주세요']","['건취나물무침', '건취나물삶는법', '나물무치기', '말린취나물요리']","['50g', '1T', '1/2T', '1T', '1/2대', '약간', '약간', '1/2T']"
3,밑반찬,,,,간장 진미채 볶음,https://www.10000recipe.com/recipe/7082545,357,호수맘,6인분 이상,15분 이내,아무나,"['진미채', '미림', '마요네즈', '진간장', '미림', '설탕', '올리고당', '다진마늘', '참기름', '깨소금']",오늘은 아이부터 어른까지. 누구나 좋아하는 간장 진미채볶음 만들어 볼게.,"['진미채가 길면 먹기 좋은 크기로 잘라 주세요\n진미채의 미림 3 큰술을 넣고 조물조물 해주세요. 그리고 전자레인지에 40초 데워 마요네즈 1 큰술 넣고 조물조물 버무려주세요.', '양념을 만들어 주세요. 진간장 2 큰술 설탕1 큰술 올리고당 1 큰술 다진 마늘 0.5큰술 넣고 끓여 식혀주세요', '진미채의 양념장을 넣고 조물조물 무쳐주세요\n참기름 깨소금 넣고 가볍게 섞어주면 달콤 짭조름한 간장 진미채 완성입니다.']","['간장진미채볶음', '간장진미채볶음레시피', '간장진미채', '밑반찬만들기', '도시락반찬']","['150g', '3T', '1T', '2T', '2T', '1T', '1T', '1/2T', '약간', '약간']"
4,밑반찬,,,,간장버터 새송이구이,https://www.10000recipe.com/recipe/7018465,"17,884",요리하는허니레빗,2인분,10분 이내,초급,"['새송이버섯', '쪽파', '버터', '올리고당', '다진마늘', '간장', '참기름', '물']",평소 고기 외에는 야채를 싫어하는 저를 위해 만들어 보았는데요 버섯에서 양념갈비 맛이 나서 야채를 싫어하는 사람들에게도 거부감 없이 먹일 수 있어서 성인은 물론 아이들까지도 찾게 되는 맛이에요!,"['새송이 버섯 밑둥을 잘라주시고 흐르는 물에 씻어주세요.\n버섯은 너무 두껍지 않게 대략 2cm 정도 세로로 잘라주세요!\n도마\n,\n조리용나이프', '다음으로는 양념장을 만들어 줄건데요 다진마늘 1T,올리고당2T, 간장 5T,참기름 1T,쪽파2T, 물 2T을 넣고 잘 섞어주세요\n소스볼\n,\n숟가락', '중약불로 팬을 달궈주신 후 팬에 열이 오르면 버터 1조각을 녹여주세요\n프라이팬\n,\n요리집게', '버터가 다 녹으면 팬에 새송이 버섯을 올려 중약불에서 천천히 앞뒤 노릇하게 구워주셔야 고기처럼 쫄깃해져요!', '노릇해진 새송이 버섯에 아까 만들어둔 양념장을 전부 부어 졸여주세요 불의 세기는 계속 중약불로 유지해주셔야해요\n요리스푼', '이렇게 양념이 졸여지면 불을 꺼주세요', '이렇게 하면 맛있는 간장버터 새송이버섯 구이 완성입니다!\n플레이팅접시']","['새송이버섯', '간장구이', '고기대용', '버섯요리', '간장버터새송이버섯구이', '요리']","['1봉지', '2T', '1조각', '2T', '1T', '5T', '1T', '2T']"
5,밑반찬,,,,어묵볶음 만들기 안 불고 쫄깃하게 만드는 법,https://www.10000recipe.com/recipe/7073955,"3,021",눈히,4인분,10분 이내,아무나,"['사각어묵4~5장', '양파', '대파', '당근', '식용유', '물엿', '설탕', '진간장', '맛술', '다진 마늘', '물', '후추', '참기름', '통깨']","간단한 재료로 쉽게 만드는 어묵볶음이에요.
양념을 넣는 순서만 바꿔도 불지 않고 쫄깃하게 완성돼요.","['어묵은 4등분 한 뒤 먹기 좋은 크기로 길쭉하게 썰어 준비합니다.', '양파와 당근은 살짝 도톰하게 채 썰어 아삭한 식감을 살리고, 대파는 어슷 썰어 준비해 주세요. 채소는 넉넉하게 준비한 편이에요.', '팬에 식용유을 두르고 중불에서 어묵을 가볍게 볶아줍니다. 기름으로 겉면을 한 번 코팅해 주면 나중에 양념을 넣어도 쉽게 불지 않아요.', '여기에 물엿과 설탕을 넣어 한 번 더 볶아주세요. 간장을 넣기 전 당분을 먼저 입혀주면 어묵 속까지 쫀득한 식감이 돼요.', '불을 센 불로 올린 뒤, 팬 한쪽으로 공간을 만들어 간장을 넣어주세요. 간장이 지글지글 끓으면 어묵과 빠르게 섞어준 뒤, 이어서 맛술을 넣어 윤기를 더합니다.', '준비한 채소와 다진 마늘을 넣고 센 불에서 가볍게 볶아 숨을 죽인 뒤, 물 2큰술을 넣어 촉촉함을 살짝 더해 주세요.', '마지막으로 불을 끄고 후추, 참기름, 통깨를 넣어 가볍게 섞어 마무리합니다.']","['어묵볶음', '오뎅볶음', '간장어묵볶음', '간장오뎅볶음', '어묵요리', '오뎅요리', '밑반찬', '간단한반찬', '반찬']","['4~5장', '1/4개', '1/2대', '약간', '1큰술', '1큰술', '0.5큰술', '1큰술', '1큰술', '0.5큰술', '2큰술', '약간', '0.5작은술', '0.5큰술']"
6,밑반찬,,,,참치액으로 감칠맛 up 하얀 콩나물무침 레시피,https://www.10000recipe.com/recipe/7069884,"1,612",뽕림이,4인분,10분 이내,아무나,"['콩나물200g', '참치액', '다진 마늘', '참기름', '간 깨', '꽃소금']",참치액으로 감칠맛을 더한 하얀 콩나물무침 레시피예요 :),"['콩나물 손질은 간단해요.\n썩은 콩과 콩 껍데기를 골라내고 너무 길거나 지저분하게 난 뿌리를 깔끔하게 손질해 주기만 하면 ok\n콩나물 세척은 충분히 잠기도록 물을 붓고 살랑살랑 흔들어가며 두어 번 헹궈주기만 하면 돼요.\n세척이 끝난 콩나물은\n체에 밭쳐 물기를 빼줍니다', '자 이제 콩나물을 삶아볼게요.\n냄비 또는 팬에 물을 적당량 붓고 소금 1큰술을 넣은 뒤 강불로 올려줍니다.\n물이 끓기 시작하면 콩나물을 넣고 4~5분간 삶아줍니다.\n콩나물 삶는 시간은 취향껏 해주시면 되는데요.\n아삭한콩나물무침 좋아하시면 4분 정도만 삶아주세요.', '삶은 콩나물은 찬물에 헹궈 열기를 식히고,\n체에 밭쳐 물기를 빼줍니다.\n손으로 짜지 말고 체에 밭쳐 물기를 빼주세요.', '볼에 물기 뺀 콩나물을 담고 참치액 ½큰술, 다진 마늘 ½큰술 참기름 1큰술, 간 깨 1큰술을 넣어줍니다.\n이후 소금으로 입맛에 맞게 간을 해주기만 하면 끝이에요.']","['하얀콩나물무침', '콩나물무침', '콩나물무침레시피', '콩나물요리', '콩나물반찬', '밑반찬', '간단한', '밑반찬', '초간단', '쉬운반찬', '간단한반찬']","['200g', '1/2큰술', '1/2큰술', '1큰술', '1큰술', '적당량']"
7,밑반찬,,,,시금치무침 (시금치데치는 방법 시금치나물요리 나물반찬 반찬레시피),https://www.10000recipe.com/recipe/7022775,"17,403",ariel1007,4인분,10분 이내,초급,"['시금치', '소금', '물', '다진 마늘', '참치액', '참기름', '깨소금', '소금']",봄에 먹는 제철나물반찬입니다 시금치 데치는 방법과 무침양념을 알려드립니다,"['시금치는 뿌리를 잘라 낸 후 한잎한잎 떼어서 찬물에 흔들어 가면서 씻어 흙과 불순물을 제거 해 준다\n믹싱볼\n,\n채반\n,\n조리용나이프\n시금치 손질법 레시피', '냄비에 물을 넉넉히 붓고 소금 1스푼을 넣은 후 끓여준다\n냄비\n센불', '물이 끓으면 씻은 시금치를 넣고 약 40초 가량 데쳐준다\n센불', '데친 시금치는 찬물에 헹구어 준다', '대파는 길이로 반으로 자른 후 잘게 썰어준다\n도마\n,\n조리용나이프', '볼에 시금치를 꼭 짜서 담아준다', '무침 양념을 모두 넣어준다\n믹싱볼\n,\n조리용스푼', '조물조물 양념과 시금치가 고루 섞이 도록 무쳐준다']","['시금치요리', '시금치나물반찬', '시금치무침', '무침양념', '밑반찬', '반찬', '초간단', '비타민']","['300g', '1스푼', '넉넉히', '1스푼', '1.5스푼', '1스푼', '1스푼', '0.5스푼']"
8,밑반찬,,,,숙주나물 무침 만들기 아삭한 숙주나물 무침 양념 레시피 깔끔한 밑반찬 요리,https://www.10000recipe.com/recipe/7073764,"2,695",포남댁,6인분 이상,20분 이내,아무나,"['숙주나물', '대파', '국간장', '다진마늘', '참기름', '통깨']","아삭한 숙주나물 무침은 화려하진 않지만
매일 먹어도 질리진 않는 집밥반찬이에요
숙주나물 한 봉지로 간단하게 만들 수 있고
식탁 영양의 균형을 맞출 수 있는 숙주나물!
가볍게 먹기 좋은 나물 반찬이지만
알고 보면 영양도 꽤 알찬 숙주랍니다.
아스파라긴산이 풍부한 숙주나물은 피로회복에
도움을 주고 비타민과 철분도 함유되어 있어서
혈관 건강과 항산화에도 좋은 재료에요!
​
​
가볍게 데친 다음 국간장과 참기름으로
깔끔하고 아삭한 식감을 살려서 무쳐낸
숙주나물 무침 레시피를 남겨 보도록 할게요 :)
​","['숙주나물 한 봉지를 준비해서 흐르는 물로\n가볍게 씻어준 뒤 체반에 받쳐 물기를 제거합니다.', '숙주나물 무침에 같이 들어갈 대파는\n작게 쫑쫑 썰어주세요', '냄비에 물을 800ml 정도 넣고\n소금을 한 꼬집 넣은 다음 팔팔 끓으면\n손질해둔 숙주나물을 모두 넣어줍니다.', '너무 오래 데치면 아삭한 식감이 덜해지니\n30초 정도만 빠르게 데쳐내 주세요', '데쳐낸 숙주나물을 차가운 물에 빠르게\n헹궈준 뒤 체반에 받쳐 물기를 제거합니다.', '볼에 데친 숙주나물을 담고\n썰어둔 대파와 함께 다진 마늘 1t,\n국간장 2t, 참기름 1t, 통깨 1t를\n양념장으로 넣어주세요', '양념장과 숙주나물이 잘 어우러지도록\n손으로 조물조물 무쳐주면서\n사이사이에 양념이 잘 배어들면\n아삭한 숙주나물 무침이 완성입니다^^']","['숙주나물무침', '아삭한숙주나물', '깔끔밑반찬요리']","['350g', '1/2개', '2t', '1t', '1t', '1t']"
9,밑반찬,,,,실패없는 무생채 레시피,https://www.10000recipe.com/recipe/7070354,"2,235",윤자딸,4인분,5분 이내,아무나,"['무', '대파', '소금', '설탕', '고춧가루', '진간장', '식초']",바로 먹어도 맛있는 무생채 레시피입니다!,"['일정한 크기로 무 1/3개 잘라주세요.\n채칼보다 칼로 써는 게 무르지 않아서 좋아요!', '소금 조금, 설탕 2 숟갈 넣고 3분 정도 버무려 주세요.\n3분 정도 버무리면 무 숨이 죽고, 물이 나와요!', '고춧가루 3숟갈 넣고, 버무려 주세요.', '대파 조금, 진간장 1숟갈, 식초 2숟갈 넣고 버무려 주세요.\n냉장고 숙성 없이 바로 먹어도 맛있어요!']","['무생채', '반찬', '집밥', '밥상', '무', '무생채만들기', '무생체레시피', '무생채양념', '자취요리', '자취']","['1/3', '0.2대', '약간', '2큰술', '3큰술', '1큰술', '2큰술']"
10,밑반찬,,,,오이고추된장무침 (사계절 먹기좋은 밑반찬 고추무침 5분 레시피),https://www.10000recipe.com/recipe/7009944,"33,035",ariel1007,4인분,5분 이내,아무나,"['오이고추', '된장', '고추장', '참기름', '올리고당', '통깨']",오이고추로 만든 밥반찬 밑반찬입니다 불 없이 초간단하게 만들 수 있는 레시피입니다,"['볼에 된장 양념을 모두 넣고 골고루 섞어준다\n믹싱볼\n,\n숟가락', '오이고추는 깨끗하게 씻어 꼭지를 떼어 낸 후 한 입 크기로 썰어준다\n도마\n,\n조리용나이프', '잘 섞어 놓은 된장 양념에 오이고추를 모두 넣어준다', '수저로 저어가면서 고루 무쳐준다']","['오이고추요리', '고추무침', '오이고추된장무침', '밑반찬', '밥반찬', '자취요리', '도시락반찬', '초간단', '초스피드']","['7개', '1스푼', '0.5스푼', '1스푼', '0.5스푼', '1스푼']"
11,밑반찬,,,,아이반찬 양파소세지볶음 레시피 양파요리 초스피드반찬,https://www.10000recipe.com/recipe/6989690,"36,638",라피네,4인분,10분 이내,초급,"['양파', '비엔나소세지', '굴소스', '올리고당', '참기름', '통깨']",밑반찬 없을때 후닥닥 만드는 초스피드반찬 소세지양파볶음입니다.,"['비엔나소세지는 먹기좋게 반잘라주거나 칼집내서 준비해주세요.', '양파 반개도 한입크기로잘라줍니다.', '팬에 기름을 조금 두르고 소세지와 양파를 볶아줍니다.', '양파가 투명해지면 굴소스 0.5T를 넣어줍니다.', '그리고 올리고당도 1T넣어줍니다.', '참기름도 1T넣어주고', '통깨 넉넉하게 뿌려서 잘섞어주면 완성입니다.', '접시에 담아서 맛있게드세요.']","['소세지볶음', '양파볶음', '소세지양파볶음', '밑반찬', '간단반찬', '소양볶음', '양파소세지굴소스볶음', '집밥레시피', '아이반찬']","['1/2개', '300g', '0.5T', '1T', '1T', '']"
12,밑반찬,,,,"""시금치나물""",https://www.10000recipe.com/recipe/6977503,"3,002",밥차리라,4인분,30분 이내,아무나,"['시금치', '소금', '간장', '참치액', '참기름', '다진마늘', '볶은소금', '통깨']",시금치 무침,"['시금치 시든 잎 다듬고 밑동 부분 + 칼 집을 넣어 갈라준다', '끓는 물에 소금 1 숟가락 넣고\n시금치를 넣은 후 30초 정도 데쳐준다', '흙이 나오지않게 충분히 헹궈\n물기를 적당히 꾹~ 짜서 볼에 담아준다', '간장,참치액,다진마늘,통깨 넣고 소금은 입맛에 맞게 넣어준다', '간이 골고루 베이게 무쳐준다', '그릇에 담아낸다']","['시금치', '시금치무침', '나물반찬', '시금치나물', '밥반찬']","['1단', '1숟가락', '1스푼', '1스푼', '2스푼', '1스푼', '약간', '약간']"
13,밑반찬,,,,감자치즈계란말이,https://www.10000recipe.com/recipe/7081782,487,호수맘,2인분,20분 이내,아무나,"['감자큰거', '슬라이스치즈', '소금', '식용유', '캐찹', '미림', '계란']",요즘 감자가 제철이라 아이들이 좋아하는 감자치즈계란말이 만들어봤어요 애들이 좋아하고 잘먹네요,"['감자는 얄게채썰어. 물에 10분정도 닮가 전분을빼주세요\n감자를 꼭짜서 볼어넣어주세요', '계란을 풀어 감자를 섞어주세요\n미림. 소금간 약간해주세요\n달군팬에 감자계란섞인반죽을 얇게 펴주세요', '중약불에서 반죽이 약간익으면 치즈를올려 감자계란말이를 말아주세요이때는 약불로 천천히익혀주세요\n칼로썰어 위에 케찹 올려주시면 완성입니다']","['감자계란말이', '감자치즈계란말이.', '치즈계란말이', '계란말이']","['1개', '100g', '약간', '약간', '약간', '1T', '5개']"
14,밑반찬,,,,들기름 두부구이 두부부침 양념장 레시피 두부반찬,https://www.10000recipe.com/recipe/7072605,"2,307",써지니,2인분,20분 이내,아무나,"['두부', '들기름', '식용유', '소금', '들기름', '진간장', '알룰로스', '다진마늘', '고춧가루', '통깨']",다이어트를 한다고 장을 볼 때 작은 사이즈 두부와 큰 사이즈 두부를 구매하여 두부반찬으로 조림이나 구이를 자주 만들어 먹는데 두부요리 레시피 중에서 제일 쉬운게 들기름을 넣고 부치는 들기름 두부구이를 일주일에 2번 정도 두부반찬으로 챙겨 먹어요.,"['두부는 흐르는 물에 쓱 헹군 다음에 5mm 정도 두께로 사각형 모양으로 썰어서 준비하면 되세요.\n(저는 큰 사이즈 두부를 사용하고 남은 두부로 만들었어요)', '두부를 하나씩 펼쳐서 논 다음에 소금을 골고루 솔솔솔 뿌려주고 소금 간이 배이도록 10분 정도 그대로 둡니다.', '시간이 경과 후\n키친타올로 두부의 윗부분을 살살 눌러서 물기를 닦아주고, 뒤집어서 두부의 반대편도 물기를 제거해주어야 들기름 두부구이를 만들때 기름이 튀지 않아요.', '후라이팬에 식용유 1큰술을 넣고\n큰술: 밥 숟가락 기준', '두부를 넣은 다음에 두부 위에 들기름 2큰술 정도를 골고루 뿌려주고 가스불 중약불에 맞춰줍니다.\n큰술: 밥 숟가락 기준', '가스불 중약불에서 두부를 앞뒤로 노릇노릇하게 구운 다음에 가스불을 꺼 주세요.', '두부부침 양념장 레시피는\n진간장 1.5큰술, 들기름 1큰술, 알룰로스 0.5큰술, 다진마늘 0.3큰술, 고춧가루 0.2큰술, 통깨를 넣고 골고루 섞어줍니다.', '접시에 두부를 빙~ 둘러서 담고 두부 가운데 부분에 두부부침 양념장을 올려주면 들기름 두부구이 완성이에요.']","['두부구이', '들기름두부구이', '두부구이양념장', '두부구이레시피', '두부요리', '두부반찬', '들기름두부구이양념장', '두부부침', '두부부침양념장', '두부부침레시피']","['350g', '2큰술', '1큰술', '솔솔', '1큰술', '1.5큰술', '1/2큰술', '0.3큰술', '0.2큰술', '적당량']"
15,밑반찬,,,,새송이버섯버터굴소스볶음 간단반찬,https://www.10000recipe.com/recipe/6993517,"56,984",라피네,2인분,5분 이내,아무나,"['미니새송이버섯', '버터', '굴소스', '진간장', '통깨']",미니새송이버섯으로 만든 간단반찬입니다,"['새송이버섯은 길게 편 썰어 주세요', '팬을 달군 후 버터 20그램을 녹여줍니다', '버터가 녹으면 새송이 버섯을 넣어서 볶아 주세요', '버섯이 반쯤 익었을 때 간을 해 줍니다. 굴소스 1스푼 넣어줍니다', '진간장도 0.5T 넣어 줍니다', '통깨도 넣어서 섞어 줍니다', '미니 새송이버섯 버터굴소스볶음 완성입니다.']","['버섯반찬', '새송이버섯요리', '새송이버섯굴소스볶음', '밑반찬', '간단반찬', '집밥레시피', '새송이버섯버터볶음']","['1팩', '20g', '1T', '0.5T', '약간']"
16,밑반찬,,,,도시락 반찬으로 최고! 스팸감자조림♡,https://www.10000recipe.com/recipe/6984517,"121,078",냠냠간단요리,2인분,10분 이내,초급,"['감자', '스팸', '진간장', '설탕', '후추', '올리고당', '다진마늘', '물']",단짠단짠 맛있어요^^,"['감자는 깍뚝 썰어 2분 데쳐주세요\n강불', '스팸은 깍둑 썰어 팬에 노릇하게 구워줍니다', '삶은 감자,다진마늘1스푼을 넣어 살짝 볶아주세요\n중약불', '물120ml,진간장4스푼,설탕 4스푼,후추 조금을 넣고 뚜껑을 닫아 2분 끓여줍니다', '국물이 줄때까지 졸이다가 올리고당 1스푼을 넣고 잘 섞어 마저 졸여주시면 끝!^^']",[],"['2개', '200g', '4스푼', '4스푼', '조금', '1스푼', '1스푼', '120ml']"
17,밑반찬,,,,도토리묵김무침 레시피 아이반찬,https://www.10000recipe.com/recipe/7005830,"32,317",라피네,2인분,5분 이내,아무나,"['도토리묵', '조미김', '진간장', '설탕', '참기름', '통깨', '다진대파']",아이반찬으로 좋은 도토리묵김무침만드는 방법입니다.,"['도토리묵 반개만 사용해줍니다. 마트에서 판매하는 묵이라면 따뜻한 물에 데쳐서 사용해야 부들부들 탱글한 묵을 맛볼 수있어요. 묵은 아이들이 먹기 좋은 크기로 깍뚝썰어줍니다.', '그리고 다진 대파 가득 1T정도 준비해주세요.', '조미김 한봉을 잘게 부셔줍니다.', '볼에 도토리묵과 다진 대파를 넣고 간을 해줄께요.', '진간장 1T 넣어줍니다.', '설탕도 0.5T 넣어줍니다.', '참기름 1T 넣어주고', '깨도 듬뿍 넣어주세요.', '그리고 부셔둔 김가루를 넣어준 후 잘 비벼주시면 아이반찬 탱글탱글 고소한 도토리묵김무침이 완성됩니다. 맛있게 드세요.']","['도토리묵요리', '도토리묵무침', '도토리묵김무침', '묵무침하는법', '아이도토리묵', '아이반찬', '묵김무침하는법', '슬기로운집밥']","['1/2모', '1봉', '1T', '0.5T', '1T', '', '1T']"
18,밑반찬,,,,매운빨간콩나물무침 레시피 매일반찬,https://www.10000recipe.com/recipe/7025833,"15,823",라피네,4인분,15분 이내,초급,"['콩나물', '대파', '고추가루', '맛소금', '멸치액젓', '국간장', '참기름', '통깨']",큰아이가 오랜만에 요청한 매운빨간콩나물무침입니다.,"['콩나물 300G을 잘 세척해 끓는 물에 넣고 3~4분정도 삶아줍니다.\n볼\n,\n채반\n,\n냄비\n콩나물', '콩나물을 삶는 동안 대파 반대를 잘게 다지듯이 썰어주세요.\n도마\n,\n조리용나이프\n대파 손질법', '콩나물이 익으면 찬물에 헹궈 열기를 빼준 후 볼아담아줍니다.', '고추가루 1.5T 흩뿌려주고', '멸치액젓1T, 국간장1T, 맛소금 0.3T넣어주세요.', '그리고 참기름도 적당히 넣어주고', '으깬 통깨를 적당히 넣어준 후 조물조물 무쳐주시면 완성입니다.\n위생장갑', '매콤 고소한 빨간콩나물무침 완성입니다. 콩나물 잘게 잘라 밥이랑 슥슥 비벼먹어도 맛있어요.\n접시']","['콩나물요리', '콩나물무침', '매운콩나물무침', '빨간콩나물무침', '매일반찬', '밑반찬만들기', '콩나물반찬', '콩나물무침레시피']","['300g', '1/2대', '1.5T', '1/3T', '1T', '1T', '1T', '']"
19,밑반찬,,,,#최애반찬#소세지강정,https://www.10000recipe.com/recipe/6933414,"171,429",심킹카,2인분,20분 이내,초급,"['비엔나 소세지', '양파', '캐첩', '간장', '설탕', '식초', '굴소스', '올리고당']","아이들의 최애반찬!
저 또한 소세지 반찬만 있으면
밥 뚝딱이랍니다.
밥도둑 도시락 반찬이자
술안주로도 최고 최고ㅋㅋ","['소세지 슥슥 칼집을 넣어주세요.', '끓는 물에 살짝 데쳐 주세요.\n데쳐주면 기름기도 빠지고 칼집도 선명해진답니다.', '캐첩 5스푼, 간장 1스푼, 굴소스 1스푼, 설탕 1스푼, 식초 1스푼을 넣고 양념장을 만들어 주세요.\n다진마늘을 약간 넣어주면 양념치킨 맛이 나요.', '달군팬에 양파 등을 볶아주세요.', '데친 소세지를 넣어주세요.', '양념장을 넣고 달달 볶아주세요.', '윤기 및 달달한 맛을 추가하기 위해 올리고당 한바퀴만 둘러주면 밥도둑 최애반찬 완성입니다.']","['소세지볶음', '쏘야볶음', '양념치킨', '술안주', '밥도둑', '밑반찬', '도시락반찬', '아이반찬', '야식', '햄']","['30개', '1개', '5큰술', '1스푼', '1스푼', '1스푼', '1스푼', '1스푼']"
20,밑반찬,,,,청경채 된장 무침으로,https://www.10000recipe.com/recipe/7003487,"38,548",요리재능발견,3인분,20분 이내,아무나,"['청경채', '쪽파', '된장또는 쌈장', '간마늘', '고춧가루', '설탕', '매실액', '들기름', '통깨']",청경채는 샤브샤브와 볶음으로만 만들었는데 샤브샤브 해먹고 남은 청경채를 초간단 된장 무침 만들었어요 이웃님도 저처럼 청경채 남으면 만들어 보세요 된장에 들기름 넣고 무쳐도 은근 맛있어요,"['청경채는 한 잎 한 잎 떼어서 씻어주세요', '끓는 물에 소금을 넣고 30초 ~1분 미만으로 데쳐주세요', '데친 청경채를 찬물에 헹궈서 물기를 빼주세요', '데친 청경채를 먹기 좋게 잘라서 볼에 담아요 그리고 된장 고춧가루 매실액 설탕과 들기름까지 넣고 조물조물 무쳐주세요', '마지막 통깨와 송송 썬 쪽파까지 넣고 무쳐서 완성해 주세요', '역시 나물은 들기름에 무쳐야 맛있어요 된장과 들기름 그리고 아삭한 청경채가 조화로워요']","['청경채된장무침', '청경채된장으로무치기', '청경채나물', '청경채', '청경채무침']","['150g', '2개', '또는 쌈장', '1/2스푼', '1/2스푼', '1/3스푼', '1스푼', '1스푼', '1/2스푼']"
21,밑반찬,,,,부추 겉절이 만드는 법,https://www.10000recipe.com/recipe/7077884,888,호수맘,5인분,20분 이내,아무나,"['부추', '양파', '당근', '고추가루', '액젓', '다진마늘', '설탕', '새우젖', '통깨', '파']","부추 겉절이는 간단하게 만들 수 있으면서도 입맛을 돋구는 밑반찬입니다.
누구나 쉽게 따라할 수 있는 부추 겉절이 황금 레시피 소개합니다.","['부추는 깨끗이 씻어 물기를 제거한 뒤 4~ 5센치 길이로 썰어주고 양파도 채썰어 함께 준비해주세요.', '큰볼에 고추가루 액젓 설탕 다진 마늘 새우젓 파 넣고 골고루 섞어 양념장을 만들어 주세요', '썰어놓은 부추와 양파를 양념장에 넣고 살살 버무려줍니다. 부추는 쉽게 숨이 죽기 때문에 너무 세게 무치지않는것이 중요합니다', '통깨를 뿌려 한 번 더 가볍게 섞어주면 아삭한 부추겉절이 완성입니다.']","['부추겉절이', '부추무침.부추겉절이황금레시피.밑반찬.집밥반찬.반찬레시피']","['300g', '2/1개', '2/1', '2T', '1T', '1T', '1T', '1T', '1T', '1줌']"
22,밑반찬,,,,"즉석,오이 부추 무침(백종원양념)",https://www.10000recipe.com/recipe/7029407,"19,817",달콤스윗맘,2인분,20분 이내,아무나,"['오이', '부추', '양파', '매운 고추선택', '고추장', '고춧가루', '간장', '식초', '참기름', '설탕', '올리고당', '다진마늘', '통깨']",냉장고에 오이 있으세요? 밥 반찬 없으시다면 후다닥~ 양념에 무쳐 맛나게 즐겨보세요.,"['오이는 어슷썰고 양파는 얇게 채 썰고 부추는 5cm 길이로 썰어 주세요.\n도마\n,\n조리용나이프\n,\n볼\n오이 손질법', '양념을 넣어주고 잘 버무려줍니다.\n위생장갑\n단맛이 싫으시면 올리고당을 반으로 줄여주세요.', '통깨 톡톡 부려주면 오이 무침 완성입니다.']","['오이부추무침', '오이무침', '오이무침양념']","['1개', '1줌', '1/4개', '선택', '1큰술', '1큰술', '1큰술', '1큰술', '1큰술', '1큰술', '1큰술', '0.5큰술', '톡톡']"
23,밑반찬,,,,"고소한 맛이 좋은 밑반찬, 애호박버섯볶음 만들기(새우젓없이 만들기)",https://www.10000recipe.com/recipe/6991123,"57,495",꼬꼬부기,4인분,30분 이내,초급,"['느타리버섯', '애호박', '식용유', '다진마늘', '소금', '참기름', '후춧가루']","오늘은 집에 있는 애호박과 느타리버섯을 함께 볶아봤는데요. 보통은 애호박을 볶을때 새우젓을 넣고 만드는데요, 오늘은 새우젓없이 별다른 양념이 들어가지는 않았지만 재료 본연의 맛을 살려 맛있게 만들 수 있는 레시피로 요리해 봤어요.","['느타리버섯 2팩을 뜯어서 끄트머리의 더러운 부분을 칼로 잘라 정리해 주세요.', '그리고 물에 살짝 씻은 후에 결대로 찢어주세요.', '애호박 양쪽의 꼭지를 잘라낸 후에 반으로 갈라서 반달모양으로 썰어주세요.', '냄비에 손질한 애호박과 느타리버섯을 넣고 다진마늘 1T를 넣어 주세요.', '식용유 3T와 소금 0.5T를 넣어 주세요.', '이제 센불로 볶아주면 되는데요. 버섯은 물이 많이 나와요. 이 때 물이 다 졸아들때까지 졸이며 익혀주면 됩니다.\n센불\n아삭한 애호박을 먹고 싶다면 버섯을 먼저 볶다가 애호박을 나중에 넣어 주세요.', '국물이 다 졸면 불을 꺼주세요. 그리고 참기름 0.5T와 후춧가루 조금, 마지막으로 깨소금 0.5T를 넣고 섞어주세요.', '애호박버섯볶음 완성이에요.']","['애호박볶음', '애호박버섯볶음', '버섯볶음']","['400g', '2개', '3T', '1T', '0.5T', '0.5T', '조금']"
24,밑반찬,,,,단무지무침 레시피 밑반찬 만들기 치자 단무지무침,https://www.10000recipe.com/recipe/7067844,"2,883",써지니,2인분,10분 이내,아무나,"['단무지 1팩', '설탕밥 숟가락계량', '고춧가루밥 숟가락계량', '참기름밥 숟가락계량', '대파', '통깨']","단무지는 새콤하면서 아삭하기 때문에 자주 구매하여 밑반찬으로 양념 없이 그냥 먹기도 하지만, 조금 더 단무지를 맛있게 먹고 싶을 때에는 간단한 단무지무침 양념을 넣고 무쳐 먹으면 짝꿍도 찬으로 조금씩 먹고 있지만 오히려 제가 단무지무침을 더 먹고 있어요.","['단무지 팩에 들어있는 물을 버리고 단무지 한 팩을 준비합니다.', '단무지를 채반에 쏟은 다음에 흐르는 물에 세척하고,물기가 빠지도록 탁탁 털어서 준비하면 되세요.', '단무지 물기를 빼고 곰곰히 생각해보니 단무지 크기가 약간 큰 거 같아서 한 입에 쏘옥 먹기 좋도록 반 씩 자르면서 볼에 담은 다음에', '설탕 0.4큰술,\n큰술: 밥 숟가락 기준', '고춧가루 1큰술,\n큰술: 밥 숟가락 기준', '참기름 0.5큰술,\n큰술: 밥 숟가락 기준', '송송 썬 대파와 통깨를 넣고', '일회용 장갑을 끼고 단무지에 양념이 골고루 입혀지도록 조물조물 버무려주면 단무지무침 레시피 완성입니다.', '단무지는 기본적인 간이 되어 있기 때문에 간을 추가하지 않아도 되지만, 새콤한 단무지무침을 좋아하는 분은 식초를 살짝 추가하고 다시 버무려주면 되세요.']","['단무지무침', '단무지무침레시피', '치자단무지무침', '단무지요리', '간단한밑반찬만들기', '밑반찬만들기', '밑반찬종류', '밑반찬레시피', '치자단무지', '밑반찬']","['200g', '밥 숟가락계량', '밥 숟가락계량', '밥 숟가락계량', '약간', '솔솔솔']"
25,밑반찬,,,,여름반찬 아삭오이고추 만능된장무침 레시피,https://www.10000recipe.com/recipe/7029097,"13,754",햇살머금은집,2인분,5분 이내,아무나,"['오이고추', '된장', '고춧가루', '통깨', '올리고당', '참기름']",그냥 먹어도 맛있는 아삭오이고추 된장으로 맛있게 무쳐 볼게요.,"['아삭하고 구수한 오이고추 된장무침 만들기 해 볼께요.', '두선 오이고추를 세척해 물기를 빼고 적당한 크기로 잘라서 볼에 담아 주세요. 그리고 된장1t를 넣고\n도마\n,\n조리용나이프\n,\n볼\n,\n스푼', '고춧가루1/2t를 넣어 주세요.', '그리고 올리고당1t을 넣고', '통깨약간.참기름1t을 넣어 주세요.', '그리고 조물 조물 무쳐주면 맛있는 오이고추 된장 무침이 완성이 된답니다.\n접시']","['오이고추무침', '된장오이고추무침', '된장오이고추무치기', '오이된장무침', '아삭오이고추무침', '오이고추무치기', '오이고추된장무침', '된장오이구추무침']","['3개', '1t', '1/2t', '약간', '1t', '1t']"
26,밑반찬,,,,새송이 버섯 들깨 무침 만드는 법,https://www.10000recipe.com/recipe/7082872,540,호수맘,4인분,20분 이내,아무나,"['새송이', '구매', '들깨가루', '진간장', '참치액젓', '후추', '들기름', '통깨']",오늘은 냉장고에 있는 새 송이버섯으로 간단하게 만들 수 있는 새송이버섯들께 무침 만들어 봤어요.,"['새송이 버섯은 깨끗이 씻어\n밑동을 살짝 잘라내고 감자 깍는칼로 길쭉하게 썰어 주세요.', '전자레인지에 2분30초 돌리고 버섯은\n체받에받처주세요\n한김나가면 살짝 짜주세요', '양념을 만들어주세요\n들깨 2 큰술 /진간장 2/3/참치액젓: 0.5큰술/후추 약간/들기름 1 큰술 통깨 1/2큰 술넣고 양념을 만들어주세요', '새송이 데친곳에 양념을넣고 버무려주세요']","['새송이버섯', '새송이버섯무침.', '새송이버서', '들깨무침', '믿반찬', '집반찬', '버섯반찬']","['3개', '', '2T', '2/3T', '1/2T', '약간', '1T', '1/2T']"
27,밑반찬,,,,시금치 계란 볶음 레시피 다이어트 반찬,https://www.10000recipe.com/recipe/7017809,"23,163",춤추는루나,4인분,30분 이내,아무나,"['시금치', '계란', '버터', '다진 마늘', '소금', '올리브유', '소금']",계란은 단백질이 풍부하고 칼로리가 낮아 다이어트에 좋은 식품! 또 계란 노른자에는 루테인 성분이 풍부하여 눈 건강에도 도움이 되며 탈모 예방에도 효과적이라고 해요. 이렇게 몸에 좋은 두 가지 재료를 함께 볶아낸다면 얼마나 맛있게요? ​시금치 계란 볶음 레시피 바로 시작할게요.,"['먼저 시금치는 흐르는 물에 깨끗이 씻어줍니다.\n채반', '볼에 계란 4개를 풀어준 후 소금 한 꼬집 넣어 간을 해줍니다.\n볼', '달군 팬에 올리브유를 두르고 계란물을 부어 스크램블 해주세요. 계란이 익기 전에 젓가락으로 마구마구 저어가면서 몽글몽글하게 스크램블 에그를 만들어줍니다. 스크램블 에그는 80% 정도만 익혀주세요.\n프라이팬\n,\n조리용젓가락', '계란이 80% 로만 익으면 따로 접시에 담아줍니다.\n접시', '이제 다시 팬에 버터와 다진 마늘을 넣고 버터에 마늘을 익혀주세요.\n조리용스푼', '깨끗이 씻어둔 시금치를 모두 넣고 볶아줍니다. 소금 약간 넣고 달달 볶다가 시금치의 숨이 죽으면', '미리 만들어둔 스크램블 에그를 넣고 살짝만 볶아주면 백종원 시금치볶음 완성입니다.']","['시금치계란볶음', '시금치볶음', '백종원시금치볶음', '계란볶음레시피', '다이어트반찬', '시금치', '계란', '다이어트', '반찬']","['150g', '4개', '20g', '1T', '약간', '1T', '1꼬집']"
28,밑반찬,,,,브로콜리 두부 무침 맛있게 만드는 법,https://www.10000recipe.com/recipe/7043912,"3,349",쑤니이,2인분,30분 이내,아무나,"['브로콜리', '두부', '소금', '다진 마늘', '국간장', '참치액', '참기름', '깨']",명절 동안 살 찔 음식들을 먹었으니까 이제 건강한 음식을 만들어서 또 먹어야죠! 두부랑 브로콜리는 건강식으로도 다이어트 음식으로도 너무 좋은 음식이죠!! 두부랑 브로콜리는 건강하게 먹을려고 마트에 가면 항상 사 가지고 와서 쟁여 놓고 먹고 있어요. 브로콜리 두부 무침은 아이들 반찬으로도 좋고 어른들 건강식으로도 넘 좋은 음식이에요!! 언제 먹어도 너무 맛있어요 ㅎㅎ,"['브로콜리는 물에 식초를 넣고 10분간 담가 주세요. 식초 물에 담가둔 브로콜리는 여러 번 씻어서 체에 받쳐 주세요\n볼\n브로콜리 손질법', '냄비에 물이 끓으면 소금 0.5t를 넣고\n냄비\n,\n숟가락\n,', '씻어 놓은 브로콜리를 넣고 데쳐 주세요', '데친 브로콜리는 찬물에 세 번 정도 헹궈 주세요. 브로콜리는 잘게 찢어서 체에 받쳐 물기를 빼 주세요!\n채망', '두부 반모는 흐르는 물에 씻어서 끓는 물에 데쳐 주세요', '데친 두부는 건져서 물기를 최대한 싹 다 빼 주세요. 면보가 있으면 면보에 넣고 빼 주세요. 전 면보가 없어서 그릇에서 쫙 뺐어요 ㅎㅎ\n면보\n,\n접시', '볼에 다가 물기 뺀 두부를 잘게 으깨어 주세요', '잘게 으깬 두부 위에 다가 데친 브로콜리를 넣어 주세요', '다진 마늘 0.5t를 넣어 주세요', '국간장 1T를 넣어 주세요', '참치액 1T를 넣어 주세요', '참기름 1T를 넣어 주세요', '깨 2T를 넣어 주세요. 깨는 취향에 따라 가감 해주세요!', '재료에 양념을 다 넣고 살살 버무려 주세요', '그릇에 담아 내면 맛있는 브로콜리 두부 무침이에요!\n그릇']","['브로콜리', '두부', '무침', '브로콜리두부무침', '브로콜리두부무침만드는법', '건강한식단', '다이어트음식', '밑반찬', '맛있는반찬']","['1개', '1/2모', '0.5t', '0.5t', '1T', '1T', '1T', '2T']"
29,밑반찬,,,,달래장 만들기 황금 레시피 밥도둑 달래간장 만드는 법,https://www.10000recipe.com/recipe/7077624,550,호수맘,4인분,20분 이내,아무나,"['달래', '간장', '고추가루', '다진마늘', '참기름', '통깨']",봄향기 가득한 달래로 만든 달래장은 따뜻한 밥에 비벼 먹기만 해도 정말 맛있는 반찬이에요 비빔밥양념장으로도 너무좋아요,"['달래는 뿌리 부분이 흙이 많기 때문에 깨끗하게 씻는 것이 중요해요. 뿌리를 살살 문질러 씻고 누런 잎을 제거해주세요. 물기를 털어내고 머리부분을 칼등으로 눌러서 2~3cm 길이로 송송 썰어주세요.', '달래장 만들기\n볼에 간장 고춧가루 을 넣고 섞어주세요.', '참기름깨소금 달래를 넣고 섞어주시면. 맛있는달래장완성입니다']","['달래장', '비빔장.밑반찬.나물비빔밥양념장.맛있는달래장.집반찬']","['50g', '6T', '1T', '1T', '1T', '1T']"
30,밑반찬,,,,단짠단짠 고기없이깊은맛! 메추리알장조림만드는법표고버섯장조림,https://www.10000recipe.com/recipe/7074106,"2,109",호수맘,6인분 이상,60분 이내,초급,"['표고버섯', '구매', '진간장', '설탕', '깨소금', '참기름', '깐메추리알']","메추리알장조림.표고버섯장조림
레시피 공유합니다","['매추리알은 깨끗이 씻어주세요\n물250ml에. 간장5큰술 알육수하나넣고 강불로 끊다가 중약불로 해주세요', '메추리알이 색이스며들고 물이약간졸으면\n표고버섯8등분한거 4개를 다넣고졸여 주세요 불은 중약불입니다', '국물이 어느정도 졸여지면. 설탕4숟가락 넣어주면서 깨소금 참기름넣고 섞어주면 맛있는 표고버섯 장조림완성입니디']",['메추리알.메추리알장조림.메추리.표고버섯장조림.집밥반찬'],"['4개', '1개', '5큰술', '4큰술', '1큰술', '1큰술', '500g']"
31,메인반찬,,,,칼칼한 양념이 쏙 배어 무까지 맛있는 갈치조림 레시피,https://www.10000recipe.com/recipe/7082774,285,에궁이궁,2인분,30분 이내,아무나,"['갈치', '양파', '감자', '무', '대파', '국간장', '고춧가루', '미림', '참치액', '설탕', '다진마늘', '고추장', '후추', '생강가루']","갈치 조림​에 무와 감자까지 넣고 조려서 밥은 조금만 먹어야지...
하지만 결과는 입이 지대로 터져 버린 갈치조림 레시피예요.
추추의 한끼식사 유튜브레 소개된 갈치조림을 참조해서 집에 있는 재료를 추가로 더 넣고
만들었어요.","['감자는 3등분 잘라주고, 무는 부채꼴 모양으로 썰어 주세요.\n-> 냄비에 무와 감자를 담아 주고 물350ml와 국간장 4큰술을 넣고 끓여줘요.\n* 강불로 끓이다가 끓어 오르면 중불에서 5분정도 끓여주세요.', '양파는 굵직하게 채 썰어주고, 대파는 어슷썰어 주세요.\n청양고추 2개, 홍고추 1개를 잘게 다져 주세요.', '고춧가루, 미림은 4큰술씩 넣어주고, 참치액 3큰술, 설탕 2큰술, 다진마늘 1.5큰술, 고추장 1큰술, 생강가루 (=다진생강) 0.5큰술, 후추추 그리고 다진 고추를 넣고 잘 섞어주면 양념장 완성입니다.\n* 영상에서는 양념장 처음부터 물 한컵을 같이 넣고 만들었지만 물만 생락하고 양념장을 만들어 줬어요.', '잘익은 무 위에 갈치를 올려 줘요.\n-> 갈치 위에 양념장 2/3 정도 넣어 주고, 썰어 놓은 대파와 양파를 담아 주세요.\n* 양념장을 처음부터 다 넣지 않고 조리면서 부족하면 넣어 주려고 1/3 정도는\n남겨 줬어요.\n-> 물 100ml를 붓고 뚜껑닫고 중강불에서 10분 ~15분간 조려 주세요.', '갈치조림 완성입니다.']","['갈치조림', '갈치조림레시피', '추추의한끼식사갈치조림']","['2마리', '1/2개', '3개', '168g', '1/2대', '4큰술', '4큰술', '4큰술', '3큰술', '2큰술', '1.5큰술', '1큰술', '취향껏', '1/2큰술']"
32,메인반찬,,,,급진급빠 다이어트 순두부장 만들기 양념 속편한 순두부요리 레시피,https://www.10000recipe.com/recipe/7064116,"4,900",haru,3인분,10분 이내,아무나,"['순두부', '양파', '대파', '간장', '맛술', '설탕', '물', '참기름', '통깨']","빠르게 만들 수 있는 요리로 순두부장을 만들었습니다.
요 며칠 사이에 몇 번이나 만들어 먹었는데 먹을 때마다 고개를 끄덕이게 되는 맛이에요.
순두부와 간장양념 떠서 밥에 비벼 먹으면 입맛 없는 날도 완밥이 가능해집니다.
​","['대파는 송송 썰고 양파는 잘게 다져 줍니다.', '순두부는 봉지째 반 잘라 유리용기에 담고 칼로 그어 먹기 좋은 두께로 잘라 주세요', '전자레인지용 용기에 간장 80ml , 맛술 2스푼 , 설탕 1스푼반 , 물 160ml를 넣고 설탕이 녹도록 저은 뒤 랩을 씌우고 전자레인지로 2분간 끓여 줍니다.\n양념을 끓이면 마늘과 파의 매운맛이 줄어들면서 더 깊은 맛으로 만들 수 있습니다.', '유리용기에 담은 순두부에 끓인 양념장을 부은 뒤 양념장 위에 자른 대파와 양파,참기름과 통깨를 뿌려 완성합니다.']","['순두부', '간장', '순두부양념장', '순두부요리']","['2봉지', '1/2개', '1/2대', '80ml', '2스푼', '1+1/2스푼', '160ml', '', '']"
33,메인반찬,,,,**초간단별미 반건조 노가리조림**,https://www.10000recipe.com/recipe/7082265,159,도드리여사,4인분,30분 이내,초급,"['반건조 노가리', '홍고추', '청양고추', '마늘', '대파', '진간장', '어간장', '물엿', '올리고당', '생강청', '맛술', '물']","손주들이 너무 좋아해서 최근에 노가리조림만 몇 번을 만들었는지 몰라요.
노가리 특유의 감칠맛과 깔끔한 식감이 정말 맛있어요.
어른들은 물론이고 아이들도 맛있다며 좋아하는 반찬이에요. 밥반찬으로도 좋고, 밥 위에 올려 먹어도 정말 맛있는 추억의 노가리조림이에요.
어렵지 않으니 꼭 한번 시도해보세요. 입맛 살아날 거에요.","['준비된 재료(홍고추,청양고추,마늘,대파)를 썰어주세요', '양념장을 만들어주세요\n(진간장4T 어간장1T 물엿1T 올리고당2T 생강청1T 맛술2T 마늘1T 물250ml)', '노가리를 깨끗이 씻은 후 반으로 잘라주세요.', '팬에 식용유를 두르고 노가리를 살짝 볶아줍니다. 이렇게 먼저 볶아주면 살이 쉽게 부서지지 않고 조림도 훨씬 깔끔하게 완성돼요.', '노가리가 살짝 볶아지면 그 위에 준비해둔 양념장과 채 썰어놓은 홍고추, 청양고추, 대파를 넣고 중불에서 졸여주세요.', '양념이 노가리에 잘 배도록 졸여주면서 국물이 거의 없어질 때까지 조려줍니다.', '마지막에 참기름과 통깨를 넣어 마무리하면 완성!']","['노가리조림', '반찬', '간편요리', '손주요리', '건강식', '해산물조림', '아이반찬', '별미', '조림', '요리팁']","['13마리', '1개', '1개', '1T', '1/2개', '4T', '1T', '1T', '2T', '1T', '2T', '250ml']"
34,메인반찬,,,,♥[신혼밥상] 10분 뚝딱 양배추참치덮밥,https://www.10000recipe.com/recipe/6979508,"8,973",행복한윤블리네,2인분,10분 이내,아무나,"['양배추', '참치캔', '대파', '후춧가루', '참기름', '통깨', '고추장', '고춧가루', '굴소스', '간장', '설탕', '맛술', '다진마늘']","자취생 모여라!!
10분 뚝딱 한그릇 메뉴!
냉장고 파먹기 딱 좋은 요리 소개~~
아삭 양배추&담백 참치 밥 위에 슥슥
만개님들 집밥 한끼 드시러 오세요.","['위에 좋은 양배추랑 자취생 필수 참치캔 준비!', '대파 송송', '양배추 채썰기', '(밥숟가락 계량)\n고추장 1, 고춧가루 1, 설탕 0.5, 간장 1, 다진마늘 0.5, 굴소스 1, 맛술 1 양념장 만들기', '채썬 양배추를 넣고 식용유 빙빙~\n숨이 살짝 죽을만큼 달달 볶기', '양배추가 투명해질 때 양념장 넣고 달달 볶기', '참치캔 탈탈', '대파 팍팍 후춧가루 적당히\n중불에서 맛있게 볶아주기', '가스불 끄기 직전 참기름 톡!', '통깨 넣고 밥 위에 올려주면 양배추참치덮밥 완성\n달걀프라이+김 솔솔= 슥슥 환상의 궁합!\n달걀프라이 노른자 톡 터트려 함께 비벼드시면 핵꿀맛!']","['신혼밥상', '양배추', '참치캔', '양배추참치덮밥', '덮밥', '한그릇', '집밥', '만능쿡', '브런치', '자취생']","['1/4통', '1캔', '1대', '적당량', '1티스푼', '적당량', '1스푼', '1스푼', '1스푼', '1스푼', '1/2스푼', '1스푼', '1/2스푼']"
35,메인반찬,,,,모밀 콩국수 만들기 고소하고 시원한 콩국수 황금 레시피,https://www.10000recipe.com/recipe/7080734,468,호수맘,2인분,20분 이내,아무나,"['구매', '참외', '도토리묵', '콩국', '얼음', '구매', '토마토', '깨소금', '소금']","더운 날에는 시원하고 고소한 콩국수 한 그릇생각나지요
오늘은 도토리묵과 참외로고명 올린 콩국수만들어봤어요","['콩국은 에버홈으로 만들어놓고\n끓는물에 모밀넣고3~4분삶아\n흐르는물로 헹궈주세요', '참외는씨를빼고 썰어주세요\n토마토 찐계란 묵도 썰어준비해주세요', '그릇에 얼음 삶은모밀 콩국 넣고 위에 고명으로 묵 참외 토마토 계란 올려주시고 깨소금올려주면\n시원하고 맛있는 모밀콩국수완성입니다']","['모밀콩국수', '모밀콩국수레시피', '콩국만들기', '여름별미', '모밀요리']","['200g', '1/2개', '100g', '3컵', '약간', '1개', '4조각', '약간', '약간']"
36,메인반찬,,,,매콤하게 구워 더 맛있는 새송이버섯 매콤구이 레시피 (1봉지로 만드는 초간단 반찬),https://www.10000recipe.com/recipe/7073279,"2,514",밥심은국력,2인분,30분 이내,초급,"['새송이버섯', '진간장', '참기름', '고춧가루', '고추장', '물엿', '검은깨', '통깨']",안녕하세요? 밥심은 국력입니다. 요즘 새송이버섯은 가격도 부담 없고 식감이 좋아서 자주 사게 되는 재료 예요. 특히 새송이버섯은 고기처럼 쫄깃한 식감이 있어서 구워 먹으면 정말 맛있죠. 오늘은 새송이버섯 1봉지로 만드는 매콤한 밑반찬을 만들어 봤어요. 고소한 참기름으로 밑간을 한 뒤 매콤한 양념장을 발라 구워주면 밥 반찬으로 딱 좋은 새송이버섯 매콤구이가 완성됩니다. 조리 방법도 간단해서 집에서 금방 만들 수 있는 레시피예요. 유투브에서 보고 만들었어요. 그럼 새송이버섯 매콤 구이를 만들어 볼게요.,"['새송이 버섯을 준비해요.', '새송이버섯은 밑동을 살짝 정리 해요.', '0.5cm 정도 두께로 옆으로 썰어 모양을 살려 준비합니다. 이렇게 썰면 구웠을 때 버섯 결이 살아 식감이 좋아요.', '진간장 1큰술, 참기름 3큰술 을 넣어 가볍게 버무려 밑간용 유장을 만들어요.', '새송이버섯을 밑간을 합니다.', '볼에 고춧가루 1큰술, 진간장 1큰술, 고추장 1큰술, 참기름 1큰술, 물엿 1큰술을 넣고 잘 섞어 매콤 달콤한 양념장 을 만들어 주세요.', '마른 팬을 중불로 달군 뒤 밑간한 새송이버섯을 올려 천천히 익혀줍니다.', '버섯이 노릇해지기 시작하면 준비한 양념장을 앞면에 발라 구워주세요.', '실리콘솔로 양념을 발라주면 편리해요.', '버섯을 뒤집은 뒤 반대쪽에도 양념장 을 발라 살짝 더 구워줍니다.', '먹음직스럽죠?', '재료가 간단해서 좋은 레시피 입니다.', '마지막으로 통깨와 검은깨를 뿌려 마무리하면 완성입니다. 새송이버섯 매콤 구이 완성!', '맛 표현 한입 먹으면 새송이버섯 특유의 쫄깃한 식감이 살아 있고 참기름의 고소함에 매콤달콤한 양념이 입맛을 확 살려 줍니다. 버섯이지만 마치 매콤한 버섯 스테이크 처럼 느껴지는 맛이라 밥 위에 올려 먹어도 정말 맛있는 반찬이에요.']","['새송이버섯매콤구이', '새송이버섯구이', '새송이버섯', '버섯요리', '새송이버섯요리']","['1봉지', '2큰술', '4큰술', '1큰술', '1큰술', '1큰술', '약간', '']"
37,메인반찬,,,,레드벨벳 슬기님의 컴백 전 관리비결!,https://www.10000recipe.com/recipe/7052506,"8,408",돼솜이,1인분,10분 이내,아무나,"['두부', '팽이버섯', '진간장', '알룰로스', '다진마늘', '물', '굴소스']",요 레시피 레드벨벳 슬기님이 자주 해먹으신다는 레시피인데 짝꿍이 먹어보더니 불고기 같대요~,"['두부 반 모 노릇하게 구워서 접시에 올려주세요\n도마\n,\n조리용나이프\n,\n프라이팬\n,\n접시', '팽이버섯 반 봉지 구워주다가\n프라이팬\n,\n조리용스푼\n팽이버섯손질법', '진간장1T, 알룰로스1T, 굴소스0.5T, 다진마늘1T, 물2T 섞어서 소스만들어 부워 졸여주세요', '두부 위에 올려주면 끝!']","['두부', '팽이버섯', '다이어트', '버섯조림', '두부조림', '다이어트레시피']","['1/2모', '1/2봉지', '1T', '1T', '1T', '2T', '0.5T']"
38,메인반찬,,,,[스팸마요덮밥] 업그레이드 비법소스로 간단히 만드는 한끼식사 | 신혼밥상,https://www.10000recipe.com/recipe/7040785,"14,459",쑤블리,2인분,20분 이내,아무나,"['스팸200g', '계란', '김가루', '마요네즈', '케첩', '맛술', '물엿', '물', '진간장', '굴소스']",남편이 좋아하는 스팸으로 기존 스팸마요덮밥과 다르게 업그레이드 버전으로 준비했어요~,"['스팸 1캔(200g), 계란 4개를 준비해주세요~ (스팸 아니고 리챔도 괜찮아요!)', '스팸은 먹기좋은 크기로 잘라서 준비해주세요~\n도마\n,\n조리용나이프', '이제 양념을 만들어줄게요~ 일단 맛술 1+1/2T\n소스볼\n,\n숟가락', '물엿 1+1/2T', '케첩 1+1/2T', '굴소스 1/3T', '진간장 1/3T을 넣고 섞어주시면 양념 끝~!', '프라이팬에 기름을 둘러주시고 잘라놓은스팸을 넣어주신 후 잘 익도록 구워주세요.\n프라이팬\n,\n조리용스푼', '구워주셨으면 만들어놓은 양념을 넣고', '물 1+1/2T을 넣고', '졸이듯이 볶아주신 후 한쪽으로 몰아주고', '계란 4개를 넣고', '스크램블을 해주세요~', '밥 위에 스팸, 계란 김가루를 예쁘게 올리고\n완성그릇', '마요네즈까지 뿌리고 쓱쓱 비벼주면~!!', ""원래 맛있지만 더 더 맛있는 '스팸마요덮밥' 완성~!!""]",['스팸마요덮밥'],"['200g', '4개', '조금', '조금', '1+1/2T', '1+1/2T', '1+1/2T', '1+1/2T', '1/3T', '1/3T']"
39,메인반찬,,,,밥도둑 반찬 고추장 달걀조림 만들기!TV 알토란 레시피,https://www.10000recipe.com/recipe/6915088,"352,764",뽀유TV,3인분,20분 이내,아무나,"['달걀', '양파', '청양고추', '쪽파또는 대파', '멸치육수', '고추장', '고춧가루', '진간장', '설탕', '물엿', '참기름', '깨', '후추']",평소 간장을 베이스로 한 계란장조림을 만들어 먹는 편인데요. TV알토란에서 고추장을 베이스로 계란 장조림을 만들길래 저도 만들어 봤는데 우왕! 진짜 맛있어요. 뜨끈한 밥에 비벼 먹으니 밥도둑이 따로 없네요^^,"['먼저 물에 소금1T,식초1T를 섞어 달걀을 7-8분 반숙으로 삶아 줍니다.', '달걀이 삶아지는 동안 양파는 굵게 채 썰고 청양고추도 큼직큼직 썰어주셔요', '달걀이 삶아지면 얼음물에 바로 행궈 껍질을 깔끔히 잘 벗겨 줍니다.', '참기름과 깨를 제외한 모든 양념을 한곳에 미리 섞어주셔요.\n평소 단 것 싫으시면 설탕, 물엿은 조금 줄이셔도 됩니다', '냄비에 멸치육수를 넣고 양념을 잘 풀어 주신뒤 끓여줍니다.', '양념이 끓기 시작하면 양파와 청양고추를 넣고 끓여줍니다.', '양념이 반정도 졸아들었다 싶을때 반숙달걀을 투하 해줍니다.이대로 약 2분정도 더 끓여주시면서 달걀에 색이 입혀지게 국물을 끼얹어 주세요', '마지막으로 참기름 2T와 깨1T를 넣고 잘섞어주시고 쪽파를 고명으로 올려주시면 끝!', '밥도둑 반찬 알토란 임성근님의 고추장 달걀조림 완성입니다^^', '한번 먹어보니 촉촉한 반숙달걀에 매콤달콤 양념이 어우려져 넘 맛있네요.꼭 떡볶이 양념같은게 은근 중독성 있고 정말 짱짱짱!뜨끈한 밥에 비벼 먹으면 밥 한공기 뚝딱 하게 됩니다^^']","['고추장', '달걀조림', '달걀', '장조림', '계란', '장조림', '알토란', '알토란', '레시피', '계란', '요리', '달걀', '요리', '반찬', '밥도둑', '밥도둑', '반찬']","['10개', '1개', '3개', '또는 대파', '1.5컵', '2T', '3T', '4T', '2T', '3T', '2T', '1T', '1ts']"
40,메인반찬,,,,쫄면 황금 레시피 새콤달콤 양념장으로 만드는 쫄깃한 쫄면,https://www.10000recipe.com/recipe/7079168,901,호수맘,2인분,30분 이내,아무나,"['쫄면400g', '양배추', '오이', '당근', '콩나물', '삶은달걀', '참기름', '깨소금', '고추장', '고추가루', '식초', '진간장', '올리고당', '다진마늘']",입맛이 없을 때 생각나는 메뉴 바로 쫄면입니다. 쫄깃한 면발에 새콤달콤한 양념장 아삭한 채소를 듬뿍 넣어 비벼 먹으면 더운 날씨에 한 그릇 뚝딱입니다.,"['양배추 오이 당근은 깨끗이 씻어 채썰어 준비합니다\n콩나물도 삶아 준비해 주세요.', '양념장은 모두 섞어. 준비해 주시고 10분 정도 숙성시켜주세요.', '끓는 물에 쫄 면을 3~4분 삶은 뒤 찬물에 여러 번 헹궈 전분기를 제거해 주세요', '충분히 물기를 뺀 면을 그릇에 담아 주세요.\n준비한 채소와 삶은 달걀을 올린 뒤\n양념장을 넣어 주세요. 마지막으로 참기름과 통깨를 뿌리면 새콤달콤한 쫄면 완성입니다.']","['쫄면', '쫄면레시피', '쫄면양념장', '쫄면만들기.', '분식레시피', '여름요리', '쫄면', '쫄면레시피', '쫄면양념장', '쫄면만들기.', '분식레시피', '여름요리']","['400g', '2컵', '1/2개', '1/3개', '100g', '1개', '약간', '약간', '4T', '1T', '4T', '2T', '2T', '1T']"
41,메인반찬,,,,대패 제육볶음 레시피 대패삼겹살 돼지 대패 두루치기,https://www.10000recipe.com/recipe/7030132,"22,943",뚜루,4인분,30분 이내,아무나,"['대패삼겹살', '대파', '양파', '설탕', '올리고당', '참기름', '통깨', '후추', '고춧가루', '고추장', '진간장', '다진마늘', '매실액', '맛술']","매일 먹어도 질리지 않는 주기적인 수혈이 꼭꼭 필요한 제육볶음입니다. 얇은 대패삼겹살로 볶아 간이 쏙 배어 더 부드럽고 맛있는 대패제육볶음, 간단하게 만들어 보세요 :)","['대패삼겹살 700g을 준비해 주세요', '대파는 얇게 채썰고 양파는 큼직하게 잘라주세요\n도마\n,\n조리용나이프', '고춧가루 3큰술, 고추장 2큰술, 진간장 5큰술, 다진마늘 1큰술, 매실액 1큰술, 맛술 2큰술을 넣어 양념장을 만들어 주세요\n소스볼\n,\n숟가락', '강불로 달군 팬에 대패삼겹살을 넣고 구워주세요\n프라이팬\n,\n요리집게', '이 때 양념이 고기에 잘 밸 수 있게 설탕을 1큰술 넣어주세요', '고기를 구우면서 나오는 물과 기름은 따라내주세요', '고기가 모두 익으면 야채와 양념장을 함께 넣고 볶아주세요\n요리스푼', '물이 생기지 않게 강불로 볶아주세요', '양념소스가 고기와 잘 어우러지면 올리고당 2큰술, 통깨 1큰술을 넣고 휘리릭 볶아주세요', '불을 끄고 후추 넉넉히, 참기름 2큰술 둘러 마무리해 주세요', '매콤달달한 대패 두루치기 완성입니다\n접시']","['대패삼겹살', '대패두루치기', '돼지고기두루치기', '고추장불고기', '대패제육볶음', '돼지고기제육볶음', '제육볶음', '메인메뉴']","['700g', '1/2대', '1개', '1큰술', '2큰술', '2큰술', '1큰술', '조금', '3큰술', '2큰술', '5큰술', '1큰술', '1큰술', '2큰술']"
42,메인반찬,,,,"베이컨 양배추 볶음, 진짜 쉬운 양배추 반찬 레시피",https://www.10000recipe.com/recipe/7072884,"3,666",Y큰손,2인분,10분 이내,아무나,"['양배추', '베이컨', '올리브유', '다진 마늘', '소금', '굴소스', '후추', '통깨']",조리시간은 짧고 실패할 일은 거의 없는 진짜 쉬운 양배추 반찬 자주 해먹게 되는 양배추 볶음,"['재료 준비', '양배추는 가볍게 씻고 1cm 정도 두께로 썰어주세요.', '베이컨은 2cm 정도로 썰어주세요.\n첨가물이 걱정되신다면 가볍게 헹궈 물기를 제거하고 사용해요. \u200b', '팬을 달군 후 올리브유 1T를 둘러 다진 마늘 1T를 넣고 향이 올라올 때까지 볶아요.\n올리브유 없으시면 식용유로 대체', '베이컨을 넣어 가볍게 볶아주세요.\n베이컨은 볶으면서 자연스레 풀어지니 떼어내지 않아도 괜찮아요.', '베이컨은 한쪽으로 밀고 양배추 넣은 후 올리브유 1T, 소금 0.5t를 넣어 양배추 숨이 죽을 때까지 볶아요.', '굴소스 1T를 넣고 양념이 어우러질 정도만 가볍게 볶아주세요.', '불 끄고 후추, 통깨 넣어 가볍게 섞으면 베이컨 양배추 볶음 완성.']","['양배추볶음', '양배추', '베이컨볶음', '베이컨', '양배추베이컨볶음', '반찬', '간단반찬']","['230g', '5줄', '2T', '1T', '0.5t', '1T', '약간', '약간']"
43,메인반찬,,,,"간단하게 만드는 밥도둑, 팽이버섯두부조림",https://www.10000recipe.com/recipe/7003451,"48,325",만개의레시피,2인분,20분 이내,아무나,"['두부', '팽이버섯', '대파', '간장', '맛술', '다진 마늘', '올리고당', '고춧가루', '후추']",지글지글 밥도둑 팽이버섯두부조림 팽이버섯 특유의 식감과 두부의 부드러운 맛이 만나 밥도둑이 됐어요. 팽이버섯과 두부를 함께 먹어도 좋고 따로 먹어도 맛있는 팽이버섯두부조림 이게 밥도둑 아닐까요?,"['두부는 약 1.5cm두깨로 썰어요.', '팽이버섯은 먹기 좋게 가닥가닥 가르고 반으로 잘라요.', '대파는 송송 썰어 준비해요.', '분량의 양념 재료를 섞어 양념장을 만들어요.', '예열된 팬에 들기름을 2숟가락 두르고 두부를 넣어 한쪽면을 노릇하게 구워요.', '두부를 뒤집어 준 후 팽이버섯을 올려요.', '팽이버섯 위에 양념장을 올리고 물을 80ml정도 부어 뚜껑을 닫아 약 3~5분간 익혀요.\n약불\n약불로 타지 않에 조려주세요.', '뚜껑을 열어 대파를 넣고 양념을 숟가락을 이용해 고루 펴 준 후 뚜껑을 닫아 1분간 익혀 완성해요.']","['팽이버섯두부조림', '두부조림']","['1모', '1봉', '15cm', '3숟가락', '1숟가락', '1숟가락', '2숟가락', '2숟가락', '약간']"
44,메인반찬,,,,참치카레 레시피. 참치캔하나로 완성하는 초간단집 밥,https://www.10000recipe.com/recipe/7079291,"1,269",호수맘,4인분,20분 이내,아무나,"['참치캔', '감자', '양파', '당근', '호박', '표고버섯', '올리브유', '물', '카레가루']",오늘은 냉장고 속 재료로 간단 하게 만들 수 있는 참치 카레를 소개합니다. 고기 대신 참치를 넣어 더욱 담백하면서도 감칠 맛이 살아 있는 레시피예요.,"['감자 양파 당근 애호박은 먹기 좋은 크기로 썰기 합니다.', '팬에 올리브유를 두르고 모든 재료를 넣어 주세요.그리고 3~4분볶아주세요', '볶은야채에 물을넣어주세요\n물은 야채가 잠길정도보다조금더넣어주세요\n물이끓기시작하고야채(당근)익은뒤 카레가루넣어주세요', '참치는 기름을빼고 올려주세요\n그리고1~2분끓여주면 맛있는 참치카레완성입니다']","['참치카레', '참치카레레시피', '카네만들기', '참치요리', '집밥레시피', '한그릇요리']","['1개', '2개', '1개', '1/2개', '1/3개', '1개', '3개', '400ml', '100g']"
45,메인반찬,,,,목우촌 집반찬 간편요리 마늘쫑 소시지 볶음,https://www.10000recipe.com/recipe/6913952,"138,716",농협목우촌,2인분,30분 이내,초급,"['프랑크소시지', '마늘쫑', '간장', '올리고당', '참기름', '통깨']","우리아이가 달라졌어요!! 야채라면 괴물만큼 싫어하는 우리아이, 마늘쫑에다 프라임 소시지를 넣고 같이 볶아주었더니 단짠단짠 ""마늘쫑 소시지 볶음""에 빠져버렸네요~
어른이한테도 맛있는 밥도둑~~함께 즐겨보실래요?","['프라임 꼬치구이 프랑크를 먹기좋은 크기로 썰어주세요.', '마늘쫑을 3~4cm 길이로 썰어주세요.', '펄펄 끓는물에 마늘쫑을 30초 데쳐주세요.', '소시지도 1분간 데쳐줍니다.', '후라이팬에 기름을 두르고 마늘쫑과 소시지를 넣고 볶아줍니다.', '간장2, 올리고당 1넣고 볶아줍니다', '마늘쫑이 어느정도 숨이 죽으면 참기름1, 통깨를 뿌리고 조금 더 볶아주세요.', '어른아이 모두 좋아하는 반찬~ 마늘쫑 소시지 볶음완성!']","['농협목우촌', '소시지요리', '아이반찬', '제철반찬', '쉬운반찬', '초간단', '볶음요리', '일상요리', '엄마요리', '반찬']","['1개', '1단', '2', '1', '1', '']"
46,메인반찬,,,,우삼겹 콩나물 불고기,https://www.10000recipe.com/recipe/7036904,"16,748",나유,2인분,20분 이내,아무나,"['우삼겹', '콩나물', '고추장', '진간장', '맛술', '설탕', '간마늘', '다시다', '후추 톡톡']","우삼겹은 기름이 많은 부위입니다. 처음에는 맛있지만 먹을수록 느끼합니다 우삼겹에 매콤한 양념 그리고 콩나물의 아삭함으로 요리를 한층 맛있게 하며, 마지막 볶음밥을 만들어 먹으면 행복함을 느끼실 수 있습니다","['콩나물 400g 세척하여 준비하고, 우삼겹 300g 준비합니다\n전자저울\n,\n트레이', '가열된 팬에 우삼겹 300g 넣고 구워줍니다\n프라이팬\n,\n요리집게', '우삼겹이 앞뒤로 익었을때, 콩나물 400g 넣어줍니다', '양념을 콩나물 위에 올려줍니다 (양념은 미리 섞어서 준비합니다_ 고추장 4T, 진간장 3T, 맛술 3T, 설탕 3T, 간마늘 3T, 다시다 1T, 후추 2꼬집 )', '우삼겹, 콩나물이 양념과 잘 섞이도록 뒤집어 주면서 조려 줍니다\n조리주걱\n대파, 양파, 청양고추 등 필요시 추가하시면 됩니다', '우삼겹 콩나물 불고기 완성입니다']","['우삼겹', '콩나물불고기', '우삼겹콩나물불고기', '우삼겹요리', '콩나물요리']","['300g', '400g', '4T', '3T', '3T', '3T', '3T', '1T', '2꼬집']"
47,메인반찬,,,,파프리카달걀볶음:초간단 저탄고지 다이어트 단백질식사,https://www.10000recipe.com/recipe/6966445,"26,820",재미마미,1인분,10분 이내,아무나,"['파프리카', '달걀', '양파', '현미유', '소금', '후추', '파슬리가루']",토마토가 없어 토달볶대신 만든 파달볶,"['파프리카와 양파는 한입 크기로 썬다.', '달걀은 풀어준다.\n달걀에 물/육수/우유 등을 넣어주어도 돼요.\n\u200b', '팬에 현미유 두르고 달걀물 붓고 소금, 후추 조금씩만 넣는다.\n약불\n현미유 대신 올리브오일 괜찮아요.', '스크램블에그를 만들고 파프리카와 양파를 볶는다.\n스크램블에그는 80%정도만 익혀 따로 덜어두세요. 파프리카와 양파를 먼저 볶은 후 스크램블을 해도 돼요.\n\u200b', '다시 스크램블에그를 담고 파프리카볶음과 합체시켜 볶는다.', '파슬리가루를 뿌린다.']","['파프리카달걀볶음', '단백질식사', '다이어트식단', '집밥', '달걀요리', '파프리카요리', '토달볶', '파달볶', '다이어트', '단백질']","['1개', '3개', '', '조금', '조금', '조금', '']"
48,메인반찬,,,,쫄깃하고 맛있는 두부볶음 레시피!다이어트 요리로도 좋아요,https://www.10000recipe.com/recipe/6895591,"273,352",뽀유TV,2인분,30분 이내,초급,"['부침용 두부', '다진마늘', '고추장깍아서', '간장', '굴소스', '올리고당', '참기름', '깨']",다이어트 할때 두부를 많이 드시는데요! 두부를 고기처럼 쫄깃하게 구워내 양념으로 볶아주시면 참 맛있답니다!,"['먼저 두부는 얇은 두께로 썰어주시구요. 키친타올로 물기를 꾹꾹 눌러 제거해 줍니다.\n두부는 찌개용이 아닌 단단한 부침용을 사용하세요', '달궈진 팬에 기름을 두르신 후 중불에서 노릇노릇 구워 줍니다.조금 바짝 구워주셔야 고기같은 쫄깃한 식감이 됩니다.', '두부가 다 구워지면 팬에 기름 약간 두르고 다진마늘 1T를 약불에서 살짝 볶아 줍니다.\n약불\nT:성인 숟가락 기준', '마늘이 약간 갈색빛이 나면 바로 물 3스푼을 부어 주세요', '참기름과 깨를 제외한 모든 양념을 넣고 약불에서 한소금 끓여 줍니다.', '끓여진 양념에 구운 두부를 넣고 볶아주다가 참기름과 깨를 넣고 마무리 합니다!\n이때 매콤한 것 좋아하심 청양고추를넣어 주셔요!', '고기처럼 쫄깃쫄깃 맛있는 두부볶음 완성이에요', '뜨끈한 밥에 올려 먹어보니 쫄깃한 식감에 매콤달콤 양념이 어우려져 참 맛있어요! 다이어트 중에도 맛있게 즐길수 있는 반찬인듯 합니다!']","['두부볶음', '두부조림', '두부요리', '두부', '두부반찬', '반찬만들기', '다이어트요리', '다이어트반찬', '간단한반찬']","['1모', '1T', '깍아서', '1T', '1/2T', '2T', '1T', '1T']"
49,메인반찬,,,,쉽고간단한 시금치양파계란볶음!,https://www.10000recipe.com/recipe/6924130,"76,620",왕눈이2,2인분,10분 이내,아무나,"['시금치', '양파', '계란', '소금', '올리브유', '통깨']",겨울철 노지시금치와 양파에 계란을 넣어서 후다닥볶아보세요 쉽고간단하지만 영양반찬이자 다이어트식에도 좋은 레시피이네요,"['시금치한줌을 작은크기로 잘라주세요', '양파 반개를 작게 썰어주세요', '계란 3개를 깨서 잘섞어두세요', '팬에 올리브유2큰술을 넣어주세요', '시금치자른것과 양파자른것을 볶아주세요\n*가스불은 중불입니다', '양파가 투명해지면 풀어둔 계란물을 가운데쪽으로 부어주시고 소금 1작은술을 고루 뿌려주시고 살살 섞어가면서 볶아주세요', '계란물이 익을정도로만 휘리릭 볶아주시고 통깨를 뿌려주시면 완성이네요', '쉽고간단하게 만들수있지만 영양만점인 시금치양파계란볶음이 완성이 되었어요\n바쁜아침식사대용이나 다이어트식에도 좋고 아이들반찬으로도 좋아요']","['시금치', '양파', '달걀요리', '쉬운반찬', '아이들반찬', '다이어트', '건강한식단', '초간단', '아침반찬']","['1줌', '1/2개', '3개', '1작은술', '2큰술', '조금']"
50,메인반찬,,,,"입에 착 붙는 양념, 홈메이드 제육볶음 황금 레시피 !",https://www.10000recipe.com/recipe/7080187,855,tabledabok,3인분,60분 이내,아무나,"['앞다리살 혹은 목살', '대파', '당근', '양파사실 야채는 취향껏! 깻잎도 좋아요 !', '올리고당', '진간장', '미림', '고춧가루', '다진마늘', '고추장', '매실청', '참치액', '설탕', '굴소스', '생강가루', '참기름', '후추']","남자의 소울푸드라 불리는 제육볶음 !
결혼 후 여러 번의 시행착오 끝에 찾은 저희 집 최고의 황금레시피를 소개합니다.
실패 없이 맛있는 제육볶음을 집에서도 쉽게 즐겨 보세요 :-)","['앞다리살 혹은 목살 700g을 준비해 주세요.\n키친타올로 핏물 제거를 꼼꼼히 해주시면 돼지 잡내를 줄이는데 효과적이에요 !', '믹싱볼에 상기한 양념 중 참기름을 제외한 재료를 모두 넣고 뭉치는 부분 없이 잘 섞어 주세요.\n양념에 들어간 미림, 생강가루, 후추가 잡내 제거를 추가로 도와줘요 ! / 양념에 step2에서 참기름을 넣어도, step8에서 뿌려도 상관없어요 ! 편한 대로 하세요 :-)', '핏물 제거한 고기에 양념장을 다 넣고 고기에 양념이 잘 밸 수 있도록 조물조물 해 주세요.', '고기와 양념이 잘 섞였으면 랩을 씌워 30분 정도 냉장고에서 숙성해 주세요.\n고기에 양념을 입히고 최소 30분이라도 숙성한 후 볶으면 더 맛있어진답니다 !', '그 사이 대파, 당근, 양파도 먹기 좋은 크기로 썰어 준비해 주세요.\n깻잎을 넣으면 향긋함이, 청양고추를 넣으면 알싸한 매운 맛을 더할 수 있으니 취향대로 추가하셔도 좋아요 ! / 채소를 많이 넣으면 수분이 많이 나와 싱거워질 수 있으니 적당히 넣어 주세요.', '올리브 오일 두른 팬에 숙성해 둔 고기를 넣고 중강불로 80% 정도 골고루 익혀 주세요.', '준비해 둔 대파, 당근, 양파를 모두 넣고 다 익을 때까지 중강불로 볶아 주세요.\n푹 익은 당근이 좋으시면 step6에서 고기와 당근을 같이 넣고 먼저 볶아 주셔도 좋아요 ! 아삭한 당근이 좋으시면 step7에서 넣기 !', '다 익은 제육볶음 위로 참기름 1T 둘러 주세요.\n양념장에 참기름 넣었으면 생략 가능, 더 고소한 맛이 나는 것이 좋으면 추가도 OK !', '그릇에 예쁘게 담아 깨 솔솔 뿌려 주면 완성 !\n오늘도 맛있게 드세요 :-)\n짜거나 매우면 알룰로스, 설탕, 올리고당 중 하나를 ! 밍밍하면 고추장이나 고춧가루를 소량 넣어 입맛에 맞게 간을 맞춰 주세요 !']","['제육볶음', '제육볶음황금레시피', '돼지고기요리', '집밥', '한식', '밥반찬', '저녁메뉴', '초보요리', '앞다리살요리', '목살요리']","['700g', '1/2대', '1/2개', '사실 야채는 취향껏! 깻잎도 좋아요 !', '3T', '2.5T', '2.5T', '2T', '2T', '1.5T', '1.5T', '1.5T', '1.5T', '1T', '1T', '1T', '0.5T']"
51,메인반찬,,,,돼지고기감자조림 밥통이 거덜날 수 있어요,https://www.10000recipe.com/recipe/7002427,"55,964",즐거운날랄라,3인분,20분 이내,아무나,"['감자', '돼지고기 앞다리살', '양파', '청양고추', '대파', '다진마늘', '참치액젓', '진간장', '설탕', '맛술', '고춧가루', '고추장']",자박자박 매~콤~한 국물에 푹 익힌 감자와 야들야들 부드러운 돼지고기..... 밥 한그릇 갖고는 도저히 안되는 레시피랍니다.. ㅎㅎ 다이어트 중이시라면 가급적 피해주세요~!,"['양파1/2개 채썰어주고 대파 1/2대, 청양고추 3개 어슷썰기 합니다 감자도 적당한 크기로 썰어주세요', '예열한 팬에 기름을 살짝 두른 후 양파 넣어 볶아주세요 참치액젓 1큰술 넣고 볶다가 설탕 1.5큰술 넣어주세요\n센불\n가급적 스텐팬을 사용하신다면 더욱 맛있는 감자조림을 맛보실 수 있으시답니다^^', '설탕이 녹기 시작하면 고기를 넣어 볶아요\n센불\n고기를 완벽히 익혀주신 후 액체(양념)류를 넣어야 누린내가 나지 않아요', '고기를 완전히 익힌 후 분량의 양념을 넣어 살짝 졸인 후 잘 볶아요 (센불)\n진간장 1.5큰술,, 맛술 2큰술, 고춧가루 1큰술, 고추장 1큰술\n양념장은 미리 섞어주시면 좋아요 ^^', '물 200ml 추가한 후 끓기 시작하면 감자를 넣어주세요 (뚜껑닫고 중불 5~7분 익혀요)', '청양고추, 대파, 다진마늘 1큰술 넣어 약불에서 더 익혀주면 완성입니다.']","['돼지고기감자조림', '감자조림', '매운감자조림']","['3개', '250g', '1/2개', '3개', '1/2대', '1큰술', '1큰술', '1.5큰술', '1.5큰술', '2큰술', '1큰술', '1큰술']"
52,메인반찬,,,,꿀마늘 닭강정(아이들 단골메뉴 찜♡♡),https://www.10000recipe.com/recipe/6897374,"246,778",비바스밥,4인분,30분 이내,초급,"['닭봉500그램', '파프리카', '간장', '설탕', '꿀', '마늘', '후추가루']","닭봉조림 하나만 해 놓으면 아이들 밥상~~
그냥 끝나죠!!밥투정하는 아이들도 양손에 쥐고 뜯게되는 닭봉조림~
건강을 생각해서 꿀과 마늘 듬뿍넣어봤어요
굿입니다^^","['닭봉에 소금 1작은술 넣어 조물조물한 후에 20분정도 둬요', '끓는물에 데쳐요', '팬에 간장,설탕,마늘넣고 내용물 반정도 잠기게 물을 넣어요', '뚜껑닫고 국물 반정도 될때까지 중불정도에서 끓여요', '뚜껑연채로 꿀3숟가락.후추가루넣어요', '국물이 없어지고 갈색될때까지\n졸여요', '파프리카넣어서 버물버물\n마무리해요~\n저는 기본적으로 통깨 팍팍을 더 좋아해요~']","['닭봉', '조림', '아이반찬', '엄지척']","['500그램', '조금', '2숟가락', '2숟가락', '3숟가락', '15개', '조금']"
53,메인반찬,,,,고등어자반 감자조림,https://www.10000recipe.com/recipe/7079162,669,호수맘,4인분,30분 이내,아무나,"['감자', '대파', '물', '구매', '고추가루', '마늘', '간장', '고추장', '생강가루', '된장', '올리고당']",오늘은 냉장고에 있는 고등어 자반과 감자로 간단하면서도 맛있게 만드는 고등어 자반 감자 조림을 소개합니다.,"['감자는 큼직하게 썰어 찬물에 10분 정도 담가 전분을 빼주세요.', '고등어 자반는 깨끗이 씻은 뒤 마지막으로 소금물이나 식초물에 헹궈주세요. 그래야 비린내를 잡아줍니다', '고춧가루 다진 마늘 진간장 올리고당 된장 고추장 생강 물2T 깨소금 참기름넣고 양념장을 만들어 주세요.', '냄비에 감자를 먼저 깔고 양념 짱을 골고루 올려. 중불에서 5분 정도 뚜껑을 닫고 끓여줍니다.', '감자가 익기 시작하면 그 위에 고등어 자반과대파 올려주시고 남은 양념 국물을 끼얹어서 약 10분간 더 졸여주세요\n짭쪼름한고등어의 감칠맛이 감자에 쏙 배어들어 깊은 맛이 살아나는 밥도둑 반찬입니다']","['고등어자반감자조림', '고등어조림공등어자반', '집밥레시피', '밥반찬.저녁메뉴']","['4개', '1대', '2컵', '2개', '2T', '1T', '3T', '1T', '1/2티스푼', '1T', '1T']"
54,메인반찬,,,,[매콤감자조림] 간단하고 매콤한 감자 요리 레시피 | 신혼밥상,https://www.10000recipe.com/recipe/7040553,"6,323",쑤블리,4인분,30분 이내,초급,"['감자 큰 거', '양파', '파', '고춧가루', '다진마늘', '올리고당', '간장', '맛술', '들기름', '고추장', '참치액젓', '물']",남편은 매콤하고 자극적인 음식을 좋아하는 편이여서 매콤감자조림을 만들어봤어요~,"['감자 큰거 2개, 양파 1/2개, 파 1/4개를 먹기좋게 잘라주세요.\n도마\n,\n조리용나이프\n감자 손질법', '이제 양념을 만들어줄게요~! 고추장 2T\n소스볼\n,\n숟가락', '고춧가루 1T', '다진마늘 1T', '맛술 1T', '올리고당 2T', '간장 2T', '참지액젓 1T', '들기름 1T을 넣고 섞어주시면 양념 완성~!', '웍에 기름을 둘러주시고 양파와 감자를 넣고 달달 볶아주시다가\n웍\n,\n조리용스푼', '거기에 물 400ml를 넣고', '만들어 둔 양념을 넣고 끓여주시다가', '파와 청양고추 조금 넣어 국물을 조리듯이 푹 끓여주시면~!', ""매콤달달하고 아주 맛있는 '매콤감자조림' 완성~!!\n접시""]","['매콤감자조림', '감자요리', '감자조림']","['2개', '1/2개', '1/4개', '1T', '1T', '2T', '2T', '1T', '1T', '2T', '1T', '400ml']"
55,메인반찬,,,,저칼로리 된장 참치 양배추롤 만들기 w. 한길식품,https://www.10000recipe.com/recipe/6887226,"58,862",한길 식품,3인분,60분 이내,초급,"['양배추', '참치', '양파', '애호박', '버섯', '쪽파', '된장', '고추장', '다진마늘', '물']","요즘 운동도 열심히 하고 식단 조절도 하려고 노력하고 있어요
매번 야채만 먹다가 이번엔 한길식품의 한된장을 이용해 양배추롤 만들기를했어요","['양배추는 단단한 심지를 잘라내고 흐르는 물에 잘 씻어주세요', '찜기에 쪄도 되지만 저는 간단하게 비닐봉지에 씻은 물기가 있는 양배추를 넣어\n5분 돌려주었어요\n말랑말랑하게 익으면 꺼내서 식혀주세요', '양파, 애호박, 버섯, 쪽파는 잘게 썰어 준비하고 참치는 기름을 쪽 빼주세요', '팬에 기름을 살짝 두르고 양파, 애호박을 넣어 볶아주세요', '양파가 투명해지면 버섯을 넣어 볶아주세요', '야채들이 볶아지면 고추장, 된장, 다진마늘, 물을 넣어 끓여주세요', '일반 된장의 반 정도만 넣어도 충분히 깊은 맛이 우러나온답니다 1t넣습니다.', '보글보글 끓어 어느 정도 졸여주세요', '어느 정도 졸아들면 참치를 넣고 볶아주세요', '마지막으로 쪽파를 넣어 살짝만 버무리면 된장 참치 속(?) 완성입니다', '식은 양배추를 세로로 겹겹이 쌓아 넓게 펴주세요', '만들어 둔 참치 속을 듬뿍 넣어주세요', '끝에서부터 돌돌 조심히 말아주세요', '칼로 슥슥 잘라준 뒤 접시에 플레이팅해주면 됩니다', '영양소 골고루 갖춘 저칼로리 참치 양배추쌈 만들기 완성']","['다이어트식품', '저칼로리', '다이어트', '된장요리', '재래식된장', '재래된장', '국내된장']","['6장', '1캔', '1/4개', '1/4개', '조금', '조금', '1t', '1t', '1t', '1/2컵']"
56,메인반찬,,,,순두부찜 (다이어트음식에 아주 좋은 순두부요리),https://www.10000recipe.com/recipe/6975337,"45,552",ariel1007,3인분,10분 이내,초급,"['순두부', '대파', '홍고추', '다진 마늘', '진간장', '참치액', '맛술', '참기름', '통깨', '고춧가루']","야식으로도 너무 좋은 순두부찜을 소개합니다
따뜻하게 차갑게 취향에 맞게 먹을 수 있어 아주 좋습니다","['홍고추 1개와 대파 1/2대는 잘게 다져준다', '간장양념에 다진 대파와 홍고추를 넣고 섞어 양념장을 만들어 준다', '음식을 담을 그릇에 순두부를 올리고 먹기 좋은 두께로 썰어준다', '간장양념장을 위에 골고루 뿌려준다', '랩을 싸서 전자렌지에 넣고 2~3분 가량 데워준다\n전자레인지\n꼭 찜용으로 안 먹어도 좋다\n취향에 맞게 그냥 양념장 올려 먹어도 좋다']","['순두부요리', '다이어트식품', '다이어트음식', '초간단', '야식', '단백질', '건강식', '식사대용']","['1개', '1/2대', '1개', '0.5T', '2T', '1T', '1T', '1T', '1T', '1T']"
57,메인반찬,,,,"5분 컷 세상 간단한 달걀요리, 우유달걀카레",https://www.10000recipe.com/recipe/6990828,"37,597",만개의레시피,1인분,10분 이내,아무나,"['달걀', '우유', '마늘', '양파', '버터', '물', '카레가루', '소금']","맛있는 카레에 몽글몽글 달걀을 풀어준
부드러운 우유달걀카레
달걀과 우유를 섞어 부드럽게 만들고
카레에 솔솔 뿌려 익혀주면 호로록 넘어가는
달걀이 매력적인 카레가 돼요","['마늘은 편 썬다.', '양파는 약 0.5cm 두께로 채 썬다.', '달걀에 소금, 우유를 넣고 풀어준다.\n체에 1~2번 걸러주면 더 부드러워요!', '달군 팬에 버터를 녹이고 마늘, 양파를 볶는다.\n팬', '양파가 투명해지면 물을 붓는다.', '물이 끓어오르면 카레가루를 넣고 풀어준다.', '카레가루가 잘 풀어지면 약불로 줄이고 달걀물을 동그랗게 붓는다.', '약불 또는 여열에서 가볍게 섞어 완성한다.\n+ 밥 위에 올리고 파슬리가루']",[],"['2개', '2숟가락', '4개', '1/4개', '1조각', '1.5종이컵', '3숟가락', '약간']"
58,메인반찬,,,,<다이어트 건강식>초간단 순두부 계란찜,https://www.10000recipe.com/recipe/7046232,"7,802",바이너스,1인분,10분 이내,아무나,"['달걀', '순두부', '참기름', '참치액', '파다진 파']",*단백질 폭탄 영양 만점~ 한 끼 식사! *불 필요없이 전자레인지로 초간단 레시피,"['순두부 포장 부분 물로 깨끗이 씻어 주세요.', '파는 초록색 부분을 깨끗이 물에 세척 후, 가위로 잘게 잘라 주세요.(대파나 쪽파 다 상관없음)\n접시\n,\n조리용가위', '실리콘 냄비(계란찜용 사이즈)에 계란 2알을 넣고,섞어 주세요.(실리콘 냄비가 없으실 경우 전자레인지 사용 가능한 용기을 사용해 주세요.)\n전자레인지용기', '순두부 1팩을 잘라서 계란 섞은 물에 담아 주세요. (순두부 팩 로고 기준으로 아래쪽 양쪽 모서리 끝을 가위로 자른 후 공기가 빠지면 가로로 길게 가위로 잘라 주세요. 이렇게 하면 한 번에 쉽게 순두부를 꺼낼 수 있어요. 순두부 모양이 망가져도 상관 없어요!)', '참기름과 참치액을 각각 1큰술씩 넣고, 잘 섞어 주세요.\n스푼', '그리고 잘게 썰어 놓은 파를 넣은 후, 뚜껑 닫고 전자레인지에 7~8분 조리.\n전자레인지', '쨘~! 맛과 영양 가득한 순두부 계란찜이 완성!!! 다이어트시 한 끼 식사로 든든해요~강추!!!']","['초간단레시피', '건강다이어트레시피', '순두부계란찜', '실리콘냄비찜', '다이어트식단', '단백질식사', '초간단다이어트레시피', '바이너스', '만개의레시피바이너스', 'bynus', '영양만점레시피', '간단한음식레시피', '쉬운요리레시피', '건강한요리레시피']","['2알', '1팩', '1T', '1T', '다진 파']"
59,메인반찬,,,,달콤한 양파속에 꼭꼭 숨은 닭가슴살,https://www.10000recipe.com/recipe/6918383,"188,415",오박사닷컴,4인분,20분 이내,초급,"['닭가슴살', '달걀', '양파', '각종자투리 야채', '소금']","양파는 익히면 더 달콤해 지니까요~
거기에 냉장고에 오밀조밀 남아있던 자투리 채소들도 듬뿍
닭가슴살까지 숨겨 넣었더니 다들 잘~ 먹어주네요^^","['양파는 껍질을 벗겨 손질해\n링 모양을 살려 썰어줍니다.\n남은 양파도 다져서 넣을꺼예요.\n양파 손질법 레시피', '각종 자투리 채소들을 잘게 다져주세요.\n편식하는 재료들을 꼭꼭 숨기기 좋아요.', '단백질도 중요하니까\n닭가슴살도 다져서 넣어주시구요~', '달걀 3개를 넣고,\n소금으로 약간 간을 해줍니다.\n잘 섞어 주세요~', '기름 두른 팬에 링으로 썰어둔 양파를 올리고\n숟가락으로 달걀물을 한수저씩 떠 넣어줍니다.', '뒤집을때는 뒤집개 두개를 이용해\n살살 뒤집어 주세요.', '속까지 골고루 익혀주세요.']","['양파', '양파요리', '양파효능', '계란', '달걀', '달걀요리', '아이반찬', '손님초대', '편식', '닭가슴살']","['50g', '3개', '2개', '100g', '약간']"
60,메인반찬,,,,완전맛있는 차돌박이찜! 미소된장마요소스도 함께~,https://www.10000recipe.com/recipe/6881099,"481,588",보루빵,2인분,15분 이내,아무나,"['차돌박이', '깻잎', '팽이버섯', '숙주나물', '미소된장', '마요네즈', '올리고당', '다진마늘', '고춧가루', '청양고추다진것', '물']","손님상차림으로도 좋은 차돌박이찜 입니다
만들기도 너무쉽고 모양도 예뻐서 추천하는 메뉴에요
미소된장마요소스를 찍어먹으니 한층 맛이 더 업그레이드!!
정말 강력추천하는 메뉴랍니다","['팽이버섯은 밑둥을 잘라내고 씻어주시고 깻잎도 흐르는물에 씻어주세요\n저는 깻잎이 커서 반으로 잘라서 사용!\n작으면 1장을 통채로 쓰시면됩니다', '차돌박이 위에깻잎을 올리고', '그위에 팽이버섯을 올려준뒤', '돌돌 말아주기만하면 완성이에요', '만드는 방법 완전 간단하죠?', '냄비에 숙주나물을 한주먹 깔고', '차돌박이를 올려 10분간 쪄주면 끝\n차돌박이 말린이음새 부분이 아래로 가게 두고 찌면 풀어지지않아요', '차돌박이찜이 완성되는 사이 소스를 만들어볼게요!\n처음엔 된장이랑 마요네즈? 하실텐데 드셔보시면 고기랑 정말 잘어울리는 소스!', '분량의 재료들을 잘섞어주시면되구요\n미소된장이 없으시다면 집된장 말고 시판된장 싱거운걸 사용하셔도 됩니다', '차돌박이 찜기에 넣고 소스만들면 그사이 차돌박이찜 완성입니다\n금새 익기때문에 정말 초스피드로 완성할수있는 요리에요', '예쁘게 그릇에 담아주면 끝!', '된장마요소스에 콕 찍어먹으면 정말 맛있답니다\n강력추천!']","['손님초대요리', '차돌박이요리', '차돌박이찜', '연말요리']","['10장', '5장', '1묶음', '1주먹', '1큰술', '1숟갈', '1숟갈', '0.5숟갈', '0.3숟갈', '다진것', '2숟갈']"
61,국/탕,,,,소고기미역국 황금레시피 생일상 진한 국물 소고기미역국 끓이는 법,https://www.10000recipe.com/recipe/7079432,595,몽글쿡,4인분,90분 이내,아무나,"['소고기 국거리', '자른 미역불리기 전 기준', '쌀뜨물또는 생수', '들기름볶음용', '국간장', '멸치 액젓또는 참치액', '다진 마늘', '소금', '\u200b 국간장', '참기름']","생일상에 가장 먼저 떠오르는 음식이 있다면 역시 소고기 미역국이 아닐까 싶어요.
같은 재료로 끓여도 끓이는 방법에 따라 국물 맛은 생각보다 큰 차이가 나는데요.
오늘은 집에서도 식당처럼 국물이 뽀얗고 깊게 우러나는 소고기 미역국 끓이는 법을 소개해 드릴게요.
미역을 충분히 볶아주고 소고기를 먼저 밑간해 끓이면 오래 끓이지 않아도 훨씬 깊은 맛을 낼 수 있어요.
생일상은 물론 평소 든든한 한 끼 국물요리로도 정말 좋은 레시피이니 지금 바로 시작할게요.","['자른 미역 30g은 찬물에 약 20분 정도 충분히 불려주세요.\n불린 미역은 흐르는 물에 바락바락 여러 번 씻어 미끌거림과 불순물을 제거해 주세요.\n이후 체에 밭쳐 물기를 꼭 짜준 뒤 먹기 좋은 크기로 잘라 준비했어요.\n이 과정을 꼼꼼하게 해주면 국물이 훨씬 깔끔하게 완성됩니다.', '국거리용 소고기는 키친타월로 꾹꾹 눌러 핏물을 닦아주세요.\n핏물을 충분히 제거해야 국물이 탁해지지 않고 맑고 깊은 맛이 살아나요\n핏물을 제거한 고기에 국간장 0.5큰술과 참기름 0.5큰술을 넣고 조물조물 버무린 뒤 5~10분 정도 재워주세요.\n고기에 미리 간을 살짝 해두면 고기 속까지 맛이 배어 씹을 때 훨씬 풍미가 좋아져요.', '냄비에 들기름 1큰술을 두른 뒤 밑간한 소고기를 넣고 중불에서 볶아주세요.\n고기의 겉면만 익을 정도로 볶아주시면 돼요.', '고기 겉면이 익으면 불린 미역을 넣고 함께 볶아주세요.\n미역의 색이 선명한 초록빛으로 변할 때까지 약 3분 정도 충분히 볶아주는 것이 포인트예요.\n미역을 충분히 볶아야 국물이 따로 놀지 않고 깊고 진한 맛이 우러나며, 뽀얀 국물도 만들어져요.', '잘 볶아진 재료에 쌀뜨물 500mL를 먼저 부어주세요.\n센 불에서 팔팔 끓기 시작하면 그대로 5~7분 정도 강하게 끓여주세요.\n이 과정을 거치면 소고기와 미역의 맛이 빠르게 우러나면서 국물이 점점 뽀얗게 변하기 시작해요.\n쌀뜨물을 사용하면 국물 맛이 한층 더 고소하고 깊어져 더욱 맛있게 즐길 수 있어요.', '국물이 조금 졸아들면 남은 쌀뜨물 또는 생수 1.3~1.5L를 모두 부어주세요.\n다시 끓어오르면 위에 생기는 거품은 깔끔하게 걷어내주세요.', '이후 다진 마늘 0.5큰술, 국간장 1큰술, 멸치 액젓(또는 참치액) 1큰술을 넣어주세요.\n마늘을 처음부터 넣기보다 이 시점에 넣으면 마늘 향이 과하지 않고 국물에 은은하게 스며들어 훨씬 깔끔한 맛을 낼 수 있어요.\n불을 약불로 줄인 뒤 30분 이상 푹 끓여주세요.\n시간을 들여 천천히 끓일수록 소고기의 감칠맛과 미역의 깊은 풍미가 자연스럽게 어우러져 진한 국물이 완성돼요.', '마지막으로 국물 맛을 본 뒤 부족한 간은 소금을 조금씩 넣어가며 맞춰주세요.\n한 번에 많이 넣기보다는 조금씩 넣어 입맛에 맞게 조절하는 것이 실패 없는 비결이에요.', '생일상에 빠질 수 없는 소고기 미역국 끓이는 법을 소개해 드렸어요.\n특별한 재료를 넣지 않아도 미역을 충분히 볶고 소고기를 밑간한 뒤 천천히 끓여주기만 하면 국물의 깊이가 확실히 달라져요.\n한 번 만들어두면 다음 날은 더욱 진한 맛을 즐길 수 있어 더욱 만족스러운 레시피였어요.\n가족 생일상이나 따뜻한 집밥이 생각나는 날, 오늘 레시피로 맛있는 소고기 미역국 한 그릇 만들어보세요.']","['소고기미역국끓이는법', '소고기미역국황금레시피', '소고기미역국레시피', '소고기미역국', '미역국끓이는법', '미역국황금레시피', '생일미여국끓이는법', '진한소고기미역국레시피', '소고기미역국들기름참기름']","['300g', '불리기 전 기준', '또는 생수', '볶음용', '1큰술', '또는 참치액', '1/2큰술', '약간', '1/2큰술', '1/2큰술']"
62,국/탕,,,,"소불고기전골 레시피, 국물까지 맛있는 소고기 버섯전골",https://www.10000recipe.com/recipe/7083150,276,haru,4인분,30분 이내,아무나,"['소불고깃감', '양파', '느타리버섯', '팽이버섯', '새송이버섯', '대파', '당근', '청경채', '간장', '설탕', '맛술', '다진마늘', '생강즙', '후추', '참기름', '멸치육수', '국간장', '참치액']","집에 손님을 초대했을 때나 가족모임이 있을 때 준비하기 좋은
소불고기전골 레시피를 소개 드려요.​
미리 전골냄비에 푸짐하고 근사하게 담아 준비해 두었다가 손님이 오시면
식탁 위에서 보글보글 끓여 내면 되니 손님초대메뉴로 딱이랍니다.
​","['간장 4스푼 , 설탕 1스푼 , 맛술 2스푼 , 다진마늘 1스푼 , 생강즙 0.5스푼 , 후추 ,\n참기름 1스푼을 넣고 고루 섞어 소불고기양념을 만들어 주세요.', '불고깃감에 양념을 부은 뒤 골고루 버무려 20~30분 정도 재워 주세요.', '버섯은 밑동을 자르고 흐르는 물에 가볍게 헹군 뒤 물기를 털고 먹기 좋은 크기로 찢어 주세요.양파는 채 썰고 당근은 먹기 좋은 크기로 잘라 주세요.\n청경채는 밑동을 자른 뒤 반으로 가르고 대파는 반으로 가른 뒤 4~5cm 길이로\n잘라 주세요.\n도마\n,\n칼', '멸치육수 700ml에 간장 1스푼 , 참치액 1스푼을 넣어 간을 맞춰 주세요.', '전골냄비에 준비한 채소를 빙 둘러 담고 가운데 소불고기를 올려 주세요.\n냄비', '준비한 육수를 가장자리에 부은 뒤 중불에서 끓여 주세요.\n국물이 끓기 시작하면 소불고기를 풀어가며 고기와 채소가 익을 때까지 끓여 완성해 주세요.']","['소불고기', '버섯', '소불고기전골', '소고기버섯전골', '버섯전골', '소불고기전골육수', '소불고기전골재료']","['400g', '1/2개', '150g', '1/2봉지', '2개', '1대', '1/3개', '2~3포기', '4T', '1T', '2T', '1T', '1/2T', '약간', '1T', '700ml', '1T', '1T']"
63,국/탕,,,,얼갈이배추 된장국 레시피 따뜻한 집밥 메뉴 추천,https://www.10000recipe.com/recipe/7079665,446,haru,4인분,20분 이내,아무나,"['얼갈이배추', '대파', '물', '코인육수', '된장', '다진마늘', '고춧가루', '참치액']","정겨운 집밥메뉴추천으로 좋은 얼갈이배추 된장국 레시피를 소개합니다.
얼갈이를 한번 데친 뒤 양념에 무쳐 푹 끓이면 완성!
풋내 없이 구수한 국물과 부드럽게 익은 얼갈이를 함께 떠먹는 맛이 일품이에요.
밥 말아 먹기 좋은 따뜻한 집밥 메뉴로 딱이랍니다.
​","['얼갈이배추 300g은 밑동을 자른 뒤 4~5cm의 길이로 썰어 주세요.\n도마\n,\n칼', '배추의 줄기 사이에 끼어 있는 흙과 이물질이 제거되도록 흐르는 물에 살살 흔들며\n여러 번 헹궈 깨끗이 씻은 뒤 끓는 물에 배추를 넣고 약 3분간 데쳐 주세요.\n냄비', '데친 얼갈이배추는 바로 찬물에 헹궈 열기를 식힌 뒤 손으로 물기를 꾹 짜고\n된장 2스푼 , 다진마늘 1스푼 , 고춧가루 0.5스푼을 넣고 조물조물 무쳐 양념해 주세요.', '물 1.2L와 코인육수 2개를 넣고 끓이다 국물이 끓기 시작하면 거품을 걷어 주세요.\n참치액 1스푼을 넣은 뒤 뚜껑을 덮고 중불로 약 10분 끓여 주세요.\n배추가 부드럽게 익으면 소금으로 간을 맞춘 뒤 대파를 넣고 한소끔 끓여 얼갈이배추된장국을 완성합니다.']","['얼갈이', '된장국', '얼갈이된장국', '얼갈이배추', '얼갈이배추된장국', '얼갈이데치기']","['300g', '1/2대', '1.2L', '2개', '2T', '1T', '1/2T', '1T']"
64,국/탕,,,,칼칼한 오징어무국 맛있게 끓이는 법,https://www.10000recipe.com/recipe/7073618,"4,158",급식실박실장,2인분,15분 이내,아무나,"['손질오징어', '무', '대파', '물', '고춧가루', '국간장', '다진마늘', '코인육수멸치', '소금', '후추']",안녕하세요! 오늘도 반가운 박 실장입니다.,"['재료 손질\n손질 오징어는 흐르는 물에 가볍게 헹궈 물기를 빼고 한입 크기로 썰어줍니다.\n무는 나박하게 썰어 준비합니다. (박 실장개인취향 두께는 약 1cm입니다.)\n대파는 송송 썰어 준비해 주세요.', '무 먼저 끓이기\n냄비에 물 1.2L와 썰어둔 무를 먼저 넣고 센 불에서 끓입니다.\n물이 끓어오르면 중불로 줄여 무가 투명하게 익을 때까지 5분 정도 충분히 끓여줍니다.\n중불에서 은근하게 끓여야 무에서 시원한 맛이 충분히 우러나와 국물 맛이 깊어집니다.', '양념 및 오징어 넣기\n무가 투명하게 익으면 국간장 2큰술, 다진 마늘 1큰술, 코인 육수 1알을 넣습니다.\n이어서 준비한 오징어를 넣어줍니다.\n오징어는 오래 끓이면 질겨지므로 반드시 무가 다 익은 후반부에 넣는 것이 포인트입니다.', '거품 제거 및 간하기\n오징어를 넣으면 올라오는 불순물과 거품을 숟가락으로 깔끔하게 걷어내 줍니다.\n오징어가 익어 불투명해지면 고춧가루 1큰술을 넣어 칼칼한 색을 냅니다.\n부족한 간은 소금으로 맞추고 후추를 톡톡 뿌려 5분 정도 더 끓입니다.', '마무리 및 완성\n송송 썰어둔 대파를 넣고 한소끔 더 끓여 마무리합니다.']","['오징어무국', '오징어국', '맑은오징어무국', '해장국레시피', '국물요리', '무요리', '초간단국', '만개의레시피', '집밥레시피', '박실장레시피']","['300g', '1/3개', '1/2개', '1.2L', '1큰술', '2큰술', '1큰술', '멸치', '약간', '약간']"
65,국/탕,,,,우렁 된장국.,https://www.10000recipe.com/recipe/7082544,308,호수맘,4인분,30분 이내,아무나,"['우렁살', '물', '된장', '두부', '애호박', '양파', '대파', '표고버섯', '감자', '느타리버섯', '다진마늘', '구매']",오늘은 냉장고 쏙 재료로 간단하게 끓여 먹기 좋은 우렁 된장국을 만들어 봤습니다.,"['우렁살은 흐르는 물에 여러 번 깨끗이 씻어 준비해 주세요.\n모든 재료는 먹기 좋은 크기로 썰어 주세요.', '냄비에 된장 알육수 넣고 끓기 시작하면 감자 넣어주고 썰어 놓은 야채를 넣어 끓여주세요. 간을보시고 신거우면 된장조금더넣으세요', '채소가 어느 정도 익으면 우렁살과 다진 마늘. 두부 넣어 주세요. 마지막에 대파 넣고 2 ~3분 더 끓여 주시면 우렁된장국 완성입니다.']","['우렁된장국', '된장국', '우렁된장국레시피', '집반찬.', '간단하게끓이는', '된장찌개']","['150g', '5컵', '2T', '1/2모', '1/3개', '1/2개', '1/2대', '2개', '1개', '1줌', '1/2T', '2개']"
66,국/탕,,,,우삼겹콩나물국 레시피,https://www.10000recipe.com/recipe/7002422,"20,704",고구미,3인분,20분 이내,아무나,"['우삼겹', '콩나물', '대파', '고춧가루', '맛술', '국간장', '액젓', '다진마늘']",얼큰~하게 속풀고 싶을때 딱인 우삼겹콩나물국 레시피!!우삼겹대신 차돌박이 넣어도 쫀맛!! 해장국으로도 딱이에여,"['냄비에 식용유 2-3스푼 두르고 대파 약간, 고춧가루 2스푼넣고 볶아주기', '약불에서 타지않게 볶아줍니당~~', '우삼겹 250g (한 세주먹..?) 넣고 맛술도 1스푼 넣어주고\n고기익을때까지 볶아주기', '볶아볶아~~', '고기 다 익었다!!! 우삼겹이 다 익었으면', '육수 또는 물 800ml 넣어줍니당', '육수 없는 저는 육수코인을 또 투척ㅎㅎㅎ\n계속 끓여주세요~~~!!', '보글보글 끓으면 국간장 2스푼 넣어주고', '다진마늘도 1스푼 투척', '액젓도 1.5스푼 넣어줍니당 ✔️부족한 간은 소금이나 액젓으로 더해주세욤', '콩나물은 두 주먹정도 넣어주기 (더 넣으려다 냄비 넘칠까봐 참음ㅎㅎㅎ) 콩나물 익을때까지 끓여주다가', '후추 톡톡 뿌려서 마무리해주면 완성', '크으~얼큰~~한게 술도 안 마셨는데도 해장하기 너무 좋아버리는 맛!! 속이 자동으로 풀리는 맛이에요 버섯이나 당면 추가로 넣어줘도 너무 맛있을 거 같아요!']","['우삼겹콩나물국', '우삼겹콩나물해장국', '콩나물해장국', '해장국레시피', '콩나물국만들기', '우삼겹콩나물국레시피', '우삼겹콩나물국만들기', '해장레시피']","['250g', '200g', '약간', '2스푼', '1스푼', '2스푼', '1.5스푼', '1스푼']"
67,국/탕,,,,맵찔이도 먹을 수 있는 얼큰한 알탕,https://www.10000recipe.com/recipe/7080927,241,김콩레시피,2인분,30분 이내,초급,"['동태알', '무', '콩나물', '멸치', '쑥갓', '애호박', '고추장', '고춧가루', '국간장', '후추', '생강가루', '다진마늘']",맵지 않은 얼큰한 알탕입니다,"['알을 소금물에 씻고 미림 2T넣은 물에 잠시 담궈둡니다', '냄비에 국물용 멸치를 넣고 물을 끓이고, 끓어오르면 멸치는 건저내고 무를 넣고 끓입니다', '양념을 만들어줍니다 (양념재료 위에 써있음)', '무가 익으면 콩나물, 애호박, 알을 넣고 끓입니다.', '준비된 양념도 넣어줍니다', '쑥갓을 넣어주고 조금 더 끓이면 끝']",[],"['1팩', '1토막', '1/2봉지', '약간', '약간', '1/2개', '1/2T', '1/2T', '2T', '약간', '약간', '1T']"
68,국/탕,,,,담백한 새우연두부달걀탕,https://www.10000recipe.com/recipe/6847470,"326,171",yejib1112,2인분,15분 이내,아무나,"['연두부', '새우', '달걀', '송송 썬 쪽파', '다시마5cm x 5cm', '간장']",간단하지만 세상 시원한! 담백한 새우연두부달걀탕입니다:),"['우선 다시마물을 만들어요. 냄비에 물 붓고 다시마를 넣어 센 불에서 끓이다 끓어오르면 약불로 줄여 약 15분간 더 끓여주세요.', '15분 후, 다시마는 건져 내고', '수저로 듬성듬성 연두부를 퍼서 냄비에 넣어주세요.', '그리고 새우 넣고 간장 1-1.5T 넣어주세요.', '센 불에서 약 5분간 팔팔 끓여주세요. 떠오르는 거품은 걷어주세요~', '불을 약불로 줄이고 달걀물을 원을 그려가며 쪼로록 부어주세요. 달걀물이 바닥에 붙지 않도록 한번만 휘이 저어주세요.', '쪽파 올리고, 후추 톡톡하면 완성입니다. 간 보고 싱거우면 소금으로 간해주세요~']","['새우연두부달걀탕', '새우', '연두부', '달걀', '초간단', '국끓이기', '다이어트']","['1팩', '10-12마리', '1개', '1-2줌', '5cm x 5cm', '1-1.5T']"
69,국/탕,,,,[공모전] 뜨끈한 국물요리 소고기미역국,https://www.10000recipe.com/recipe/7014762,"7,552",다시봄,4인분,30분 이내,초급,"['소고기 국거리용', '미역', '참기름', '소금', '국간장']",찬바람이 불면 따끈한 국물이 그립잖아요. 그럴때 어울리는 것이 바로 미역국이 아닐까해 요~ 오늘은 한우 국거리용을 넉넉하게 넣어서 한소큼 소고기미역국을 끓였습니다.,"['소고기미역국을 소개합니다.', '한우 국거리용을 참기름을 넣어서 한번 달달달 볶아주세요.\n냄비\n,\n요리스푼', '미역은 30분정도 물에 담궈둔후 깨끗하게 여러번 헹구어 물기를 빼주세요.\n믹싱볼\n,\n채반', '국간장을 미리 넣어서 함께 볶아주면 풍미가 더 좋답니다. 불려놓은 미역을 소고기와 함께 볶아주세요.', '물을 넉넉하게 부어준후 오래도록 끓여주세요.', '부족하기 쉬운 간을 소금으로 맞춰주세요.', '소고기미역국이 완성이 되었습니다.']","['소고기미역국', '국물요리', '공모전', '만개의레시피', '만개의쉐프']","['300g', '4인분', '2스푼', '약간', '1스푼']"
70,국/탕,,,,순두부계란탕 만드는법 순두부 계란국 맑은 순두부국 끓이기,https://www.10000recipe.com/recipe/7071235,"3,412",알럽머핀,2인분,10분 이내,아무나,"['순두부350g', '계란', '냉동 왕새우', '양파', '물', '코인 육수', '국간장', '참치액', '후추']","바쁜 아침 간단하게 먹을 수 있는 국으로도, 다이어트 한 끼 식사로도 너무 좋은 순두부 계란탕이에요 ​ 맑게 끓인 국이라 아침에 후루룩 먹기에도 부담 없고, 순두부와 계란으로 단백질도 듬뿍 챙겨 다이어트 식단으로도 참 괜찮은 것 같더라구요~~그리고 깔끔한 국물 요리가 생각날 때 한 그릇 먹기에도 너무 괜찮은 순두부 계란탕이랍니다 ​ 복잡하지 않고 간단한 레시피라 휘리릭 끓이기 너무 좋은 순두부 계란탕 만드는법 지금 바로 알려 드릴게요~^^ ​ ​","['냄비에 물 500ml를 넣고 코인 육수 한 알을 넣은 다음 팔팔 끓여 주세요 코인 육수 대신 다시 팩을 사용해서 육수를 우려도 좋고 만들어 놓은 육수가 냉장고에 있다면 그 걸 사용하셔도 좋답니다 재료가 간단해서 육수가 끓는 동안 손질하시면 된답니다', '냉동 새우는 해동해서 꼬리 부분을 떼내어 주시구요 순두부는 원하는 모양으로 잘라 주세요 저는 큼지막하게 듬성듬성 잘라 주었어요', '양파는 채 썰고 계란은 풀어 주세요', '물이 끓어 코인 육수가 다 녹으면 새우와 순두부, 양파를 넣어 주세요', '국간장 1 큰술과 참치액 1 큰술 넣어 주세요', '새우가 익었다면 풀어 놓은 계란물을 넣고 젓지 말고 그대로 기다려 주세요 조금 기다리다 보면 계란이 뜰 거예요 이렇게 끓이면 국물이 깔끔해진답니다', '불을 끄고 후추를 취향껏 뿌려 주세요', '늘 새로이 시작했다가 중도에 흐지부지 해지는 다이어트지만 다이어트 4일차인 오늘 점심은 이렇게 한 그릇 먹었답니다', '밥을 먹지 않아도 부드러운 순두부와 통통한 새우가 있어 여러 가지 식감도 느낄 수 있고 포만감도 좋더라구요', '깔끔하면서 간단한 국물 요리가 필요할 때, 휘리릭 끓여 보세요~~^^']","['순두부계란탕', '순두부요리', '계란탕', '맑은순두부국', '다이어트요리']","['350g', '2개', '4마리', '1/4개', '500ml', '1개', '1큰술', '1큰술', '약간']"
71,국/탕,,,,시금치된장 고추장넣었더니?이맛뭐죠?밥두공기 순삭,https://www.10000recipe.com/recipe/7074078,973,호수맘,4인분,60분 이내,아무나,"['구매', '고추장', '된장', '다진마늘']","요즘처럼 쌀쌀한 날에는 따뜻하게 데워주는국이 최고지요
된장만넣었을때보다 더맛있는
시금치된장 고추장국입니다","['시금치는 깨끗이 씻어준다\n끓는물에 양념을 넣어준다', '양념넣은물이끓으면 시금치를넣어준다', '시금치는 오래끓여야 더맛있다\n살짝익힌거 좋아하시는분은 끓으면 불끄지만 저는푹익는거좋아해서\n약불에뚜겅닫고20분은끓여준다']",['시금치국.집밥레시피.된장국.고추장국.간단요리.시금치요리.엄마손맛.따뜻한밥상.건강식단.저녁메뉴추천'],"['2개', '1/2큰술', '1큰술', '1큰술']"
72,국/탕,,,,건새우 시금치된장국 레시피 시금치 두부 된장국 끓이는법,https://www.10000recipe.com/recipe/7040411,"4,731",써지니,2인분,15분 이내,아무나,"['시금치손질 후', '건새우', '두부', '대파', '다진 마늘', '된장', '쌈장', '국간장', '까나리액젓', '쌀뜨물', '코인육수', '홍고추고명용']","반찬으로 시금치무침을 만들고 남은 시금치와 건새우, 두부를 넣고 시금치국 건새우 시금치국을 끓였어요.","['과도칼로 시금치 뿌리가 있는 윗부분을 잘라서 시금치가 하나씩 분리가 되면 볼에 담아서 준비합니다.\n믹싱볼\n,\n과도', '시금치가 잠길 정도의 물을 받아 손으로 살살 흔들어 가면서 세척하고 3~4번 정도 물을 바꿔가며 세척 후, 채반에 담아 물기를 빼 줍니다.\n채반', '두부는 흐르는 물에 가볍게 헹군 다음에 1cm 정도의 두께로 길게 썰어서 준비합니다.\n도마\n,\n조리용나이프', '건새우 10g, 다진 마늘 0.7큰술, 코인육수 2개를 준비하고 대파는 송송 썰고 홍고추는 고명용으로 어슷썰기로 3개 정도 준비하시면 되세요.(건새우 대신에 보리새우를 6g 정도 넣어도 맛있어요)', '냄비에 쌀뜨물 800ml와 코인육수 2개를 넣은 다음에\n냄비\n,\n조리용스푼', '채에 된장 0.7큰술, 쌈장 0.5큰술을 넣고\n채망\n큰술: 어른 밥 숟가락 기준', '숟가락으로 된장과 쌈장을 풀어준 다음에 가스불 센불에 올려줍니다.', '국간장 0.7큰술,\n숟가락\n큰술: 어른 밥 숟가락 기준', '까나리액젓 0.5큰술을 넣고 가스불 센불 상태에서 끓여줍니다.', '보글보글 끓어오르면 시금치와 건새우를 넣고 뒤적여줍니다.', '다시 보글보글 끓어오르면 가스불 중불로 줄여서 2분간 건새우 된장국을 끓여줍니다.', '시간이 경과 후 두부를 넣고 뒤적여줍니다.', '다시 끓어오르면 대파와 다진 마늘을 넣고 뒤적주고', '한소끔 끓어오르면 가스불을 끄고 마무리를 해주면 시금치 된장국 레시피 두부 건새우 시금치된장국 완성입니다.(맛을 보고 싱겁게 느껴지면 액젓이나 국간장을 추가로 넣고 간을 맞춰주시면 되세요)']","['시금치된장국레시피', '시금치된장국끓이는법', '두부시금치된장국', '시금치요리', '시금치국레시피', '된장국레시피', '된장시금치국', '된장시금치요리', '건새우시금치국', '건새우시금치된장국']","['손질 후', '10g', '150g', '1.5큰술', '0.7큰술', '0.7큰술', '0.5큰술', '0.7큰술', '0.5큰술', '800ml', '2개', '고명용']"
73,국/탕,,,,마지막 묵은지 털어 끓인 김치 콩나물국..,https://www.10000recipe.com/recipe/7003388,"13,406",윤씨네삼남매,5인분,30분 이내,아무나,"['묵은지', '콩나물', '청양고추', '대파', '멸치다시마티백', '국간장', '참치액', '소금', '고춧가루', '다시다']",김치 찌끄래기 섞어서 국 끓였어요,"['마지막 남은 김치예요', '몽땅 냄비에 넣어주고', '물을 2/3정도 담아줍니다', '국간장 2, 참치액1을 넣고', '멸치 다시마 티백 1개 넣고 끓여줍니다', '그 담엔 콩나물 씻어서 담아주고', '청양고추와 대파 썰어서 준비하고', '고춧가루 1큰술 추가해 끓여줍니다', '대략 20분 정도 끓이면 티백 건져내고', '고추도 넣고', '콩나물도 넣고', '소금과 다시다로 간 맞춰줍니다 먹어봐서 다시다 1티스푼 넣고 나머지 간은 소금으로 맞춰주면 됩니다.', '마지막 대파 넣어 한소쿰 끓여내면 김치 콩나물국 완성입니다']","['김치콩나물국', '김치', '국물요리', '콩나물']","['1/2포기', '200g', '1개', '1/2개', '1개', '2큰술', '1큰술', '1티스푼', '1큰술', '1티스푼']"
74,국/탕,,,,감자 계란국 끓이는 법 계란 감자국 간단한 맑은 국 요리,https://www.10000recipe.com/recipe/7029194,"29,880",Y큰손,2인분,10분 이내,아무나,"['감자', '계란', '양파', '대파', '물', '코인육수', '다진마늘', '국간장', '소금', '후추']",감자와 계란 평범한 재료로 달큼하면서 고소한 맛. 간편하게 만든 든든한 맑은 감자 계란국이에요.,"['재료를 준비해 주세요.\n감자 1개, 계란 1개, 양파 1/4개, 대파 약간', '감자 1개는 껍질을 감자 필러로 벗겨주시고 약 1cm 정도 두께로 썰어 찬물에 3번 정도 씻어 전분을 제거해 주세요.\n감자칼\n,\n도마\n,\n조리용나이프\n,\n볼\n,\n채반\n감자 손질법', '양파는 감자와 비슷한 크기로 썰어주세요.\n양파 손질법', '대파는 쫑쫑쫑 썰어주세요.\n대파 손질법', '계란은 알끈을 제거하고 풀어주세요.\n볼', '물 700ml에 코인 육수 1개를 넣어 주세요. 감자를 넣고 찬물에서부터 5분 끓여주세요.\n냄비', '양파를 넣어주시고 양념을 해주세요.', '다진 마늘 0.5, 국간장 0.5를 넣고 간을 보신 후 부족한 간은 소금으로 해주세요. 저는 소금 0.3 정도 넣어주었어요.\n요리스푼', '계란물을 냄비 가에 쪽으로 둘러서 넣어주세요. 끓어오를 때까지 잠시 두신 후 저어주세요. 계란이 얇고 모양이 예쁘게 익어요.', '대파를 넣어주시고 후추도 약간 넣어주세요.', '저어주고 불 끄고 국그릇에 담아 맛있게 드시면 됩니다.\n국자\n,\n대접']","['감자국', '계란국', '감자', '계란', '맑은국']","['1개', '1개', '1/4개', '약간', '700ml', '1개', '0.5T', '0.5T', '0.3T', '약간']"
75,국/탕,,,,오징어무국 레시피,https://www.10000recipe.com/recipe/6989529,"28,962",고구미,5인분,15분 이내,초급,"['오징어', '무', '애호박', '청양고추', '들기름', '국간장', '고춧가루', '다진 마늘', '액젓']","쌀쌀해진 날씨에 뜨~끈하고 시원~하게 먹기좋은 오징어무국 만들기
밥 한그릇 말아서 후루룩 뚝딱하기 좋습니당!","['무1/4개, 애호박 1/2개(생략가능), 청양고추3개(선택가능)\n준비해주세요!\n양파도 넣어주면 좋습니다!!', '무는 나박썰기\n애호박, 청양고추 송송송 썰어줍니당\n양파도 송송\n먹기좋은 크기로 썰어주욤!!', '오징어도 준비해줍니다\n✔️마트에 손질된 오징어 팔면 더 편해유~!!\n전 그냥 냉동오징어 사서 내장빼낸다고\n손에 오징어 냄..새가\n오징어 손질법 레시피', '오징어도 먹기좋은 크기로 썰어줍니당\n오징어무국은 딱히 다른 재료들이 없으니\n오징어와 무만 손질해서 잘라주면 거의 준비 끝입니댱', '냄비에 썰어둔 오징어, 무 넣고 들기름3스푼\n둘러서 볶아뽂아~~!!~!\n들기름이 들어가면 오징어 향을 뽑아내고,\n오징어의 깊은 맛이 난다고 합니동', '기름을 넣지 않아도 오징어와 무에서 수분이 나와\n달라붙지 않고 볶기 가능!!', '국간장2스푼 넣고 무가 살짝 투명해질때까지 볶아줍니동', '오징어와 무가 잠길정도로 물을 부어줍니당', '고춧가루1,다진 마늘1,액젓2 넣기\n(숟가락 기준)', '중간 중간 거품 거둬내면서 끓여주기', '준비해놓은 야채 우르르르르넣고\n와장창 끓여주면\n끝‼️', '오징어무국 완성']","['오징어무국레시피', '오징어레시피', '국레시피', '오징어국레시피', '간단레시피', '저녁한끼', '한끼메뉴', '해장국레시피', '저녁밥상', '오징어']","['2마리', '1/4개', '1/2개', '3개', '3숟가락', '2숟가락', '1숟가락', '1숟가락', '2숟가락']"
76,국/탕,,,,소고기당면전골 레시피,https://www.10000recipe.com/recipe/7021205,"22,297",고구미,3인분,30분 이내,아무나,"['소고기', '느타리버섯', '청양고추', '콩나물', '팽이버섯', '당면', '고추장', '고춧가루', '국간장', '액젓', '다진마늘', '후추']",당면러버들 여기 모여라 당면 너~무 좋아해서 소고기전골에도 왕창 넣어 후루룩 먹은 소고기당면전골 레시피 시작,"['고추장 1, 고춧가루 2, 국간장 3, 액젓 2, 다진마늘 1, 후추 약간넣어서 양념장을 만들어줍니당\n소스볼\n,\n조리용스푼', '전골냄비에 콩나물깔고 느타리버섯, 팽이버섯도 깔아줍니당\n전골냄비', '그 위에 당면도 얹고', '소고기도 얹고', '만들어둔 양념장 얹고 물 750ml 넣고 끓이면 ‼️끝‼️\n완전 초간단 맛있게 끓여지길 기다리기만 하면 됨 ✔️끓이면서 양념장이 잘 풀리게 풀어주세요 휙휙', '크으', '고기가득 야채가득 넘나 내스탈\n✔️모자란 간은 맛소금이나 액젓으로 맞춰주세요', '고기+콩나물+당면 다 내가 좋아하는거당 헿', '얼큰하게 먹으려고 청양고추도 썰어넣기', '소고기당면전골 완성!!! 평소에 좋아하시는 재료 가득 넣어 먹으면 좋을 거같아요! 재료준비만 해서 모두 넣고 끓이기만 하면되니 넘 쉽져 맛있게 끓여드세요']","['소고기당면전골', '소고기전골', '소고기전골레시피', '소고기전골만들기', '당면전골', '당면전골레시피', '당면전골만들기', '고기전골']","['300g', '0.5봉', '2개', '2줌', '0.5봉', '1줌', '1스푼', '2스푼', '3스푼', '2스푼', '1스푼', '약간']"
77,국/탕,,,,소고기 미역국끓이기,https://www.10000recipe.com/recipe/7075845,906,호수맘,5인분,60분 이내,아무나,"['미역', '소고기', '참기름', '국간장', '참치액젓', '물']",미역국 맛있고 쉽게 끓이는 법은 불조절입니다.,"['미역은 물에불리면 양이 많이늘어나니 처음부터 너무많이 넣지않는게 좋아요\n미역을 찬물에 20~30분 정도불러주세요 충분히불린뒤 깨끗이씻어 먹기좋은크기로잘라 채받에받처물 기를빼주세요', '냄비에 미역. 소고기 참기름3T\n넣고 강불로 3분 볶아주세요\n간장3T도 넣어주세요\n그리고 물을넣어주세요', '물은 미역이 잠기도록 넣고 끓여주세요. 알육수2개정도 넣어주시고요\n이때부터불은 약불로40분정도 응근히 끓여주세요\n끓이면서 물이적어지면 다시 더넣고 끓여주세요 저는 두번정도 더 넣었어요']","['미역국', '미역', '효능', '레시피.', '소고기']","['30g', '200g', '3T', '3~4T', '1T', '적당량']"
78,국/탕,,,,달래. 된장찌개 맛있게 끓이는 법,https://www.10000recipe.com/recipe/7075886,761,호수맘,4인분,30분 이내,아무나,"['달래', '된장', '감자', '양파', '버섯', '파', '마늘']",봄철 입맛 없을 때 향긋한 달래. 한 줌으로 된장찌개 끓으면 그 향이 얼마나 구수하고 깊은지 밥 한 그릇 똑딱입니다.,"['모든 재료는 먹기 좋은 크기로 썰어주세요', '달래도 깨끗이씻어 먹기 좋은 크기로 썰어주세요\n두부도 먹기좋은크기로 썰어주세요', '냄비에 물500ml와된장을 넣어 강불로끓여주세요\n썰어놓은 양파 버섯 파 마늘 감자 넣고 강불로 끓기 시작하면 약불로', '7~10분정도 끓여주세요 간을드셔보시고 싱거우면 새우젓약간넣어주세요 . 그리고 두부 달래를 넣고 한 소끔 끓이면 향긋한 달래된장찌개 완성입니다.']","['달래된장찌개', '.된장찌개', '레시피.', '봄제철', '요리.', '집밥', '레시피', '.달래', '요리', '.한국']","['1봉지', '2T', '3개', '1개', '약간', '1/2뿌리', '1T']"
79,국/탕,,,,초간단 미역된장국 끓이기,https://www.10000recipe.com/recipe/7070322,"2,695",자취생미고,2인분,15분 이내,아무나,"['건미역', '두부', '된장', '코인육수', '고춧가루', '물']","미역국이 먹고싶었으나 고기가 없어서
급하게 만들어본 미역된장국.
구수한 재래식된장국으로 초간단 국 완성","['건미역 한줌 (취향껏) 물에 불려두고\n두부 반모 미리 잘라놓기', '물 800ml에 코인육수 1개, 재래식 된장 2숟가락 넣고 잘 풀어서 끓여준다.', '바글바글 끓어오르면 불린 미역과 두부를 넣고 더 끓인다.', '고춧가루 반숟가락 넣고 더 끓입니다.\n*고춧가루 안넣고 그대로 드셔도 되고, 취향껏 청양고추나 고춧가루 넣으셔서 칼칼하게 드셔도 됩니다^^', '고춧가루가 잘풀릴때까지 끓이면 완성!']","['미역', '미역된장국', '미역된장', '재래식된장국', '재래식된장']","['1줌', '1/2모', '2숟가락', '1개', '1/2스푼', '800ml']"
80,국/탕,,,,국물이 시원한 뚝배기 당면 소불고기 레시피,https://www.10000recipe.com/recipe/7000439,"10,716",용주부,2인분,20분 이내,아무나,"['불고기용 소고기', '당근', '양파', '느타리 버섯', '파프리카', '당면', '간장', '올리고당', '설탕', '다진마늘', '참기름', '깨', '물']","소불고기를 볶아서 먹어도 참 맛있지만 호로록 당면과 뜨끈한 국물까지 함께 먹을 수 있어 참 좋은 오늘의 요리 "" 뚝배기 당면 소불고기 "" 만들어보아요.","['파는 송송 썰고 양파와 당근, 파프리카는 길게 썰어서 준비해요. 버섯은 느타리버섯을 준비했어요.\n파, 양파, 당근, 파프리카, 느타리버섯', '당면은 500원 동전크기 1인분을 준비해서 물에 20분 담궈 준비해요.\n당면 1인분', '소고기에 간장6스푼, 올리고당 1스푼, 설탕 반스푼, 다진마늘 1스푼, 참기름 1스푼, 깨 1스푼을 넣고 조물조물 양념이 스며들게 한 후 손질한 야채도 같이 살짝 조물조물 해요.\n간장 6스푼, 올리고당 1스푼, 설탕 반스푼, 다진마늘 1스푼, 참기름 1스푼, 깨 1스푼, 손질한 야채', '뚝배기에 고기를 담고 고기가 잠길 정도로 물을 넣은 후 끓여요.\n물\n뚝배기\n중불', '고기가 반쯤 익었을때 불린 당면을 넣고 당면이 익을동안 끓여요. 당면을 물에 오래 불렸다면 빠르게 끓일 수 있어요.\n당면 1인분\n약불', '소고기와 야채에서 나온 육수가 시원한 맛을 느끼게 해요. 뜨끈한 국물과 호로록 당면, 맛있는 소고기가 한그릇에 들어있는 오늘의 요리 뚝배기 당면 소불고기 완성됐어요.']","['소불고기', '소불고기뚝배기', '당면소불고기뚝배기', '당면소불고기']","['600g', '1개', '1개', '1팩', '1개', '1인분', '6스푼', '1스푼', '1/2스푼', '1스푼', '1스푼', '1스푼', '약간']"
81,국/탕,,,,빨간어묵 매콤~~하니 자꾸만 먹게되네?,https://www.10000recipe.com/recipe/6975041,"30,407",즐거운날랄라,2인분,15분 이내,아무나,"['어묵', '멸치육수또는 쌀뜨물', '계란 노른자', '고추장', '고춧가루', '진간장', '올리고당', '설탕', '맛술', '다진마늘', '후춧가루', '참치액젓']","길거리음식으로 빨간어묵을 빼놓을 수 없지요 부들부들한 어묵에 매콤한 양념이 쏙쏙 베어 자꾸만 끌리는 빨간어묵
﻿","['계란 2개를 찬물에 넣은 후 삶아주세요. 소금 1큰술, 식초 1큰술을 넣고 삶으면 잘 터지지 않고 껍질도 잘 까진답니다. 끓기 시작하면 8~10분 정도 삶아냅니다.(완숙)', '어묵을 팔팔 끓는 물에 한번 데쳐 낸 후 (어묵은 얇은 어묵이 더 맛있어요.)', '찬물에 헹궈주세요. 어묵을 끓는 물에 한번 데쳐내면 기름기도 제거되면서 양념이 쏙쏙 잘 베어 들어요.', '찬물에 헹궈 물기를 제거한 어묵을 3등분으로 접은 후 꼬치에 잘 끼워주세요.', '분량의 양념을 넣은 후 잘 섞어 양념장을 만들어 주세요.\n고추장 2큰술, 고춧가루 1큰술, 진간장 1큰술, 올리고당1큰술, 설탕 1큰술, 맛술 1큰술, 다진마늘 1큰술, 후춧가루 톡톡, 참치액젓 1큰술 (이나 멸치액젓, 국간장 가능)', '널찍한 냄비에 멸치육수 종이컵으로 2.5컵을 넣은 후 양념장을 넣고 잘 섞어주세요. 그리고 센 불에 팔팔 끓여주세요. (멸치육수 대신 쌀뜨물이나 물 가능합니다)', '양념장이 센 불에 끓기 시작하면 꼬치어묵을 넣은 후 중약 불로 줄인 후 10분간 더 끓여주세요. 그리고 삶은계란까지 넣어줍니다 : )', '양념이 골고루 잘 베어들 수 있게 약불상태에서 양념을 어묵에 끼얹으며 국물이 줄어들 때까지 10분간 더 졸여주세요.']",['빨간어묵'],"['8장', '또는 쌀뜨물', '2~3개', '2큰술', '1큰술', '1큰술', '1큰술', '1큰술', '1큰술', '1큰술', '톡톡', '1큰술']"
82,국/탕,,,,시원하고 뜨끈한 황태뭇국 끓이기,https://www.10000recipe.com/recipe/7011422,"23,661",1004,3인분,30분 이내,초급,"['황태포', '무', '계란', '파', '간장', '국간장', '참기름', '멸치액젓', '다진마늘', '물']",술 마신 다음날 매번 라면먹는 것보다 건강하게 해장하는 법,"['황태포를 50g을 물에 담아 불려주세요', '무는 400g 정도를 나박썰기 해주세요', '자른무를 담고 불린 포는 한입 크기로 잘라주세요', '참기름 1T, 멸치액젓 1T, 간장 1T를 넣고 중간불로 3분정도 볶아주세요', '다 볶은다음 물 1500ml 넣어주세요', '다진마늘 1T, 국간장 2T, 멸치액젓 1T 넣고 센불로 끓여주세요', '끓어오르면 깔끔한 맛을 위해 거품을 걷어주시고 뚜껑 닫아 20분정도 졸여주세요', '졸이고나서 계란 3개풀어서 넣고 파썰어서 넣고 훅 한번 더 끓으면 덜어드시면 됩니다 (싱거우신분은 국간장 더 넣으시면되요) (첨에는 싱거워도 졸이면 국물이 졸아서 맛있어요)']",['황태뭇국'],"['50g', '400g', '3개', '조금', '1T', '2T', '1T', '2T', '1T', '1500ml']"
83,국/탕,,,,몽글몽글 부드러운 순두부 계란국 끓이는법,https://www.10000recipe.com/recipe/7013057,"23,828",요리하는쮸네,4인분,20분 이내,아무나,"['순두부', '계란', '대파', '양파', '물', '국간장', '멸치 액젓', '다진 마늘', '참기름', '후추']",바쁜 아침에 후다닥 끓여서 호로록 먹기 좋은 몽글몽글 순두부 계란국 끓이는법 알려드릴게요 :),"['대파는 송송 썰고 양파는 채 썰어주세요.\n도마\n,\n조리용나이프', '계란을 부드럽게 풀어서 준비하시고요.\n볼\n,\n요리젓가락', '물 1L, 국간장 2스푼, 멸치 액젓 2스푼을 넣고 끓여주세요.\n냄비\n센 불에 조리를 시작해 주세요.', '센 불에 물이 끓으면 중불로 줄이고 다진 마늘 1스푼과 양파를 넣어주세요.', '다시 끓어오르면 계란물을 빙- 둘러서 넣어준 뒤 적당히 익으면 저어주세요.\n계란물을 넣고 바로 저으면 국물이 탁해져요.', '순두부를 반으로 자른 뒤 통으로 넣고 적당한 크기로 듬성듬성 잘라주세요.', '모자란 간은 소금을 추가해서 입맛에 맞게 맞추세요.', '대파를 넣고 한소끔 더 끓인 뒤 불을 끄고 취향껏 참기름과 후추를 넣어 마무리하세요.\n참기름과 후추를 추가하면 맛이 더욱 풍부해진답니다.']","['순두부계란국', '계란국', '순두부국']","['350g', '2개', '1/2대', '1/2개', '1L', '2스푼', '2스푼', '1스푼', '약간', '약간']"
84,국/탕,,,,맑은 감자계란국 끓이는법 아기계란국,https://www.10000recipe.com/recipe/7014837,"16,954",효땡,2인분,30분 이내,초급,"['감자', '계란', '대파', '참치액', '국간장', '소금', '육수']",감자와 계란만 넣고 맛있게 끓여먹을수 있는 초간단 감자계란국~,"['감자는 깨끗이 씻어 껍질을 벗겨주세요. 그리고 적당한 크기로 썰어주세요.\n도마\n,\n조리용나이프', '계란 2개를 그릇에 깨어 넣고 참치액 1스푼 넣고 잘 섞어주세요.\n볼\n,\n숟가락', '다패는 쏭쏭 썰어 준비해주세요.', '육수 800ml를 넣어주세요.\n냄비', '감자를 먼저 넣고 익혀주세요.', '국간장 1스푼, 소금 1티스푼 넣고 계란물을 부어주세요. 부족한 간은 소금으로 해주세요.', '대파넣고 한번 더 끓여서 마무리해주세요.']","['감자계란국', '감자국', '계란국', '아기계란국', '맑은감자계란국', '감자계란국레시피']","['1개', '2개', '조금', '1스푼', '1스푼', '1티스푼', '800ml']"
85,국/탕,,,,[애호박두부탕 끓이는 법]다이어트 식단으로 좋은 맑은 국물 요리,https://www.10000recipe.com/recipe/6963204,"57,718",만다미,4인분,15분 이내,아무나,"['애호박', '두부', '물', '쪽파', '청양고추', '홍고추', '간마늘', '새우젓']","다이어트 식단으로도 좋은 맑은 국물 요리, 수미네반찬 레시피로 만들어 본 애호박두부탕~!!","['재료를 준비해 주세요.(Tip.수미네반찬 애호박두부탕은 청양고추는 넣지 않아요.)\n애호박 1개, 두부 1모, 물 500ml, 쪽파 1대, 청양고추 1개, 홍고추 약간, 간마늘 1큰술, 새우젓 2큰술', '애호박, 두부를 먹기 좋은 크기로 썰어 주세요.\n애호박 1개, 두부 1모', '냄비에 물을 붓고 애호박을 담은 후 강중불에서 4~5분 정도 끓여 주세요.\n애호박 1개, 물 500ml', '두부를 넣고 중불에서 1분 정도 끓여 주세요.\n두부 1모', '간마늘, 새우젓을 넣고 중불에서 2~3분 정도 끓여 주세요. (Tip.간을 보신 후, 싱거우면 새우젓을 더 넣어 주시고 짜면 물을 좀 더 넣어 간을 맞춰 주세요.)\n간마늘 1큰술, 새우젓 2큰술', '쪽파, 청양고추, 홍고추를 넣고 중약불에서 30초 정도 끓인 후 마무리해 주세요.\n쪽파 1대, 청양고추 1개, 홍고추 약간', '애호박두부탕 완성~!!']","['애호박두부탕', '애호박', '두부', '탕', '국', '맑은국물', '다이어트', '수미네반찬', '비오는날', '흐린날']","['1개', '1모', '500ml', '1대', '1개', '약간', '1큰술', '2큰술']"
86,국/탕,,,,얼큰 무청시래기 소고기 된장국,https://www.10000recipe.com/recipe/7074563,"1,414",내맛대로요리레시피,6인분 이상,60분 이내,중급,"['무청시래기', '샤브용 소고기 목살', '감자', '대파', '멸치육수', '국간장', '참치액젓', '맛술', '들기름', '다진 마늘', '소금', '후춧가루', '고춧가루', '고추장', '된장']",무청시래기와 소고기 감자를 넣고 푹 끓인 얼큰 무청시래기 소고기 된장국입니다. 언제 먹어도 맛있는 힌국인의 소울푸드죠!,"['소고기는 기름기가 적은 샤브용 소고기를 준비합니다.', '감자는 껍질을 깎고 2 ~ 3cm 크기의 큐브 모양으로 썰어주세요.\n대파는 송송 썰어주세요.', '무청시래기는 먹기 좋은 길이로 잘라주세요.', '국간장 2큰술, 참치액젓 1큰술, 맛술 2큰술, 들기름 2큰술, 다진 마늘 2큰술, 소금 1/2작은술, 후춧가루 약간, 고춧가루 3큰술, 고추장 1큰술, 된장 2큰술을 넣고 무청시래기와 버무려서 시래기 양념을 해 주세요', '국 냄비에 멸치육수 10컵을 붓고 물이 끓어오르면 양념해 놓은 시래기와 감자를 넣어주세요.', '강불에서 육수가 끓어오르면 중불로 낮추어 감자가 익을 때까지 끓여주세요.\n중간에 떠오르는 거품은 걷어가며 끓여주세요.', '감자가 익었으면 소고기를 넣어주세요.', '소고기가 익을 때까지 끓인 후 대파를 넣고 한소끔 더 끓여주세요.\n부족한 간은 참치액젓으로 맞추고 불을 꺼주세요.', '따뜻할 때 그릇에 담고 완성합니다.']","['무청시래기된장국', '시래기소고기된장국', '무청시래기요리', '얼큰시래기된장국', '무청시래기된장국', '시래기소고기된장국', '무청시래기요리', '얼큰시래기된장국']","['400g', '300g', '3개', '1대', '10컵', '2큰술', '1큰술', '2큰술', '2큰술', '2큰술', '1/2작은술', '약간', '3큰술', '1큰술', '2큰술']"
87,국/탕,,,,팽이버섯 파 계란국 레시피,https://www.10000recipe.com/recipe/7009401,"10,467",용주부,2인분,15분 이내,아무나,"['계란', '팽이버섯', '국물용 멸치', '파', '후추', '소금', '국간장', '물']","팽이버섯 구입하면 항상 조금씩 남는 경우가 많은데 그럴때 후다닥 초간단하게 팽이버섯 넣은 계란국을 끓여요. 계란만 넣고 끓이는 계란국보다는 오독 식감이 좋은 팽이 버섯을 넣고 끓이면 더 맛있는 계란국이 완성돼죠!! 오늘의 요리 ""팽이버섯 계란국 "" 만들어 보아요.","['팽이버섯 한 줌을 송송 썰어 준비하고, 파도 송송 썰어 준비해요.', '계란은 1개 잘 풀어 준비해요.', '물 1300ml에 육수용 멸치를 넣고 바글바글 끓여요', '너무 오래 끓으면 육수의 비린맛이 나니 바글바글 끓으면 육수의 멸치를 건져요.', '국간장 2스푼반을 넣어요.', '송송 썬 팽이버섯을 넣고 끓여요.', '팽이버섯이 바글바글 끓어 오르면 소금으로 부족한 간을 해줘요.', '송송 썬 파도 넣어서 한번 더 끓여요. 후추도 톡톡 넣어주면 더 맛있어요', '계란물을 마지막에 풀어주면 맛있는 팽이버섯 계란국이 완성됩니다.', '식감이 좋은 팽이버섯 계란국이 완성됐어요.']","['계란국끓이는법', '팽이버섯계란국', '계란요리', '계란국']","['1개', '1줌', '10개', '10cm', '', '', '2.5스푼', '1300ml']"
88,국/탕,,,,새우살로 만드는 얼큰한 새우탕 만들기,https://www.10000recipe.com/recipe/6902441,"305,522",아랄랄라,2인분,60분 이내,아무나,"['냉동 새우살', '양파', '애호박', '대파', '청양고추', '다시마', '멸치', '물', '된장', '다진 마늘', '고춧가루', '액젓']","얼큰하면서 시원한 해물이 들어간
탕을 먹고 싶었는데
새우살로 야매(???!!) 간단 새우탕 만들어봤습니다 :)
간단하게 만드는 얼큰 새우탕 레시피 가져왔습니다 :D","['· 멸치 다시 육수를 끓여줍니다\n( 저는 집에 다시팩이 있어서 넣어줬습니다 )\n- 다시마 3장, 멸치 7~10개, 물 1L\n넣고 끓이다가 물이 끓으면 다시마만 뻬 주고 7~10분간 더 끓여주세요', '· 냉동새우살은 흐르는 물에 2~3번 씻어내준 뒤 체에 밭쳐 물기를 빼 줍니다', '· 양파 채 썰고', '대파는 쫑쫑 썰어줍니다', '· 애호박은 반달썰기로 썰어주고', '취향에 따라 청양고추도 썰어줍니다', '· 육수가 준비가 되면\n양파와 애호박 먼저 넣고', '· 된장 1 큰 술, 다진 마늘 1 큰 술, 고춧가루 2 큰 술 넣고 골고루 풀어주며 끓여주다가\n양념이 골고루 풀어지면\n새우와 대파, 청양고추를 넣어줍니다', '· 약 5분간 더 끓여주다가 간을 보고\n액젓으로 간을 해줍니다\n- 액젓 향을 싫어하시는 분들은 국간장으로 간해주세요', '끓으면서 나오는 거품은 걷어주세요 :)', '완성!!!', '새우살로 만드는 간단하고\n시원 얼큰한\n새우탕']","['새우탕', '냉동새우살', '새우살', '칵테일새우', '간단국']","['200g', '1/2개', '1/2개', '1대', '2개', '3장', '7~10개', '1L', '1큰술', '1큰술', '2큰술', '1큰술']"
89,국/탕,,,,"(유아국,어린이국)순두부 들깨가루 무채국!",https://www.10000recipe.com/recipe/7052509,"2,957",왕눈이의맛있는이야기,5인분,30분 이내,아무나,"['제주 무', '순두부작은', '대파', '들기름이나 참기름', '다진마늘', '들깨가루', '참치액', '소금무채절일때', '소금입맛대로']","단맛이 좋은 제주무와 부드러운 순두부에 고소한 들깨가루를 넣어서 순한맛으로 국을 끓여봤어요. 유아,어린이 또는 환자식단으로도 좋아요","['무를 껍질을 벗겨주신후 일반무채보다 조금은 두껍게 무채를 썰어주신후 소금을 넣어 잘 섞어주신후 10분정도 절여서 물기를 짜주세요\n도마\n,\n조리용나이프\n,\n볼', '순두부를 뜯어 먹기좋게 잘라주시고 대파를 쫑쫑썰어서 준비해주세요', '절여 물기짜준 무채를 들기름이나 참기름을 넣어서 1~2분간 살짝 볶아주시다가 무채가 살짝 잠기듯이 물이나 육수를 부어서 끓여주세요\n궁중팬\n,\n조리용스푼', '자른 순두부를 조심히 넣어주시고 자른대파를 넣어주세요. 10분정도 펄펄 끓여주시면서 다진마늘,참치액을 넣어 국물의 밑간을 해주세요', '들깨가루를 취향껏 넣어주시고 5분정도 끓여주시면 완성이네요', '완성후에 국물의간을 보시고 부족하시면 소금을 추가해주시면 되세요']","['환자식단', '저염식단', '초간단', '초스피드', '아침국', '저자극음식', '부드러운국', '영양식', '맵지않은국']","['1/2개', '작은', '조금', '이나 참기름', '1/2작은술', '2~3큰술', '1큰술', '무채절일때', '입맛대로']"
90,국/탕,,,,냉이된장국 레시피 끓이는법 효능 냉이요리 추천,https://www.10000recipe.com/recipe/7073523,835,뚜루,2인분,20분 이내,아무나,"['냉이', '애호박', '양파', '청양고추', '두부', '물', '된장', '코인육수', '다진마늘', '고춧가루']","냉이 하면 가장 먼저 떠오르는 요리가 바로 냉이된장국이에요. 된장국에 냉이를 넣어 끓이면 향이 은은하게 올라오면서 밥이랑 같이 먹기 좋은 국이 되거든요. 자극적인 국이 아니라서 집밥 느낌도 나고 속도 편한 메뉴예요. 오늘은 집에서 간단하게 끓여 먹기 좋은 봄 제철 음식, 냉이된장국 끓이는법 소개해 드릴게요 '◡'","['애호박 1/3개, 양파 1/4개, 두부 200g 그리고 손질한 냉이 60g을 준비합니다.', '재료들은 비슷한 크기로 깍둑썰기해 주세요.', '물 500ml에 된장 2.5T를 풀어주세요. 그리고 여기에 코인육수 한 알을 넣어주면 따로 멸치 육수를 내지 않아도 감칠맛이 자연스럽게 올라와요.', '코인육수가 모두 풀어지면 잘라둔 애호박과 양파를 넣어 야채가 살캉하게 익을만큼만 끓여주세요. 된장국에는 채소가 먼저 들어가야 국물이 자연스럽게 달큰해져요.', '깨끗하게 손질한 냉이를 넣고 다진마늘 1/2T를 넣어주세요. 냉이는 오래 끓이면 향이 줄어들기 때문에 이 단계에서 넣는 게 좋아요. 냄비에 냉이를 넣는 순간 냉이 특유의 향이 은근하게 올라와요.', '냉이의 숨이 살짝 죽으면 두부와 고춧가루 1/2T를 넣고 한소끔 끓여주세요.', '국물에 칼칼함을 추가하고 싶으면 청양고추 1~2개를 넣어 마무리해 주세요.']","['냉이된장국', '냉이요리', '된장국', '된장찌개', '봄제철음식']","['60g', '1/3개', '1/4개', '1개', '200g', '500ml', '2.5큰술', '1큰술', '1/2큰술', '1/2큰술']"
91,찌개,,,,밥 비벼 먹기 좋은 참치 두부조림,https://www.10000recipe.com/recipe/7041518,"15,488",yaongkitchen,2인분,15분 이내,초급,"['두부', '양파', '대파', '참치', '간장', '설탕', '미림', '고추장', '고추가루', '참치액', '굴소스', '다진마늘', '후추', '물']","간단한 저녁메뉴를 고민하다가, 든든하고 간단히 먹을 수 있는 두부 조림. 참치를 넣으니 찐득하니, 밥에 쓱싹 비벼 먹으니 넘 맛있더라고요. ❣️ 해장으로도 좋을 것 같아요. ✨간단한 한 끼 메뉴로 추천추천입니다.","['물과 양념장을 넣어서 잘 섞어 주세요. (코인 육수도 넣어주시면 좋아요)\n볼\n,\n계량스푼', '양파(반개)를 채 썰어 준비해 주세요.\n도마\n,\n조리용나이프', '대파와 고추도 썰어서 준비해 주세요.', '팬에 양파를 깔아주세요.\n프라이팬', '그 위에 두부와 참치를 올려 주세요.', '미리 준비해 둔 양념장을 부어주세요.', '대파와 고추도 가득 올리고 국물이 자작해질때까지 졸여주세요.\n(중불로 5분 정도 익히다가 약불로 익히기)\n요리스푼']","['밥도둑', '간단요리', '한그릇요리', '초간단요리\n두부요리', '두부조림', '두부찜', '참치두부찜']","['1모', '1/2개', '1/2단', '1/2캔', '2T', '1/2T', '1T', '1T', '2T', '1T', '1/2T', '1T', '조금', '150L']"
92,찌개,,,,다른반찬이 필요없는 두부짜글이로 밥한공기 뚝딱!,https://www.10000recipe.com/recipe/6910367,"553,230",나지로그,3인분,30분 이내,아무나,"['두부', '양파', '청양고추', '대파', '고춧가루', '고추장', '간장', '설탕', '다진마늘']","제가 두부를 제일 좋아해서 두부요리는 다 맛있는것같아요ㅋㅋㅋ
오늘 선보일 두부짜글이도 역시나 맛있었네요!!","['먼저\xa0양파1/2개와\xa0청양고추2개를 먹기좋게 썰어주세요', '고춧가루1.5T,\xa0고추장1.5T,\xa0간장2T,\xa0설탕1T,\xa0다진마늘1/2T를 섞어서 양념장을 만들어주세요', '낮은 후라이팬에\xa0양파를 올리고\xa0두부를 삥 둘러서 올려주세요', '물은 두부가 자작하게 잠길정도만 넣어주시고\n양념장을 그 위에 올려주세요', '뚜껑을 닫고 약한불에 졸여주세요', '뚜껑을 잠시 열고\xa0대파와\xa0청양고추2개를 넣어서 다시 졸여주세요\n국물이 없어질정도로 졸여주세요']","['두부요리', '두부짜글이', '양파요리', '두부짜글이', '양념장']","['1모', '1/2개', '2개', '', '1.5T', '1.5T', '2T', '1T', '1/2T']"
93,찌개,,,,버섯찌개 - 숙주버섯찌개,https://www.10000recipe.com/recipe/6854147,"266,133",시크제이맘,4인분,60분 이내,초급,"['느타리버섯', '숙주나물', '식용유', '다진마늘', '고춧가루', '국간장', '멸치다시마육수', '소금', '후춧가루']",아삭한 숙주 쫄깃한 버섯이 가득 들어있는 숙주버섯찌개 얼큰하니 맛나요 ^^,"['느타리버섯이랑 숙주는 깨끗하게 손질해서 준비해 줍니다.\n숙주 손질법 레시피', '멸치왕창 넣고~~ 다시마도 한장 넣고 육수를 진하게 끓여 줍니다.', '냄비에 식용유2,다진마늘1,고춧가루3을 넣고약불에서 양념을 볶아 줍니다. 양념이 타지 않게 약불로 볶다~ 국간장3을 넣고 고추기름과 잘 섞이게 볶아주세요.', '이젠 버섯을 넣어 양념장에 고루 볶아주고~', '숙주도 넣어 볶아줍니다.', '고루 잘 볶아주기!', '멸치다시마육수를 6컵 부어줍니다.', '10분정도 끓이다 파를 넣고 5분 더 끓여 마무리 해주세요. 부족한 간은 소금으로~ 입맛에 따라 후추를 넣어 주셔도 됩니다.']","['버섯찌개', '숙주버섯찌개', '느타리버섯', '숙주나물']","['1팩', '2줌', '2', '1', '3', '3', '6', '', '']"
94,찌개,,,,칼칼한 된장찌개 끓이기,https://www.10000recipe.com/recipe/7079327,771,호수맘,4인분,20분 이내,아무나,"['된장', '애호박', '양파', '표고버섯', '파', '두부', '구매', '느타리버섯', '마늘', '김치국물']",냉장고에있는재료로 청양고추넣고 칼칼하게끓인 된장찌개입니다,"['냄비에 알육수 2개와 된장 물500ml 넣고 끓여 주세요.\n모든 야채는 먹기 좋은 크기로 썰어 주세요', '된장국물이 끓기시작하면 썰어놓은 야채를 넣어주세요\n청양고추도넣어주세요', '야채넣은된장에 김치국물을 넣어주세요 3~4분끓인뒤 두부를넣고 살짝 끓여주시면 청양고추향이가득한 된장찌개 완성입니다']","['시골된장국', '된장찌개', '집밥레시피', '얼큰한된장찌개']","['2T', '1/3개', '1/2개', '1개', '1/2대', '1/2모', '2개', '1줌', '1T', '1국자']"
95,찌개,,,,스팸순두부찌개,https://www.10000recipe.com/recipe/7008060,"13,529",승일승훈,4인분,30분 이내,초급,"['스팸', '순두부', '다진마늘', '청양고추', '대파', '후춧가루', '고춧가루', '진간장', '굴소스', '설탕']",순두부찌개는 주부로서 제일 어려운 요리중에 하나인데 스팸을 이용해서 만든 스팸순두찌개로 자신감이 생긴 요리레시피 입니다.,"['스팸순두부찌개를 소개합니다.', '스팸은 위생봉지를 이용해서 으깨주세요.', '냄비에 기름을 넉넉하게 두른후 스팸을 노릇해 질때까지 볶아주세요.', '고춧가루 3스푼을 넣어준후 고추기름을 내듯이 볶아주세요.\n설탕을 추가로 넣어주세요.', '간장을 넣어서 불맛이 나도록 끊여준후 굴소스를 넣어서 한소큼 더 볶아주세요.', '물300ml를 넣어서 졸여가면서 끊여줍니다.', '순두부를 두툼하게 썰어서 넣어주세요.', '대파와 후춧가루를 넣어서 보글보글 끊여주세요.', '스팸순두부찌개가 완성이 되었습니다.']","['스팸순두부찌개', '순두부찌개', '스팸찌개', '만개의쉐프', '만개의레시피']","['1캔', '2봉', '1스푼', '1개', '1/2개', '약간', '3스푼', '3스푼', '2스푼', '1스푼']"
96,찌개,,,,짬뽕맛 나는 오징어찌개 만들기,https://www.10000recipe.com/recipe/6834020,"262,280",꼬시미,2인분,30분 이내,초급,"['오징어', '애호박', '양파', '청양고추', '콩나물', '대파', '멸치국물다시용', '포도씨유', '고춧가루', '다진 파', '다진 마늘', '국간장', '고추장', '소금', '후춧가루']",시원한 맛이 일품인 짬뽕맛 나는 오징어찌개 만들기입니다.,"['멸치와 다시마를 넣고 약한 불에서 10분정도 끓인 후 체에 걸러 육수를 준비합니다', '애호박은 4등분, 양파 채썰고, 청양고추와 홍고추는 어슷 썰어 주세요', '오징어는 몸통 안쪽에 사선으로 잔 칼집을 내고 적당히 썰어 주세요', '볼에 양념 재료를 넣어주세요.', '오징어, 애호박, 양파를 넣어 골고루 버무려 주세요', '콩나물 3줌정도 물에 씻어 준비해주세요.', '냄비에 포도씨유 1큰술을 두르고 양념 해 놓은 재료들을 넣어 중약 불에서 2분정도 볶아 주세요', '멸치 육수 4컵정도 붓고 콩나물 넣어 주세요 뚜껑은 덮지 마세요~~', '한소끔 끓으면 요로케 거품이 마구 마구 생기는데 싸악~걷어 내야 잡내가 안나고 국물이 시원합니다~ 8분정도 끓여주세요.', '청양고추와 홍고추 대파를 넣고 중약 불에서 2분정도 끓이면 완성~ 너무 오래 끓이면 오징어가 질겨지고 채소들도 숨이 다 죽어 맛이 없어요!']","['오징어', '오징어찌개', '오징어요리', '해장에좋은음식', '점심메뉴추천']","['1마리', '1/2개', '1/2개', '1개', '3줌', '조금', '국물다시용', '1큰술', '1큰술', '1큰술', '1큰술', '1큰술', '1작은술', '1작은술', '조금']"
97,찌개,,,,뜨끈한 국물이 생각날때! 참치감자찌개.,https://www.10000recipe.com/recipe/6870873,"265,110",어부동김반장,2인분,30분 이내,아무나,"['감자220g', '참치캔150g', '양파', '고추장', '고추가루', '청양고추', '다진파', '다진마늘', '소금', '후추', '물']","어제부터 비가 내리더니 무더위까지 데려 갔나봐요.
뜨끈한 국물요리가 생각 나더라구요.
참치와 감자를 넣어 얼큰하면서도 담백한 고추장찌개를 끊여 봤어요.
햇감자의 포근함과 고추장찌개의 매콤함이 어우러진
오늘처럼 비가 촉촉히 내리는날 딱! 어울리는 음식이네요.
캠핑요리로도 아주 잘 어울려요.","['감자는 납작하면서 도톰하게 썰어주고,\n양파는 도톰하게 썰고 청양고추와 대파는 송송 썰어 줍니다.', '참치캔 국물은 냄비에 넣어주고,\n참치는 따로 준비합니다.', '참치국물에 감자를 볶아 줍니다.', '감자 모서리가 살짝 투명해지면\n물3컵을 넣어주고,\n고추장, 고추가루를 넣고 끓여 줍니다.\n너무 센불에 끊이면 고추장이 여기저기 튀어서 난리도 아니에요 ㅎㅎ', '감자가 반쯤 익으면 참치를 넣고\n감자가 익을때 까지 끓여요.\n다진마늘과 다진파, 양파를 넣고 한소끔 끓여 줍니다.\n저는 느타리버섯이 있어서 조금 넣어주었어요.', '마지막 간은 소금간 해주시면 되구요.\n저는 집고추장으로 해서 설탕 조금 넣어 주었어요.\n고추장찌개는 달달해야 더 맛있더라구요.', '감자의 포근함과 얼큰함을 느낄수 있는 참치감자찌개 완성입니다.']","['감자요리', '비오는날음식', '여름반찬', '참치요리', '참치감자찌개', '고추장찌개', '일상', '술안주', '스피드요리']","['220g', '150g', '1개', '2숟가락', '1숟가락', '2개', '2숟가락', '1/2숟가락', '조금', '톡톡', '3컵']"
98,찌개,,,,흑백요리사 두부요리 이모카세 고추장 두부찌개 레시피,https://www.10000recipe.com/recipe/7038927,"7,676",우당탕탕숏다&롱다레시피,2인분,20분 이내,아무나,"['두부500g', '청양고추', '대파흰부분 10~15cm', '대파초록부분 5cm 고명용', '물', '후추', '고춧가루크게', '고추장크게', '다진마늘', '참치액', '국간장or 소금 간 추가']",양념이 맛있는 이모카세 두부찌개,"['대파 흰부분은 파기름용으로 최대한 얇게 썰어주고, 마지막 고명용으로 올리는 대파는 청양고추와 함께 송송 썰어 준비합니다. 청양고추1개만 넣었더니 많이 칼칼하지 않았는데 취향껏 더 추가해서 칼칼하게 먹어도 됩니다.\n대파흰부분 10~15cm 1개 대파 초록부분 5cm1개 (고명용) 청양고추1개\n도마\n,\n조리용나이프\n대파 손질법', '두부는 큼지막하고 두툼하게 썰어 준비합니다. 이번에 두부 한모 500g 구매해서 만들었는데 성인2명이서 반이상 먹었어요~\n두부 1모 500g', '냄비에 식용유 4T와 대파 흰부분을 넣어 파향을 내줍니다.\n식용유4T', '어느 정도 향이 올라오면 고춧가루 듬뿍1T, 고추장 듬뿍1T, 다진마늘은 납작하게 1T를 넣어 주고 고추기름을 만들어 줍니다.고추기름을 만들때는 약불로 불을 낮추고 재료들을 골고루 섞어 주면서 볶아줍니다.\n고춧가루 듬뿍1T 고추장 듬뿍1T 다진마늘 납작하게 1T\n냄비\n,\n조리용스푼', '볶은 재료에 물 300ml 넣어주고 강불로 팔팔 끓여줍니다. 물 300ml 넣었더니 국물 떠 먹기 딱 좋더라구요~\n물300ml', '한번 양념을 팔팔 끓인 후에 두부를 사이드에 차곡차곡 넣어 준후 두부위에 숟가락을 이용해서 양념을 끼 얹어 줍니다. 물이 300ml라 두부가 다 잠기지 않아서 양념이 골고루 베이게 해주세요.', '그리고 우선 참치액1T를 넣은 후 간을 봅니다. 간이 부족하면 국간장이나 소금을 추가로 넣어 간을 맞춰 주세요~\n참치액1T 국간장 or 소금 간 추가', '마지막으로 고명용 대파와 청양고추 넣어주고 후추소량 뿌려 1~2분간 더 끓여 마무리 해줍니다.\n후추소량']","['두부', '두부요리', '이모카세고추장두부찌개', '두부찌개']","['500g', '1개', '흰부분 10~15cm', '초록부분 5cm 고명용', '300ml', '소량', '크게', '크게', '1T', '1T', 'or 소금 간 추가']"
99,찌개,,,,넌깍둑썰기만해 ♥ 스팸짜글이,https://www.10000recipe.com/recipe/6892088,"381,136",만개의레시피,2인분,10분 이내,초급,"['스팸', '양파', '감자', '두부', '애호박', '대파', '물', '고추장', '고춧가루', '국간장', '다진마늘', '후춧가루']","재료만 깍둑썰기 하면 요리 끝~
요알못도 쉽게 만드는 스팸짜글이 레시피 ^0^♪♬
세상의 모든 레시피 만개의레시피","['재료들은 모두 깍둑 썰어 준비한다.', '양념재료를 섞는다.', '냄비에 재료들을 모두 담고, 물을 붓고 끓인다.\n냄비', '섞은 양념을 넣고 끓여 완성한다.']","['스팸짜글이', '스팸', '국물요리', '소주안주', '레시피']","['200g', '1/4개', '1/4개', '1/4모', '1/4개', '1/4대', '2종이컵', '2숟가락', '1숟가락', '1숟가락', '1숟가락', '1/2숟가락']"
100,찌개,,,,반찬 없을때~ [백종원콩나물찌개]정말 대박대박 맛있어요~♡,https://www.10000recipe.com/recipe/6837643,"278,250",미모고,4인분,15분 이내,아무나,"['콩나물', '돼지고기다짐육', '양파', '표고버섯', '청 고추또는 홍고추', '파', '식용유소주잔', '다진마늘', '새우젓', '간장']",백종원님 레시피는 항상 실망시키지 않지만 이거 역시!!! 엄지 척! 올라가는 맛있예요^^ 해장으로 제격~!!!!!,"['먼저 고기를 준비해 주세요 (저는 앞다리살 사놓은게 있어서 적당한 크기로 썰어서 사용했어요 )', '식용유 1컵(소주잔) 과 파1컵(종이컵) 을 넣고 파기름을 내줍니다.', '파가 어느정도 볶아지면 고기를 넣고 같이 볶아줍니다. (이때 향이 넘 좋아요^^ 그냥 집어먹고싶은 충동이..ㅋㅋ)', '고기가 어느정도 볶아졌으면 고추가루1컵(소주잔)을 넣고 볶아주세요', '고추가루가 들어가면 양념이 금방 타니 휘리릭 재빠르게 볶아주세요', '콩나물을 올리고 살짝 물이 잠길정도로 부어주세요', '저는 표고버섯 불린물도 같이 넣어줬어요.', '새우젓 한큰술 / 간장 한큰술 / 마늘 한큰술 넣어주시고 썰어놓은 고추도 넣어주세요.']","['백종원콩나물찌개', '콩나물요리', '해장요리', '백종원집밥']","['1봉지', '1컵', '1/2개', '1줌', '또는 홍고추', '1컵', '소주잔', '1큰술', '1큰술', '1큰술']"
101,찌개,,,,대패 삼겹살 순두부 짜 글이 인기 메뉴,https://www.10000recipe.com/recipe/6877051,"130,233",815요리사랑,3인분,15분 이내,아무나,"['대패 삼겹살', '순두부', '양파', '느타리버섯', '청양고추', '홍고추', '대파', '다진 마늘', '생강즙', '간장', '맛술', '설탕', '고춧가루', '고추장', '참기름', '후춧가루', '멸치다시마 육수']",느끼한 속을 확 풀어줄 대패 삼겹살 순두부 짜 글이~얼큰하고 부드럽게 순두부 짜 글이 만들기~~,"['느타리버섯은 흐르는 물에 가볍게 헹궈 찢어주고 양파 대파 고추는 썰어 준비합니다 순두부는 반을 자른 후 그릇에 꺼내놓으면 편리해요', '분량의 양념을 만들고 간장3,설탕1/2,고추장1,고춧가루2/3 넣어 섞어줍니다\n참기름과 후춧가루는 마지막에 사용합니다', '끓이기~냄비에 순두부와 양파 넣고', '양념과 멸치 육수 1컵을 부은 후 끓여주어요\n중불', '순두부가 보글보글 끓으면 대패 삼겹살을 넣고 끓이고\n중간중간 국물을 끼얹어주셔요~', '삼겹살이 익을 즘 느타리버섯 대파 고추 넣어줍니다', '보글보글 한소끔 끓여 불 끄고 마지막에 참기름 1t과 후춧가루 솔솔 뿌려주어요', '느끼한 속을 확 날려주는 얼큰하고 맛있게 매운 대패 삼겹살 완성~']","['순두부찌개', '순두부짜', '글이', '대패삼겹살', '삼겹살짜', '글이', '술안주', '저녁반찬', '짜글이']","['300g', '1봉지', '1/2개', '1줌', '2개', '1개', '1대', '1T', '약간', '3T', '2T', '1t', '2/3T', '1T', '1t', '약간', '1컵']"
102,찌개,,,,깔끔담백!! 두부감자전골,https://www.10000recipe.com/recipe/6933928,"138,433",양손밥,4인분,30분 이내,초급,"['두부', '감자', '양파', '마늘', '청양고추', '대파', '멸치육수', '간장', '고추가루', '청양고추가루', '설탕', '다진마늘', '맛술', '깨', '후추가루', '참기름']","감자가 많아서 뭐해먹을까하다가 두부사다가 두부와 감자를 많이넣고 끓여서 먹었습니다.
뜨거운밥이랑 먹으면 환상입니다 ㅎ
담백하게 드실수 있는 두부전골입니다 ^^","['원하는 크기로 감자썰기', '원하는 크기로 양파썰기', '원하는 크기로 마늘썰기', '원하는크기로 고추썰기', '두부는 네모모양으로 썰어주세요 너무얇게썰면 다 부서지니 적당한 두께로 썰어주세요', '위의 재료로 양념장을 만들어 줍니다.', '후라이팬밑에 감자를 먼저 깔아주세요', '그위에 두부를 올려주세요', '양파 마늘 고추를 넣고 멸치육수 3컵을 넣어줍니다.', '양념장을 넣어줍니다', '한번끓으면 불을 줄이고 중불에서 졸이듯이 끓여줍니다', '감자가 익을정도가 되면 대파로 마무리해주세요', '맛있게 드세요^^']","['두부요리', '감자요리', '두부', '감자', '두부전골', '감자전골', '손님접대']","['2모', '2개', '1개', '10개', '5개', '조금', '3컵', '8스푼', '3스푼', '1스푼', '1스푼', '1스푼', '2스푼', '1스푼', '약간', '1스푼']"
103,찌개,,,,캔 꽁치 무 찌개,https://www.10000recipe.com/recipe/6875346,"73,702",밥차리라,3인분,30분 이내,아무나,"['꽁치캔', '양파', '대파', '무', '간장', '고춧가루', '다진마늘', '올리고당', '후추', '맛술']",은근 밥도듁~~^^,"['무,대파,양파 썰어 준비합니다', '분량의 양념을 모두 볼에 담고', '섞어줍니다', '뚝배기에 무 깔아 주고\n꽁치를 부어준다\n(캔에 있는 국물은 선택)', '물 (종이컵) 1 붓고\n준비한 양념 반은 남기고\n꽁치 위 고루 얹어 주세요', '대파,양파 올려 주고', '남겨 놓은 양념 야채 위\n골고루 올려준다', '센불에서 보글보글 끓어 오르면', '약한 불로 줄이고 뚜껑을 덮은 후', '푸욱 ~ 끓여 완성한다']","['간단한찌개', '아침찌개', '꽁치찌개', '무반찬']","['1캔', '1/2개', '1대', '150g', '5큰술', '2큰술', '1큰술', '1큰술', '톡톡', '2큰술']"
104,찌개,,,,[간단 자취요리] 보글보글~ 만두 짜글이 만들기,https://www.10000recipe.com/recipe/6870713,"76,359",얌무,2인분,30분 이내,아무나,"['냉동왕만두', '양파', '대파생략가능', '고춧가루', '간장', '다진마늘']","안녕하세요 여러분!!!
오늘의 요리는 만두 짜글이입니다 :)
늘 그렇듯 이 요리도 무한 응용이 가능한데요~
양념을 따로 하지 않고 하얀 국물로 드실수도 있고,
버섯 대신 햄이나 소시지를 넣어서 드실수도 있어요!","['재료를 준비한다.', '양파를 채썬다.', '양념을 볼에 담아 섞는다.', '냄비에 재료를 담는다.', '사골 육수를 넣는다.', '준비해둔 양념장을 넣는다.', '재료가 잘 익도록 보글보글 끓여준다.\n중불\n뜨는 거품을 살살 걷어준다.']","['얌무', '만두짜글이', '짜글이', '자취요리', '간단요리', '혼밥']","['5개', '1/2개', '생략가능', '4T', '3T', '1T']"
105,찌개,,,,삼겹살 순두부 짜글이,https://www.10000recipe.com/recipe/6860647,"193,806",815요리사랑,2인분,30분 이내,아무나,"['삼겹살', '순두부', '양파', '대파', '청양고추', '홍고추', '다진마늘', '다진생강', '고추장', '고춧가루', '설탕', '청주', '맛술', '참기름', '후춧가루', '간장진/양조간장', '물']",우리돼지 한돈으로 돼지고기삼겹살 순두부 짜글짜글 볶음인데요 짜글짜글 끓여 짜글이라고 했어요~삼겹살에 갖은양념해 조물조물 버무리고 매운고추로 칼칼한 맛을 더 했어요~ 자박하게 끓여 밥 위에 올려 쓱쓱 비벼먹으면 열 반찬이 필요없더라구요~,"['맛있는 우리돼지 삼겹살 준비하고요', '삼겹살은 먹기좋은 크기로 자릅니다', '대파 양파 청양고추 홍고추도 송송썰어 준비합니다', '순두부는 볼에 담아 듬성듬성 자르고', '돼지고기양념하기-전골냄비에 돼지고기를 한쪽으로 담아놓고 냄비를 약간기우려 물을 뺀 나머지 양념 모두 넣고 섞은 다음 고기에 버무려 양념이 배게 잠시둡니다', '잠시 재운 돼지고기는 약불에 올리고', '타지않게 뒤적거려 익혀주세요', '고기가 반이상이 익으면 양파 대파를 넣고 고루익도록 섞어주고', '고기가 다 익으면 물50cc를 붓고', '순두부를 넣고 살살 섞어줍니다', '순두부에 간이배면 불을 끄고 마무리합니다']","['순두부짜글이', '순두부요리', '순두부', '삼겹살요리']","['350g', '1봉지', '1/4개', '1대', '1개', '1/2개', '1T', '약간', '1T', '1T', '1t', '1T', '1T', '1t', '약간', '진/양조간장', '50cc']"
106,찌개,,,,순두부찌개 맛있게 끓이는법,https://www.10000recipe.com/recipe/7077876,579,호수맘,5인분,30분 이내,아무나,"['순두부', '소고기', '양파', '대파', '호박', '표고버섯', '해산물', '고추가루', '청양고추가루', '집간장', '식용유']",부드러운 순두부와 얼큰한 국물이 잘어우러진 순두부찌개를 집에서도 쉽게 만들수있어요,"['모든 재료는 먹기 좋은 크기로 썰어주세요.', '웍에 기름과썰어놓은 파 마늘 고추가루를 넣고 고추 기름을 내주세요\n그리고 물 700ml와 썰어놓은 소고기를 넣어주세요..', '강불에 소고기가 익도록 5분 끓여주세요. 그리고 집간장 썰어놓은 야채와 오징어 새우 팽이버섯 넣고 5분정도 중불에서 끓여주세요. 그리고 순두부를 잘라 넣고', '3분 정도 팔팔 끓이면 얼큰하고 부드러운 순두부찌개 완성입니다']","['순두부찌개.순두부.순두부찌개레시피.순두부요리.북창순두부', '완뚝순두부']","['2봉', '200g', '1/2개', '1/2개', '1/2개', '2개', '약간', '2T', '1T', '6T', '5T']"
107,찌개,,,,차돌박이 감자 고추장찌개,https://www.10000recipe.com/recipe/6746224,"192,043",도나초코,2인분,30분 이내,초급,"['감자', '애호박', '양파', '차돌박이혹은 불고기', '다진마늘', '국간장', '참기름', '물', '감자', '고추장', '된장', '고춧가루']",일상에서 흔히 만들어먹는 찌개가 지겨울때 간편한 차돌박이감자탕(감자고추장찌개) 끓여보세요~,"['감자는 깍두기 모양으로 굵직하게 썰어주세요. 양파는 먹기좋은크기로 잘라주세요. 애호박은 1/4등분해줍니다.', '냄비에 차돌박이와 다진마늘 1t, 국간장 1T, 참기름 1t를 넣고 볶아줍니다.', '물 4C, 감자, 고추장 3T, 된장 1T를 넣고 15분 끓여줍니다. 끓이면서 거품이 뜨면 걷어주세요. (거품이 겉지 않으면 가장자리에 붙어 타기 때문이죠~ ) 애호박, 양파, 다진마늘 1T, 고춧가루 1T를 넣고 10분을 추가로 끓여주세요.', '송송 썬 청양고추 2개와 대파 1대를 넣어주시면 완성!']",[],"['500g', '250g', '100g', '혹은 불고기', '', '1T', '1t', '4컵', '', '3T', '1T', '1T']"
108,찌개,,,,시원한 맛이 일품인 어묵김치찌개 만들기,https://www.10000recipe.com/recipe/7072849,848,꼬꼬부기,2인분,30분 이내,초급,"['신김치', '김치국물', '식용유', '물', '다진 마늘', '어묵', '고춧가루', '참치액', '대파']",집에서 신김치를 활용해 아주 간단하게 만들 수 있는 찌개가 바로 김치찌개인데요. 오늘은 집에 남아있는 어묵까지 활용해서 시원한 맛이 일품인 어묵김치찌개를 만들어 보았어요.,"['신김치 약 두 컵을 준비해 주세요. 김치는 너무 크게 썰면 먹기 불편하니 먹기 좋은 크기로 송송 썰어주세요.', '썰어둔 김치는 냄비에 넣어주고 깊은 맛을 내기 위해서 김치국물도 한 국자 함께 준비해 주세요.', '냄비에 식용유 3T를 넣어 주세요. 중불에서 3~5분 정도 김치를 달달 볶아 주세요. 김치를 충분히 볶아야 신맛이 부드러워지고 깊은 맛이 살아납니다.', '김치가 충분히 볶아졌다면 물 600ml를 부어 주세요. 그리고 어묵김치찌개의 깊은 맛을 내어줄 다진 마늘 1T를 넣어 주세요.', '뚜껑을 덮고 약 10분 정도 끓여 주세요. 이 시간 동안 김치의 맛이 국물에 충분히 우러나오게 됩니다.', '10분 정도 끓인 뒤 고춧가루 1T를 넣어 주세요. 그리고 간을 맞추기 위해 참치액 1T를 넣어 줍니다.', '어묵 2장을 먹기 좋은 크기로 썰어 주세요', '썰어둔 어묵과 어슷 썬 대파 2줌을 넣고 중불에서 2분 정도만 더 끓여 주세요.', '어묵의 시원한 맛이 매력적인 어묵김치찌개 완성이에요.']","['어묵김치찌개', '김치찌개']","['2컵', '1국자', '3T', '600ml', '1T', '2장', '1T', '1T', '2줌']"
109,찌개,,,,쌀쌀해진 날씨에 딱 <스팸두부짜글이> : 남녀노소 누구나 좋아할만한 거부할 수 없는 맛!,https://www.10000recipe.com/recipe/6994920,"5,552",봉봉이랑,2인분,30분 이내,초급,"['두부', '스팸', '감자', '양파', '물', '간장', '고춧가루', '고추장', '맛술', '멸치액젓', '다진마늘', '후추', '대파', '청양고추', '코인육수']","추운 겨울 퇴근 후 뜨끈한 국물로 저녁이 먹고 싶을 때 먹으면 너무나도 좋을만한 메뉴입니다.
두부! 그리고 스팸! 이보다 더 좋은 조합이 있을까요?","['양파를 채 썰어 전골냄비 바닥에 깔아주세요.\n양파 1/2개\n전골냄비', '얇게 채 썬 감자를 양파 위에 올려 줍니다.\n감자 3개', '두부와 스팸을 같은 크기로 자른 후, 하나씩 겹쳐가면서 전골냄비 가장자리에 빙글 둘러 올려주세요.\n두부 300g, 스팸 1캔', '스팸두부짜글이 양념을 만들어줍니다.\n간장2큰술, 고춧가루2큰술, 고추장1큰술, 맛술1큰술, 멸치액젓1큰술, 다진마늘1큰술, 약간의 후춧가루\n매콤하게 드시고 싶으시다면 고춧가루를 청양고춧가루로 대체해서 넣어주시면 되요.', '코인육수 2알을 사용합니다.\n코인육수보다는 멸치다시마육수를 사용하는게 더 좋기는 합니다만, 바쁜 현대인들은 코인육수를 사용해도 무방합니다.\n멸치다시마육수도 없으시다면 쌀뜨물을 이용하는것도 좋은 감칠맛을 살릴 수가 있답니다.', '물을 부어줍니다.\n물 500ml', '양념장을 가운데 올린 후 펄펄 끓인다.\n중불', '청양고추와 대파를 넣어 마무리\n대파 한줌, 청양고추 1개', '냉장고에 있던 깻잎도 활용을 했는데, 이건 굳이 재료를 구매해서 넣어줄 필요는 없어요.\n깻잎향이 은근히 잘 어울리더라고요.']","['스팸요리', '두부요리', '두부짜글이', '두부찌개']","['300g', '1캔', '3개', '1/2개', '500ml', '2큰술', '2큰술', '1큰술', '1큰술', '1큰술', '1큰술', '약간', '1줌', '1개', '2알']"
110,찌개,,,,백선생 감자 짜글이 따라해보기,https://www.10000recipe.com/recipe/6881701,"350,911",뽀또또,3인분,15분 이내,초급,"['감자', '양파', '스팸', '대파', '청양고추', '고추가루', '고추장', '된장', '간장', '설탕', '다진마늘']","간단하지만 한번 해먹으면 자꾸 생각난다는
친한 언니 말을 믿고 백종원표 감자 짜글이를
따라해 보았어요~ 신랑이 닭도리탕맛도 나고
떡볶이 맛도 난다면서 맛있다네요ㅎㅎ","['감자 양파 대파 청양고추를\n준비해요', '스팸은 유리볼에 넣고 뜨거운 물을 부어 불순물을 제거해서 준비해요\n(조기조기 기름 둥둥 보이시죠~', '이 요리에 젤 중요한 팁\n스팸을 봉지에 넣고 마구\n으깨어 주세요', '요래요래~~^^', '고춧가루 고추장 된장\n설탕 간장 다진마늘을 분량대로 몽땅 넣고 대파랑 고추도 언제 넣을지 고민말고 모두 투하~~ ㅎㅎ', '물 450ml를 넣고 골고루 잘 섞어주세요', '센불에서 2~3분정도 끓이다 중불로 10분정도\n끓여주세요 감자가 푹 익을정도로 바글바글 끓여주세요', '간을보니 더 넣을것도\n뺄것도 없이 딱 맛있네요']",[],"['3개', '1개', '1통', '1뿌리', '2~3개', '2큰술', '1큰술', '1/3T', '4큰술', '1큰술', '1큰술']"
111,찌개,,,,차돌박이 된장찌개 레시피ㅣ고깃집에서 먹던 바로 그 맛!ㅣ,https://www.10000recipe.com/recipe/6922749,"646,364",집밥한그릇,2인분,30분 이내,중급,"['차돌박이', '두부', '애호박', '양파', '대파', '청양고추', '팽이버섯', '된장', '고추장', '국간장', '고춧가루', '다진 마늘', '해물다시팩']",맛있는 차돌박이 된장찌개!,"['재료를 준비 해주세요.', '양념을 준비 해주세요.', '양파를 8등분으로 썰어주세요', '애호박도 비슷한 크기로 썰어주세요', '파도 얇게 썰어주세요\n찌개류는 파 뿌리에 가까운 몸통 쪽을 사용하셔야\n잡내도 잡아주고 풍미도 깊어져요', '청양고추도 송송 썰어주세요\n매운 맛을 싫어하시거나 아이가 있는 가정은 생략하셔도 돼요', '두부도 먹기 좋은 크기로 썰어주세요', '팽이버섯은 밑동만 잘라주세요', '뚝배기나 냄비에 물 500ml를 부어주세요', '저는 해물다시팩을 사용했는데,\n쌀뜨물을 사용하시거나 다시마, 멸치 등으로 육수를 만드셔도 돼요', '육수가 충분히 우러나면 해물다시팩을 건져냅니다', '그리고 된장 2큰술을 풀어줍니다', '고추장도 1/2큰술 풀어줄게요', '물이 끓어오르면 애호박과 양파를 넣어주세요', '그리고 이 때 간을 한 번 보시고 국간장을 넣어주세요\n약간 짭짤하다 싶어야 밥과 함께 먹었을 때 간이 맞답니다', '이어서 고춧가루 1/2큰술과 다진마늘 1/2큰술도 넣어줄게요', '찌개가 한 번 더 끓어오르면 두부와 차돌박이를 넣어주세요\n차돌박이는 키친타올로 핏기만 제거했어요', '중간 중간 기름과 거품을 걷어 내주세요', '차돌박이가 거의 익었다 싶으면\n마지막으로 팽이버섯과 파, 고추를 넣어주세요', '차돌박이 된장찌개 완성!', '된장과 고추장의 조합으로 깊으면서도 감칠맛이 나고\n차돌박이의 담백함이 그대로 느껴지는 맛이에요~!', '유튜브 구독은 정말 큰 응원이 됩니다! 부탁드려요! ♥\n집밥한그릇\n구독링크♥ http://bit.ly/2QnUGbz']","['차돌박이된장찌개', '된장찌개', '차돌박이', '찌개', '건강식', '된장찌개레시피', '된장찌개황금레시피', '간단요리']","['120g', '1/2모', '1/3개', '1/2개', '1/4개', '2개', '1/3개', '2큰술', '1/2큰술', '1/2큰술', '1/2큰술', '1/2큰술', '1개']"
112,찌개,,,,두부스팸짜글이 저녁반찬 고민 해결,https://www.10000recipe.com/recipe/7043494,"5,863",요리하는엄마,2인분,30분 이내,초급,"['스팸', '두부', '양파', '대파', '국간장', '고추가루', '다진마늘', '코인육수', '김치김치국물', '삼겹살없어도 됨!!']",집에 스팸 두부 있나요? 그럼 당장 짜글이 진행시킵시다!!,"['양파를 잘라주세요\n도마\n,\n조리용나이프', '파를 송송 썰어주세요', '두부를 스팸 모양 크기에 맞게 큼직하게 잘라주세요', '스팸도 두부 크기 모양에 맞게 잘라주세요', '냄비 가운데 파랑 양파를 넣어주세요\n냄비', '두부와 스팸을 차곡차곡 연결하여 놔주세요', '(생략가능) 고기도 있다면 고기도 사이사이 껴주세요 저는 냉동에 삼겹살 한줄이 놀고있어서 삼겹살로 껴줬어요', '김치를 잘게 잘라주고 김치국물 조금 넣어줄께요', '국간장 1 숟가락\n볼\n,\n스푼', '다진마늘 1숟가락', '고추가루 1숟가락', '양념장을 섞어서 만들어주세요', '양념장을 부어주세요', '코인육수2알넣어주시고, 짜글이인 만큼 물을 자작하게 넣어주세요 저는 400ml 정도 넣었어요', '바글바글 짜글짜글 끓여주세요', '다 끓었으면 , 청양고추 다져서 넣어주고 칼칼하게 마무리^^']","['두부스팸짜글이', '짜글이']","['1개', '1모', '1/2개', '1/2개', '1T', '1T', '1T', '2알', '김치국물', '없어도 됨!!']"
113,찌개,,,,재료 한번에 다~ 넣고 바글바글 맛있는 “애호박명란짜글이”,https://www.10000recipe.com/recipe/7056259,"1,002",올테언니,2인분,20분 이내,아무나,"['애호박', '명란', '다진마늘', '고추가루', '간장', '참치액', '알룰로스', '물']",모든 재료를 한 번에 넣고 간단하게 바글바글 끓여 맛있는 애호박명란짜글이 완성! 다른 반찬 필요 없이 빠르게 준비해서 맛있게 즐길 수 있는 레시피입니다.,"['모든 재료를 한 번에 넣어 잘 섞어 주세요.\n도마\n,\n조리용나이프\n,\n냄비\n,\n계량스푼\n애호박 손질법', '중불로 줄여 호박이 물기 있게 익을 때까지 졸인 후', '명란이 먹기 좋은 크기로 잘라 한소끔 끓여 줍니다.', '들기름 1바퀴, 통깨(통통통) 뿌려주면']","['애호박', '명란', '간편요리', '한그릇요리', '한국음식']","['1개', '2줄', '1.5T', '1.5T', '2T', '1T', '1T', '300ml']"
114,찌개,,,,얼큰하고 구수한 대패삼겹 감자짜글이:D,https://www.10000recipe.com/recipe/6937420,"36,531",로즈현,2인분,30분 이내,아무나,"['대패삼겹살', '감자', '양파', '대파', '된장', '고추장', '국간장', '후추']",밥귀신 고기귀신인 남편이 좋아할만한 요리가 뭐없을까 생각하다가 밥에 쓱쓱 비벼먹을 수 있게 짜글이를 끓여봤어요:D,"['후추뿌려서 대패삼겹살 먼저 볶기.', '기름이 충분히 녹아나올때까지 볶기.', '감자와 양파 잘게 깍둑썰기.', '감자먼저 넣고 볶다가 감자가 투명해지기 시작하면 양파넣고 양념넣고 골고루 섞어 끓이기.', '대파넣고 한소끔 더 끓이기.', '재료 살짝 잠기게 물붓고 감자가 푹 익을 때까지 끓이기.']","['돼지고기', '짜글이', '감자', '대패삼겹살', '고추장찌개', '된장찌개']","['200g', '1개', '1개', '1줌', '3숟가락', '2숟가락', '1숟가락', '약간']"
115,찌개,,,,칼칼한 애호박 돼지고기찌개,https://www.10000recipe.com/recipe/3993753,"184,871",풀향기,4인분,30분 이내,중급,"['돼지고기 앞다리살', '애호박', '양파', '대파', '식용유', '물', '고춧가루', '맛술', '다진 마늘', '조선간장', '소금']",김치대신에 애호박을 이용해도 맛있는 돼지고기찌개를 끓일 수 있답니다. 휴가지에서 맛있게 즐길 수 있는 애호박 돼지고기찌개 소개합니다.,"['돼지고기 앞다리살은 먹기 좋은 크기로 썰어줍니다. 돼지고기는 기름기가 적은 앞다리살로 준비했어요.', '애호박은 흐르는 물에 씻은 후 먹기 좋은 크기로 썰어줍니다.', '대파와 양파, 마늘은 껍질을 벗겨 씻은 후 대파는 어슷 썰고 양파는 채 썰고 마늘은 다져줍니다.', '달군 냄비에 식용유를 두르고 돼지고기를 넣고 볶다가 고춧가루를 넣어 볶아줍니다.', '그리고 대파와 양파를 넣어 볶아줍니다.', '고기가 어느정도 익으면, 애호박을 넣어 함께 볶다가 조선간장, 맛술을 넣어 볶아줍니다. 돼지고기의 누린내를 제거하기 위해서 맛술을 조금 넣어 주었어요.', '물을 붓고 돼지고기가 익을 때까지 끓이다가 다진 마늘을 넣어 한소끔 끓인 후 소금으로 간을 맞춰 주면 완성입니다.']",[],"['680g', '1/2개', '1개', '1뿌리', '1큰술', '적당량', '2큰술', '1큰술', '1큰술', '2.5큰술', '약간']"
116,찌개,,,,밥도둑 스팸 두부 짜글이,https://www.10000recipe.com/recipe/6998713,"6,420",자취생미고,3인분,30분 이내,초급,"['두부', '스팸', '대파', '양파', '고춧가루', '간장', '알룰로스', '들기름', '멸치액젓', '다진마늘']",스팸 두부 찌개 하나면 밥 한공기 뚝딱. 국민 밥도둑 찌개입니다. 도둑넘..,"['두부,스팸은 비슷한 사이즈로 잘라줍니다.\n양파와 대파는 채썰어서 준비해둡니다.\n도마\n,\n요리용나이프', '불을 켜지않은 냄비에 채썬 양파를 먼저 깔아주세요.\n저는 미리 잘라놓은게 있어서 채썰지 못했네요.\n냄비', '스팸과 두부를 겹겹이 번갈아서 올려줍니다.', '대파를 올려줍니다.', '양념장 만들기\n고춧가루 3숟갈, 간장 2숟갈, 알룰로스(설탕) 2숟갈\n다진마늘, 들기름, 멸치액젓 1숟가락씩 넣고 섞어줍니다.\n볼\n,\n요리용스푼', '만든 양념장을 올려주고 살짝 잠길만큼 물을 부어줍니다.\n이제 불을 켜주세요.', '물이 끓어오르면 양념장을 잘 퍼트려주세요.', '어느정도 보글보글 끓이다가 졸여야할 때 약불 10분정도 졸여줍니다. 국물 좋아하시면 취향껏 시간 조절하시면 됩니다.', '밥도둑 짜글이 완성입니다!!']","['두부', '스팸', '스팸두부찌개', '스팸찌개', '두부찌개', '밥도둑찌개', '초간단찌개', '자취생찌개', '스팸두부짜글이', '밥도둑', '스팸두부조림']","['500g', '300g', '1개', '1개', '3숟가락', '2숟가락', '2숟가락', '1숟가락', '1숟가락', '1숟가락']"
117,찌개,,,,보들보들 칼칼한 순두부찌개,https://www.10000recipe.com/recipe/6992168,"14,050",만개의레시피,3인분,30분 이내,아무나,"['순두부', '팽이버섯', '애호박', '양파', '대파', '청양고추', '멸치다시마육수', '된장3숟가락', '고추장1숟가락', '고춧가루1숟가락', '다진마늘1숟가락']","쌀쌀한 날씨에 딱 어울리는 국물요리
밥이랑 먹으면 딱 좋은 순두부된장찌개
구수한 된장찌개에 청양고추 송송 썰어넣고
호로록 부드럽게 넘어가는 순두부까지~","['애호박과 양파는 한입 크기로 썬다', '팽이버섯은 밑동을 자른 후 물에 헹군다', '대파는 어슷썬다', '청양고추는 송송 썬다', '순두부는 모양을 살려 썬다', '냄비에 멸치다시마육수를 붓고 된장, 고추장을 푼다\n냄비', '끓기 시작하면 애호박과 양파를 넣고 끓인다', '팔팔 끓인 후 팽이버섯과 고춧가루, 다진마늘을 넣고 끓인다', '순두부를 넣는다', '대파와 청양고추를 넣어 완성한다']",[],"['1봉', '1줌', '1/2개', '1/2개', '1/2대', '1개', '1L', '3숟가락', '1숟가락', '1숟가락', '1숟가락']"
118,찌개,,,,저녁메뉴 추천-담백하고 고소한 들깨순두부 만들기,https://www.10000recipe.com/recipe/6983718,"20,823",열려라쿡,3인분,20분 이내,초급,"['순두부', '느타리버섯', '팽이버섯', '양파', '애호박', '대파', '멸치 육수', '들깨가루', '찹쌀가루', '참치액젓']",찹쌀가루를 섞은 들깨소스를 듬뿍 넣었더니 국물도 진하고 구수한 맛이 일품이었던 들깨순두부찌개!,"['들깨순두부를 만들기 전 물 600ml에 멸치다시마백을 넣고 10분간 끓여 간단히 육수를 만들어주세요.', '대파는 쫑쫑 썰어주고 양파는 채 썰어주세요.\n느타리버섯, 팽이버섯도 손질해 주고 애호박은 반달썰기를 해주세요.\n그 외 다양한 채소들을 활용해 보세요.\n버섯 손질법 레시피', '들깨가루 7T, 찹쌀가루 1T에 멸치육수 3~4T를 넣고 뭉치지 않도록 잘 섞어주세요.\n들깨가루는 아낌없이 듬뿍 넣어 보았는데 취향에 따라 조절하시면 돼요.', '멸치육수 500ml에 애호박, 양파, 느타리버섯을 넣고 끓여주세요.', '참치 액젓 1T를 넣고 간을 맞춰주세요.', '끓기 시작하면 순두부를 넣고 숟가락을 이용해 적당한 크기로 순두부를 잘라주세요.', '섞어놨던 들깨소스를 모두 넣어주세요.\n(미리 섞어 놓으면 들깨가루를 푸느라 자꾸 저어주지 않아도 되니 편하답니다.)', '가볍게 더 끓여주세요.\n만약 간이 심심하다면 소금을 살짝 넣어주세요.', '마지막으로 팽이버섯, 대파를 넣어주세요.', '한소끔만 더 끓여주고 불을 꺼주세요.', '이렇게 하여 최종 완성이 된 들깨순두부!']","['순두부', '순두부찌개', '들깨순두부']","['1봉지', '1줌', '1/2봉지', '1/4개', '1/6개', '조금', '500ml', '7T', '1T', '1T']"
119,찌개,,,,[술안주&집밥] 얼큰한 소고기버섯전골,https://www.10000recipe.com/recipe/6936955,"24,204",뽀깜맘,3인분,10분 이내,아무나,"['소고기', '느타리버섯', '새송이버섯', '청양고추', '대파', '고추장', '국간장', '고춧가루', '된장', '다진마늘', '미림', '설탕', '후추', '멸치육수']","술안주로도 좋고, 밥이랑 먹어도 맛있는 얼큰한 소고기버섯전골 :)
버섯 2,000원, 소고기 3,000원 가성비 좋게 주말저녁 술상까지 해결 가능해요.","['고추장1T, 된장0.5T, 국간장3T, 다진마늘1T, 고춧가루3T, 설탕1T, 미림1T, 후추 톡톡 넣어 우선 양념장을 만들어주세요.\n고추장1T, 된장0.5T, 국간장3T, 다진마늘1T, 고춧가루3T, 설탕1T, 미림1T, 후추 톡톡\n국간장3T 넣었더니 좀 짰어요. 짠 걸 싫어하시는 분들은 2~2.5T 넣으셔도 될 것 같아요.', '느타리버섯은 듬성듬성 다 찢어서 준비해주세요.\n느타리버섯1팩', '새송이버섯은 길쭉길쭉하게 썰어주세요.\n새송이버섯2개', '뚝배기에 새송이버섯을 밑에 깔고, 느타리버섯은 위에 올려주세요.\n새송이버섯 2개, 느타리버섯1팩\n뚝배기', '버섯이 살짝 잠길정도로 멸치육수를 넣고, 끓여주세요.\n멸치육수\n뚝배기\n센불\n멸치육수는 국물용멸치 넣고 팔팔 끓인 육수입니다.', '버섯 위에 만들어둔 양념장2/3만 넣고 팔팔 끓여주세요.\n양념장 2/3\n뚝배기\n센불', '소고기에 남은 양념장을 다 버물버물 해주세요.\n소고기(불고기용)150g, 양념장 1/3', '팔팔 끓기 시작하면, 양념에 버무린 소고기를 넣어주세요.\n양념장에 버무린 소고기150g\n센불\n고기가 뭉치지 않게, 뒤적거리면서 잘 끓여주세요. (오래 끓이면 고기가 질겨져서 짧게 끓일거예요.)', '팔팔 끓으면 위에 청양고추와 대파를 다 올려주세요.\n청양고추2개, 대파1개\n매운걸 좋아하시면 3개 넣어주세요: )']","['등촌칼국수', '버섯', '버섯전골', '소고기버섯전골', '술안주', '버섯칼국수', '소고기', '집밥', '냉털', '냉장고털기']","['150g', '1팩', '2개', '2개', '1개', '1T', '3T', '3T', '0.5T', '1T', '1T', '1T', '톡톡', '']"
120,찌개,,,,새우젓찌개(별거 안해도 맛난~~찌개),https://www.10000recipe.com/recipe/6901024,"24,030",비바스밥,1인분,15분 이내,초급,"['연두부', '새우젓', '새송이수북히', '대파수북히', '양파수북히', '청양고추 다진 것', '마늘 다진것', '고추가루']","어머니가 두부를 얇게 착착 썰어 해주시던 새우젓찌개~
연두부가 반팩 있어 해봤는데 신랑이 맛나다할지 모르겠네요~","['연두부150ml\n새우젓 1작은술을\n뚝배기에 넣어요', '물은 자작하게 100ml정도 넣어요\n불켜요', '부재료예요\n그릇이 작으니까 재료도 작게 썰어요\n새송이,대파,양파 수북1숟가락씩,\n청양고추1개 다진것을 준비해요', '바글바글 끓으려고 할때', '새송이,청양고추,양파,마늘을 넣어요', '바글바글 끓으면\n간보고 부족한 간도\n새우젓으로 해요', '7분정도 끓이고\n대파랑 고추가루 1작은술 넣어요', '끓어서 어우러지면 다 된거예요', '재료가 퍼진듯한 느낌~\n한술 뜨면 보들보들 맛나요~~']","['새우젓찌개', '새우젓']","['150ml', '1작은술', '수북히', '수북히', '수북히', '1개', '1작은술', '1작은술']"
121,디저트,,,,요거트바크 만들기,https://www.10000recipe.com/recipe/7082596,232,호수맘,4인분,120분 이내,아무나,"['플레인요거트', '딸기', '블루베리', '청귤', '호두', '땅콩버터', '꿀']","냉장고에 요거트만 있다면 정말 간단하게 만들 수 있는 요거트 바크예요.
달콤하면서 상큼해서 아이 간식이나 가벼운 디저트로도 좋아해요.","['플레인 요거트에 꿀과 땅콩 버터를 넣고 골고루 섞어 주세요. 요거트가 너무 묽다면 물기를 살짝 빼서 사용하면 더욱 쫀득한 식감을 만들 수 있어요.\n.', '쟁반이나 사각틀에 종이 호일을 깔고 요거트를 부어 주세요. 숟가락으로 0.5~1cm 정도 두께로 넓게 고르게 펴줍니다.', '딸기와 블루베리 청귤 호두 를 골고루 올려주세요\n냉동실에 넣어 놓고 3~ 4시간 이상 단단하게 올려주세요']","['요거트바크.', '요거트바크레시피', '냉동디저트', '다이어트간식', '초간단디저트']","['400g', '약간', '약간', '약간', '약간', '1T', '2T']"
122,디저트,,,,단호박 무스케이크,https://www.10000recipe.com/recipe/7082879,180,호수맘,4인분,30분 이내,아무나,"['단호박 큰거740g', '계란', '모차렐라치즈', '소금', '쌀가루', '오일', '알롤로스']","단호박으로 만들어본 단호박무스케이크
한끼식사로 아이들간식으로 정말좋아요","['단호박은 반으로 잘라 씨를 빼 주세요. 그리고 전자레인 2분 돌려주시면 손질하기가좋아요 2조각은 남겨주시고 나머지는\n껍질을벗겨 전자레인지에 5분돌려주세요', '2조각은 큐브 모양으로썰어 전자레인지에 2분돌려주세요(나중에 장식용입니다)\n익힌 단호박은 으깨 주세요.\n으깬 단호박에 쌀가루3T/계란2개 /치즈80g/알롤로스 2T/\n소금약간 버터10g넣고섞어주세요', '틀어오일을발라주세요\n재료섞은 단호박을 오일 바른 틀 안에 넣어서 탁탁처 공기를 빼주세요 큐브모양으로 썰어놓은 단호박을 위에 올려주세요\n뚜껑닫고 전자레인지에 5분돌려주시면 치즈에쫀득한맛과달콤한단호박이 부드럽고맛있어요']","['단호박무스케이크', '단호박찜', '단호박케익', '단호박', '치즈빵']","['740g', '2개', '80g', '약간', '3T', '약간', '2T']"
123,디저트,,,,재료도 방법도 초간단! 떠먹는 치즈감자,https://www.10000recipe.com/recipe/6910706,"189,938",제줌마,2인분,20분 이내,아무나,"['감자', '베이컨', '모짜렐라 치즈', '우유', '후추']","출출한 늦은 저녁, 왕창 사놓은 감자를 보고 치즈감자를 해먹어 볼까 생각해서 만들어 먹어보았는데 생각보다 너무 맛있어서 올려용 :))","['제일 먼저 물에 감자를 넣고 삶아줄게요\n감자 따로 먹으려고 같이 삶아서 4개랍니당ㅎㅎ', '감자가 삶아지는동안 베이컨을 잘라주세요', '잘라놓은 베이컨을 노릇노릇하게 익혀주세요', '감자가 다 익으면 접시에 으깨주세요', '으깨진 감자 위로 베이컨을 솔솔 뿌려줄게요', '치즈를 뿌려주세요', '우유 2스푼을 살짝코롬 넣어줄게요', '후추도 톡톡 뿌려주세요', '그다음 믹스해줄게요', '믹스하고 난 후 치즈를 취향껏 드음뿍 넣어주세요', '전자렌지 혹은 오븐에 3분정도만 구워줄게요\n파슬리 톡톡 뿌리면 완성입니당!\n오븐\n,\n전자레인지']","['감자', '베이컨', '치즈', '초간단', '야식', '파슬리', '다이어트', '밑반찬', '간식', '칼슘']","['2개', '4줄', '1주먹', '2T', '1꼬집']"
124,디저트,,,,옥수수삶기 여름간식으로딱!쫀득하고달콤하게 삶는법,https://www.10000recipe.com/recipe/7079681,551,호수맘,6인분 이상,30분 이내,아무나,"['옥수수', '굵은소금', '뉴슈가']",여름이면 가장 먼저 생각나는 제철 간식이 바로 옥수수예요. 갓 삶아는 따끈한 옥수수는 고소한 풍미와 쫀득한 식감이 일품이죠. 오늘은 집에서 실패 없이 맛있게 즐길 수 있는 옥수수 삶는 방법 소개합니다.,"['옥수수는 껍질을 제거하고 속껍질 한 두 장 정도만 남겨 두세요.\n흐르는 물에 깨끗이 씻어 준비해 주세요. 압력솥에 삶으면 빠른 시간에 옥수수를 삶을 수 있습니다.', '압력밥솥에 소금과 뉴슈가를 넣고 잘 녹여 주세요.\n그위에 옥수수를넣고 물은 옥수수가 잠길정도로 넣어주세요 뚜껑을닫아주세요 (일반웍에 삶으려면30~40분 걸립니다)', '강불에서 끓이다 추가흔들리면 7분정도 더끓여주세요\n그리고 약불로10분 끓여불을꺼주세요\n압력밥솥 추가 완전내려갈때까지 기다렸다려주세요(뜸들이기)', '추가완전히 내려가서 뚜껑을열면\n쫄깃쫄깃하고 맛있는 옥수수 완성입니다']","['옥수수', '옥수수삶기', '여름간식', '옥수수삶는시간', '제철옥수수']","['10개', '2T', '1/3T']"
125,디저트,,,,그릭 요거트로 만든 통밀 쿠키,https://www.10000recipe.com/recipe/7078268,434,호수맘,6인분 이상,60분 이내,아무나,"['계란', '버터', '그릭요거트']",그릭 요거트로 만든 통밀 쿠키 부드러워서 자꾸 손이 가는 통밀 쿠키입니다. 에어프라이어 오븐 다 가능합니다,"['그릭요거트는 채반에받처물기를빼주세요 버터 160g을 녹여주세요. 그리고 계란 두 개를 넣고 풀어주세요.\n버터와 계란 풀은 곳에 통밀 쿠키믹스를 넣어주세요', '위 재료를 섞어주세요. 어느정도 섞어지면 체반에 받쳐 놓은 그릭 요거트를 넣어주세요.', '가루와 요거트가 섞이도록 충분히 섞어주세요 반죽이 요거트 때문에 조금 질어서 손으로는 모양이 안 나와서 저는 숟가락도 했어요.', '180도 예열된 오븐에20~25분 구워주세요 제품마다 온도 차이가 있으니 한 번씩 확인해주세요. 저는 22분 구웠습니다.']","['통밀쿠키.그릭요거트쿠킹.홈베이킹', '어린이간식', '에어프라이어', '오븐']","['2개', '160g', '100g']"
126,디저트,,,,아보카도 바나나 스무디 만들기,https://www.10000recipe.com/recipe/7081145,304,호수맘,2인분,10분 이내,아무나,"['구매', '냉동바나나', '블루베리', '호두', '우유', '올리고당']",저녁을 가볍게 먹어보려고 아보카도 바나나스무디 만들어봤어요.,"['저는 냉동실 과일사용했어요 아보카도 바나나를 믹서기에 잘갈리게 썰어주세요', '썰은과일을 믹서기에넣고\n우유 400ml 올리고당 넣고갈아주세요', '맛있는 아보카도 바나나스무디 완성입니다 아침 저녁 가볍게 먹을수있는 아보카도 바나나스무디 생각보다 든든하고 맛있습니다']","['아보카도스무디.', '아보카도바나나스무디', '바나나스문디', '건강스무디', '다이어트스무디', '아침저녁식사대요']","['2조각', '2개', '1줌', '1줌', '400ml', '1T']"
127,디저트,,,,에어프라이어 콘치즈 토스트 만들기!중독성 강하네요!,https://www.10000recipe.com/recipe/6913489,"247,021",뽀유TV,1인분,10분 이내,아무나,"['식빵', '캔옥수수', '설탕', '마요네즈', '파슬리가루']","콘치즈는 그냥 먹어도 맛있지만 토스트로 만들어 드셔도 정말 맛이 좋은데요.
전자렌지로 해먹어도 맛있었는데 에어프라이어로 해보니 더 맛이 좋네요^^","['물기를 제거한 캔옥수수와 설탕,마요네즈를 넣고 잘 섞어주세요', '식빵 한장에 방금 만든 콘마요를 골고루 잘 올려 주세요', '이제 치즈를 넉넉하게 뿌려주신뒤 파슬리 가루도 솔솔 뿌려주셔요\n파슬리가루 없으시면 패스하세요', '170도에 4분 돌려주심 끝!집에 가지고 계신 에어프라이어마다 화력이 약간씩 다르니 기호에 맞게 1-2분 더 추가해주시면 되겠습니다\n에어프라이어', '에어프라이어로 뚝딱 만든 콘치즈 토스트 완성됬어요. 한입 먹어보면 손을 멈출수 없게 맛있답니다, 강추해요!']","['콘치즈토스트', '에어프라이어', '요리', '에어프라이어', '레시피', '에어프라이어', '간식', '에어프라이어', '토스트', '에어프라이어', '콘치즈토스트', '토스트', '간식', '디저트']","['1장', '2T', '1/2T', '', '']"
128,디저트,,,,집에서 만드는 요거트 크림베리 스콘 만들기,https://www.10000recipe.com/recipe/7077568,602,호수맘,6인분 이상,60분 이내,중급,"['박력분', '버터', '달걀', '플레인요거트', '우유', '설탕', '베이킹파우더', '말린 크린베리', '달걀물']",오늘은 집에서 카페처럼 즐길 수 있는 요거트 크림베리 스콘 레시피 소개할게요. 오븐 에어프라이어 다 가능합니다,"['버터 달걀 우유 요거트는 모두 차가운 상태에서 만들어주세요. 플레인 요거트는 체에 미리 받쳐 물기를 빼주세요. 계란에 설탕을 넣고 거품기로 졌다가. 차가운 요거트와 우유를 넣고 저어주세요.', '박력분 320g 베이킹파우더 14g 채에내려주세요\n채에 내린 박력분에 얇게 썬 버터를 80g 넣고 손바닥으로 보슬보슬한 소모로 상태로 해주세요.', '크림베리를 넣고 앞에서 준비해놓은반죽을 넣어주세요.(계란.설탕.요거트) 반죽은 살살 버무려주세요.', '어느 정도 섞어지면 봉투에 넣어 30분간 냉장고에 넣어 주세요', '30분 뒤 꺼내서 밀대로 밀어 모양을 잡아주세요', '계란물을 만들어 반죽 위에 칠해주세요', '180도 예열된 오분에 20분 구워주세요\n에어프라이어나.\n오븐']","['스콘만들기.에어프라어로', '스콘만들기.크린베리스콘.카페스콘', '아침대용식사', '브런치']","['320g', '80g', '1개', '90g', '20g', '70g', '14g', '1컵', '약간']"
129,디저트,,,,딸기잼 롤,https://www.10000recipe.com/recipe/6831048,"173,207",러블리수,1인분,30분 이내,아무나,"['식빵', '딸기잼', '달걀', '슈가파우더', '버터']",달달한 우리아이간식 딸기잼롤 만들기~ 한입에 쏙쏙 베어먹을수있어 아이들 간식으로 좋은거같아요.,"['식빵은 밀대로 밀어 아주 납작하게 만들어줍니다.', '납작하게 밀은 식빵위에 딸기잼을 각각 한큰술씩 발라주세요.', '도르르 말아주고 끝부분이 접착이 되도록 아랫부분으로 놓아둡니다.', '계란 1개를 풀어준뒤 계란물에 퐁당퐁당 해주세요.', '팬에 버터를 두르고 데굴데굴 굴려가며 익혀줍니다.', '먹기좋게 한입크기로 썰어준뒤, 슈가파우더를 솔솔 뿌려냅니다.']",[],"['2개', '2큰술', '1개', '약간', '0.5큰술']"
130,디저트,,,,"[얌무진 레시피] 쫀득쫀득, 바삭, 달콤! 떡 맛탕 만들기",https://www.10000recipe.com/recipe/6886281,"65,213",얌무,1인분,10분 이내,아무나,"['가래떡영상에선 한뼘 두개 사용', '설탕', '올리고당', '물', '간장']","안녕하세요 얌배추들!
고구마 맛탕은 모두들 아실 텐데요. 떡으로 해봐도 맛있겠다 싶어서 남은 가래떡을 이용해 떡 맛탕을 만들어 봤어요. 실제로 '떡 맛탕'이라는 요리는 없지만 가장 적합한 이름인 것 같아 붙여봤어요ㅎㅎ
가래떡을 별로 안 좋아하는 저도 맛있게 먹었습니다 :D
쫄깃, 바삭, 달콤~ 하니 간식으로 엄청 좋아요!!","['먼저 해동한 떡을 먹기좋게 썰어줍니다.', '팬에 기름을 두르고 떡을 구워주세요\n약불', '양념을 모두 넣고 졸여줍니다\n중약불', '소스가 끈적해지면 떡을 넣고 섞어줍니다.\n약불']","['얌무', '떡', '맛탕', '가래떡', '맛탕', '쫀득바삭달콤', '간식']","['영상에선 한뼘 두개 사용', '2T', '6T', '4T', '1/2T']"
131,디저트,,,,모닝빵콘치즈 간단간식,https://www.10000recipe.com/recipe/6881806,"221,316",시크제이맘,2인분,30분 이내,아무나,"['모닝빵', '옥수수 콘', '마요네즈', '허니 머스터드', '후춧가루', '피자치즈']",간단간식,"['볼에 캔 옥수수 1컵을 담고(이때 물기를 빼주세요)\n마요네즈 1, 허니 머스터드 1, 후춧가루 약간 넣어 섞어 줍니다.', '다시 피자치즈 70g을 넣고 고루 섞어주기', '모닝빵 6개를 준비하고\n윗부분을 잘라 속을 파줍니다.\n가운데 속을 파는 건 아이들에게 시켜주시면 돼요.\n함께 준비하는 간식 ^^\n파낸 속은 자기 입속으로~~~ ㅋㅋㅋ', '버무려 놓은 옥수수를 모닝빵 속에 채워 넣어주세요.\n그리고 오븐 180도에서 15분 정도 구워 주면 됩니다.\n오븐이 없을 경우 전자레인지 사용하심 되는데요.\n오븐에 구워주면 빵이 바삭하지만\n전자레인지를 사용하면 바삭함은 없어요.\n전자레인지\n,\n오븐', '모닝빵 콘치즈 완성 ^^\n반으로 자르면 옥수수랑 치즈가 사이좋게 딱 붙어서\n쭈~욱 눌어나고 쫀득하니 너무 맛나요']",['아이간식'],"['6개', '1컵', '1스푼', '1스푼', '약간', '70g']"
132,디저트,,,,가지등심카나페,https://www.10000recipe.com/recipe/6852019,"93,041",요리하는타조,2인분,15분 이내,초급,"['가지', '소고기등심', '새싹채소', '소금', '후추', '올리브유', '간장', '올리고당', '레몬즙', '다진마늘', '다진청양고추']","고급스러운 비주얼과 육즙이 파도처럼 넘쳐나는
한 입에 쏙, 가지 요리!
와인 안주, 손님 접대 음식으로 잘 어울려요^^","['주재료: 가지, 소고기 등심, 새싹, 소금, 후추, 올리브유\n소스 재료: 간장, 올리고당, 레몬즙, 다진 마늘, 다진 청양고추', '간장 2, 올리고당 1, 레몬즙 1, 다진 마늘 0.5, 다진 청양고추 0.5를 잘 섞어주면 마법의 소스 완성!', '가지를 적당한 두께로 썰어주세요.', '등심의 기름기를 제거하고 썰어둔 가지 보다 조금 크게 잘라주세요.', '기름을 두른 팬에 센 불에서 바싹 익혀주세요.\n(겉은 노릇해지고 가지의 육즙을 가둬주는 것이 포인트!', '소금과 후추로 아주 살짝 간을 맞춰주고,', '마찬가지로 센 불에서 딱 한 번씩만 구워줍니다.', '접시에 가지, 고기, 새싹, 소스 순서대로 플레이팅 해주세요.', '쉽고 금방 만들 수 있으니 집들이 음식으로 어때요?']","['가지', '등심', '소고기', '카나페', '와인', '술안주', '접대', '손님', '핑거푸드', '고급요리']","['', '', '', '', '', '', '', '', '', '', '']"
133,디저트,,,,치즈덕후 설레는 치즈폭발 '갈릭치즈 토스트'간식 만들기,https://www.10000recipe.com/recipe/6904864,"177,544",뽀유TV,1인분,10분 이내,아무나,"['식빵', '체다치즈', '모짜렐라 치즈', '버터', '다진마늘', '설탕', '파슬리가루']",평소 치즈를 너무 좋아하는 치즈덕후인데요. 오늘은 커피랑 함께 먹으면 넘 맛있는 초간단 간식 갈릭치즈 토스트 소개할께요.,"['먼저 그릇에 버터2T,마늘1T,설탕1/2T,파슬리가루1/2T를 넣고 전자렌지에 15초 녹여 줍니다.본인기호에 맞게 설탕은 뺴셔도 되요\n전자레인지\nT:성인숟가락 기준', '녹인 갈릭버터 소스를 식빵 2장 모두 한쪽면만 발라줘요.', '갈릭버터 소스 바른 쪽을 아래로 가게 해서 체다치즈2장, 모짜렐라 치즈를 원하시는 만큼 잔뜩 올려줍니다.', '그 다음 남은 식빵을 위에 올려 치즈가 잘 녹을수 있도록\n약불에서 구워 주시다가 한쪽면이 익으면 반대로 뒤집어 또 구워주심 끝!\n주의사항은 모짜렐라 치즈가 살짝 녹고 뒤집어야 접착제 역활을 해서 떨어지지 않아요', ""치즈덕후 설레는 마늘빵+치즈의 꿀 조합 '갈릭치즈 토스트'가 완성되었어요."", '한입 먹어보니! 고소한 버터에 알싸한 마늘맛, 고소한 치즈가 한데 어우러져 정말 맛있더라구요.계속 먹다보면 살짝 느끼할 수는 있으나 커피와 함께 먹으면 참 잘어울려요']","['갈릭치즈토스트', '치즈토스트', '토스트', '토스트레시피', '간식', '디저트', '마늘빵', '치즈']","['2장', '2장', '넉넉히', '2T', '1T', '1/2T', '1/2T']"
134,디저트,,,,네 가지 버전 골라 먹은 재미 통밀 쿠키 만들기 건강하고 고소한 홈베이킹 레시피.,https://www.10000recipe.com/recipe/7075568,473,호수맘,6인분 이상,60분 이내,아무나,"['구매', '계란', '버터']",요즘 집에서 간단하게 만들 수 있는 건강 간식 찾으신다면 바로 통밀 쿠키 만들기 추천드려요.,"['버터를 녹여서 계란과 섞어주세요', '섞어놓은 곳에 통밀쿠키믹스500g\n넣어서 섞어주세요', '섞어놓은 반죽을 4등분해서\n초코칩.아몬드.크린베리.통밀쿠키', '180도예열된 오분(에어프라이어 도가능)20~25분 구워주세요\n제품마다 온도차이 있으니확인해주세요']","['통밀쿠키.통밀쿠키만들기.어린이날.건강간식.다이어트간식', '홈베이킹']","['500g', '2개', '180g']"
135,디저트,,,,초간단 소보로빵 에어프라이어간식,https://www.10000recipe.com/recipe/7078238,526,호수맘,2인분,20분 이내,아무나,"['식빵', '계란노른자', '땅콩버터', '박력분', '설탕', '버터', '베이킹파우더']",그릇 하나로 만드는 초간단 소모로빵 에어프라이어 10분 완성.,"['버터 계란 노른자는 상온에두기\n재료가 뭉치지 않고 골고루 잘 섞어주세요 설탕 박력분 베이킹파우더 땅콩버터를 넣고 잘 섞어주세요.', '식빵 위에 반죽을 발라 주세요. 울퉁불퉁하게 발라져야 소보로빵 느낌 이나요', '에어프라이어 180도 예열해서 10분 구워주세요\n제품마다 구워지는 온도 차이가 있으니 중간에 확인하면서 구워주세요\n겉은 바삭 속은 촉촉한 식빵 소보로빵 완성 오븐없이도 집에서 간단하게 만들 수 있어요.']",['소보로빵.식빵레시피.초간단레시피.식빵소보로빵.식빵요리'],"['1~2장', '2개', '2T', '2T', '2T', '20g', '2/3t']"
136,디저트,,,,카페 부럽지 않은 '베이컨에그토스트'!식빵으로 쉽게 만들기!,https://www.10000recipe.com/recipe/6910980,"160,569",뽀유TV,1인분,10분 이내,아무나,"['식빵', '베이컨', '계란', '슬라이스치즈', '파슬리가루', '딸기잼']",오늘은 집에서 먹어도 카페 부럽지 않은 디저트 '베이컨토스트'를 만들어 볼께요.커피와 함께 먹으면 정말 꿀맛이에요^^,"['먼저 식빵과 치즈를 한 장당 이등분 해서 각각 4조각씩 만들어요.', '식빵 한쪽면에 딸기쨈->치즈 순으로 놓고 다른 식빵 조각을 덮어 줍니다.그 다음 베이컨으로 식빵 겉면을 돌돌 말아줍니다.', '계란을 깨서 파슬리 가루와 섞어줍니다.소금간은 따로 하지 않았습니다', '계란물로 샤워 해 줍니다.', '달궈진 팬에 올리브유를 두르고 식빵 앞면, 뒷면, 옆면을 노릇노릇하게 골고루 구워 줍니다.', '쨔자자자잔!!! 베이컨에그토스트 완성입니다.', '한입 먹어보니 달달한 딸기잼과 고소한 치즈, 계란, 베이컨 조합이 넘나 맛있더라구요.정말 커피에다 맛있는 토스트 먹고 있으니 카페가 부럽지 않더라구요ㅎ']","['베이컨에그토스트', '토스트', '간식', '디저트', '브런치', '홈메이드간식', '홈메이드', '식빵', '식빵요리']","['2장', '2줄', '2개', '2장', '약간', '약간']"
137,디저트,,,,"견과류 듬뿍 넣은 쫄깃,달콤함 ""두부강정""♪",https://www.10000recipe.com/recipe/6831988,"149,925",서재인,2인분,15분 이내,초급,"['부침용 두부', '양파', '당근', '아몬드슬라이스', '호두', '케찹', '고추장', '간장', '다진 마늘', '올리고당', '설탕']","두부를 흔하게 부침이나 조림으로 먹는건 지겹지만 마트에 장보러 가면 무의식적으로 담게되는 품목 중 하나인데요~ ㅎㅎㅎ
좀 더 고급스럽게 먹고 싶어져 살짝 변신을 줘봤습니다.
치킨과는 또 다른 맛, 쫄깃하면서 담백한 맛이 일품인 두부강정이예요^^","['부침용 두부를 준비, 깍둑썰기를 해줍니다.\n키친타올을 이용해서 수분을 살짝 제거해주고요~', '후라이팬에 아무것도 넣지 않은 상태로 두부만 먼저 넣어서 구워주기 시작합니다.\n식용유없이 두부를 굽기 시작하면 물기가 쉽게 제거됩니다.', '두부표면이 말라가는게 보이면 이때 식용유를 넉넉하게 넣어주고요.', '두부를 앞뒤로 노릇노릇 구워줍니다.\n한면을 오래도록 익혀서 쫄깃하게 만들어주세요.', '두부가 구워지고 나면 잠시 식히는동안,\n양파, 당근을 잘게 다져서 한스푼 정도씩 준비하고..\n아몬드슬라이스와 호두도 잘게 다져서 한스푼 정도씩 준비합니다.', '다른 후라이팬을 하나 더 꺼내어 역시 아무것도 넣지 않은 상태에서 당근과 양파만 넣어서 볶아주기 시작합니다.', '야채 수분을 날린다 생각하고 바싹 볶아주세요.', '두부강정에 쓰일 양념을 준비,\n후라이팬에 바로 넣어주세요.', '가스불은 약하게 해두고 양념을 잘 섞어가며 한번 끓여줍니다.', '미리 구워놓은 두부와 아몬드, 호두 다진거를 넣어주세요.', '양념이 잘 섞이도록 볶아줍니다.', '양념의 농도가 찐득해지는게 보이면 가스불을 끄고 깨를 뿌려서 마무리합니다. 그러면 두부강정이 완성됩니다.']","['두부', '견과류', '두부강정', '강정', '칼슘', '고칼슘', '장운동', '장건강', '소화가잘되는', '뼈건강', '아이장튼튼', '입덧', '입덧완화', '저지방', '고단백', '임신', '임산부']","['1모', '', '', '', '', '3스푼', '1스푼', '1스푼', '1스푼', '2스푼', '1/2스푼']"
138,디저트,,,,치즈 웨지 감자,https://www.10000recipe.com/recipe/4145941,"233,762",쿡라이프,2인분,60분 이내,초급,"['감자 큰크기', '슬라이스치즈', '우유', '구운베이컨잘게 썬', '다진마늘', '우유', '치즈', '베이컨']",NO오븐 - 주르륵 부어 먹는 치즈 웨지 감자,"['감자를 2등분으로 썬 다음 3~4조각의 웨지가 나오도록 썹니다.', '물에 10분 정도 담구어 두었다가 키친타월에 대강 물기를 닦아 줍니다.', '팬에 버터 10g, 기름 2큰술을 두르고 감자를 놓습니다. 버터 없으시면 기름을 한큰술 더 넣어 주세요.', '뚜껑 닫고 한면을 익힙니다. 한쪽면이 다 익으면 다른쪽 면도 익힌다음 감자 등쪽도 마저 익혀 주세요.', '이제 부터는 소스를 만들어 볼까 합니다. 팬에 기름을 두른 후 다진마늘 1+ 1;/2큰술을 넣고 볶습니다. 마늘 향이 코끝을 찌르면 우유를 넣고 끓어 오르면 치즈를 넣고 졸여 줍니다. 다 졸여지면 베이컨을 뿌려 같이 섞어 줍니다.', '웨지감자를 놓은 후 소스를 주르르 부어 주세요. 맛나게 드시면 Ok.']",[],"['4개', '3장', '2/3컵', '잘게 썬', '1.5큰술', '', '', '']"
139,디저트,,,,에어프라이어로 달콤한 허니버터 고구마 만들기,https://www.10000recipe.com/recipe/6911766,"335,308",뽀유TV,1인분,30분 이내,아무나,"['고구마', '버터', '꿀', '피자치즈']",가끔 패밀리 레스토랑에서 사이드 메뉴로 허니버터고구마가 나오면 너무 맛있어서 순삭했는데요. 에어프라이어로도 패밀리레스토랑 비슷하게 허니버터고구마 만들수 있답니다.,"['먼저 고구마를 익혀줄껀데 깨끗이 씻은 고구마를 180도 15-20분 돌려주세요\n에어프라이어', '다익은 고구마는 칼로 반나눠 썰어 주시는데요. 칼이 끝가지 가지 않게 위에만 살짝 썰어주신 뒤 손으로 벌려 주시면 됩니다.', '버터 한조각 가운데 올리고 꿀 살짝 뿌려줍니다', '그 다음 그 위에 모짜렐라 치즈를 뿌리고 파슬리가루를 솔솔 뿌려주신뒤 170도에 5분 돌려 주시면 끝!!!\n*에어프라이어마다 화력이 약간씩 다르니1-2분 추가해주시면 됩니다', '에어프라이어로 만든 허니버터고구마 완성되었어요^^', '노릇노릇하니 정말 맛있어 보이지 않나요?한입 먹어보니\n우왕!버터향 솔솔 나면서 달콤+고소하니 너무나 맛있어요.패밀리 레스토랑 부럽지 않은 맛이에용ㅎ']","['에어프라이어허니버터고구마', '에어프라이어고구마', '에어프라이어레시피', '에어프라이어요리', '허니버터고구마', '고구마요리', '고구마간식', '간식', '디저트']","['', '', '', '']"
140,디저트,,,,모양까지 예쁜 핑거푸드[양송이버섯 타파스],https://www.10000recipe.com/recipe/6904080,"116,553",오박사닷컴,3인분,20분 이내,초급,"['양송이버섯', '닭가슴살', '양파', '파프리카', '치즈', '후추']","집들이나 생일상등 손님초대요리에
모양까지 예쁜 핑거푸드요리가 딱이죠~
건강, 맛까지 잡은 양송이버섯요리 소개합니다","['양송이 버섯은 꼭지를 제거하고 불순물을 털어\n흐르느물에 살짝 씻어주세요', '닭가슴살을 잘게 다지고', '파프리카와 양파도 잘게 다져줍니다\n피클이나 다른 채소들을 이용해도 좋아요~', '볼에 다진재료를 넣고 후추를 살짝 뿌려 간을 합니다', '양송이버섯 속에 다진재료들을 넣어주고', '치즈를 잘라 올려줍니다\n피자치즈를 이용해도 좋아요', '전자레인지에 치즈가 녹을때까지 돌려주세요\n전자레인지', '한입에 쏙쏙 먹는재미도 있는\n양송이 타파스 완성입니다']","['타파스', '핑거푸드', '연말파티', '생일파티', '집들이', '손님초대', '양송이버섯', '닭가슴살', '오븐요리', '오다닭']","['15개', '100g', '1/2개', '1/3쪽', '2장', '살짝']"
141,디저트,,,,"베이컨 떡꼬치구이 만드는 법, 아이 간식",https://www.10000recipe.com/recipe/6902807,"15,158",진니의주방이야기,2인분,15분 이내,아무나,"['가래떡', '베이컨', '머스터드소스', '케첩']","오랜만에 간단한 간식을 만들어볼까라며 냉장고를 뒤적뒤적했어요.
냉동에 보관해둔 떡이랑, 냉장고에 베이컨이 있어서
간단하게 베이컨 떡꼬치구이를 만들어봤어요.
아이 간식으로도 너무 좋겠죠?
베이컨, 떡, 케첩, 머스터드소스만 들어가는데 맛있다고..?라고 하시는
분들도 계실 텐데 정말 맛있답니다!
재료도 간단하고 만드는 법도 쉬워서 초간단 요리라고도 할 수 있죠.
머스터드소스 없으면 마요네즈 뿌리려고 했거든요.
치킨 시킬 때마다 주는 머스터드소스 남겨놨던 게 있더라고요 ㅎㅎ
그래서 뿌려줬더니 맛도 좋고 색감도 예쁘네요.
다가오는 겨울방학 아이 간식으로 어떠신가요~","['떡은 끓는 물에 넣어 끓인 후, 말랑말랑하게 준비해주세요.\n말랑말랑한 떡이라면 끓이는 과정은 생략해주셔도 좋아요.', '베이컨은 적당한 크기로 잘라줬어요.', '베이컨으로 떡을 말아서 꼬치에 끼워주세요.\n팬을 달군 후, 앞뒤로 노릇노릇 구워주세요.', '케첩과 머스터드소스를 뿌려서 완성해주세요.\n(짤주머니에 넣고 얇게 뿌려줬어요.)']","['떡꼬치', '베이컨떡꼬치', '아이간식', '간식만들기', '떡꼬치만들기', '베이컨떡꼬치말이']","['', '', '', '']"
142,디저트,,,,감자베이컨치즈~전자렌지의 세계가 무한합니다^^♡,https://www.10000recipe.com/recipe/6895759,"82,181",비바스밥,3인분,15분 이내,초급,"['감자 중', '체다치즈', '베이컨', '모짜렐라치즈', '스파게티소스', '소금', '설탕', '파슬리가루']","전자렌지로 만든 감자베이컨치즈라니...
믿어지지 않습니다ㅎㅎ
혼밥도,자취도.새댁도,바쁜 맘들도 모두 사랑하게
될 그예요요ㅋㅋ","['비닐 봉지에 감자3개를 1cm두께로 썰고,소금.설탕 분량대로 넣어~~한번 흔든후\n전자렌지에 4분 2번 돌리니 푹푹 부러지게 익어요\n전자레인지', '베이컨은 채로 썰어 달군팬에', '바삭하게 베이컨칩처럼\n구워서 기름을 빼주어요', '다 익은 감자가 양념덕분에 반짝거리죠~', '감자위에 스파게티소스\n취향껏 얹고', '체다치즈 2장 얹고', '베이컨칩 넉넉히 얹고', '모짜렐라 얹은 후에 파슬리 솔솔~~', '전자렌지에 2분2번\n돌렸더니 이렇게~~\n와~~우 ㅎㅎ', '마구 뽐냈습니다~~']","['감자요리', '베이컨', '치즈', '간편식', '영양식', '간식', '좋아', '혼밥', '자취', '해외자취', '술안주', '한끼식사']","['3개', '2장', '5줄', '1/2컵', '1/2컵', '1작은술', '2작은술', '조금']"
143,디저트,,,,바삭바삭 만들기도 쉽고 맛있는 간식 만두피 치즈스틱 만들기,https://www.10000recipe.com/recipe/6904302,"36,126",따봉이kitchen,2인분,15분 이내,초급,"['만두피', '피자치즈', '계란', '빵가루', '식용유']","바삭바삭하고 치즈가 가득 늘어가는 만두피 치즈스틱을 만들어보았어요~!!
재료도 정말 간단하고 만들기도 쉬워서 정말 좋은레시피에요♡♡♡
아이들 간식으로도 너무 좋고 야식으로도 강추드려요~!!
바삭바삭하고 고소한 맛이 일품인 만두피 치즈스틱 다함께 만들어보세용~!!♡♡♡","['재료를 준비해주세요~.', '계란은 풀어주세요~.', '만두피위에 피자치즈를 2큰술씩 가운데에 놓아주세요~.', '가장자리에 계란을 묻혀주세요~.\n(계란을 묻혀주면 만들기 훨씬 수월하답니다~!!)', '사진처럼 만두피 양옆을 접어주세요~.', '돌돌 말아주세요~.', '계란을 골고루 묻혀주세요~.', '빵가루를 골고루 묻혀주세요~.', '팬에 식용유를 넉넉히 두른후 중불로 앞뒤로 노릇노릇 치즈스틱을 튀겨주세요~.', '강불로 튀기게되면 속은 안익고 겉만 타기때문에 중불로 노릇노릇하게 튀겨주세요~.', '체로 받쳐서 기름기를 제거해주면 만두피 치즈스틱 완성입니다~!!♡♡♡']","['치즈스틱', '아이간식', '간식', '만두피요리', '만두피', '만두피치즈스틱', '간단간식', '간단야식', '야식', '치즈요리']","['7장', '2종이컵', '1개', '2종이컵', '적당량']"
144,디저트,,,,[얌무진 레시피] 동글동글~ 맛있는 참치 마요볼 만들기,https://www.10000recipe.com/recipe/6886287,"26,068",얌무,2인분,15분 이내,초급,"['참치캔', '양파', '마요네즈', '튀김가루']","안녕하세요 얌배추들!
오늘은 겉은 바삭하고 속은 쫀득한 참치마요볼을 만들어 볼게요! 아주 맛있고 든든한 간식이 될 거예요 :D","['먼저 양파를 잘게 썰어 한번 더 다져주세요.', '기름기 뺀 참치에 양파, 튀김가루를 넣고 섞어줍니다.\n튀김가루는 조금씩 넣어가며 조절해주세요.', '완성된 반죽 안에 마요네즈를 넣고 잘 감싸줍니다.\n탁탁 쳐서 공기를 빼주면 튀길 때 부셔지지 않아요.', '잘 굴려가며 튀겨주세요.']","['참치마요볼', '참치마요', '참치요리', '얌무', '간식']","['2개', '1/4개', '', '']"
145,디저트,,,,바삭한 새우튀김 만들기,https://www.10000recipe.com/recipe/7077681,800,호수맘,2인분,15분 이내,아무나,"['새우', '튀김가루', '전분', '찬물', '식용유']","바삭한 새우튀김 집에서도 만들어 먹어요.
튀김하고 남는기름때문에 하기부담스러운튀김 적은 기름으로 새우튀김해도 맛있습니다","['새우는 요즘 손질 다 돼서 나와서 좋아요.\n키친타롤 물기 제거해주세요\n그래야 기름이튀기지않아요\n후추를 약간만 뿌려주세요', '튀김 가루에 무쳐주세요.', '튀김 가루와 전분을 2대 1로 섞어 찬물 70ml를 넣고 반죽물을 만들어주세요', '튀김가루 무쳐놓은 새우를 반죽물에 넣고 예열된 프라이팬의 앞뒤 노릇하게 구워주세요.']",['새우튀김.새우튀김만들기.바삭한새우튀김.술안주.간식.홈쿡.손님초대요리'],"['10마리', '4T', '2T', '70ml', '적당량']"
146,디저트,,,,쫀득해서 계속 손이 가는 고구마맛탕쿠키,https://www.10000recipe.com/recipe/7017631,"8,060",만개의레시피,2인분,30분 이내,아무나,"['고구마', '달걀', '꿀', '전분가루', '검은깨']",전분만 살짝 넣어서 구워줘도 쫀득하고 바삭한 고구마 맛탕쿠키 완성~ 다이어트 간식으로도 좋아요^^,"['고구마 크키에 따라 전분가루 양은 가감해 주세요.', '고구마는 깨끗하게 씻어서 작은 큐브모양으로 썰어요.\n도마\n,\n조리용나이프', '고구마에 달걀, 전분가루를 넣어서 골고루 섞어요.\n볼\n,\n요리스푼', '꿀은 따뜻한 물 반스푼을 넣고 풀어서 시럽을 만들어요.\n소스볼\n,\n계량스푼\n기호에 따라 알룰로스나 올리고당을 사용해도 좋아요.', '종이호일이나 쿠킹팬에 쿠키 반죽을 한 스푼씩 떠서 모양을 잡아 180도 15-20분 구워요.\n종이호일\n,\n쿠킹팬\n,\n에어프라이어\n종이컵을 잘라 동그랗게 모양을 잡아서 넣어줘도 좋아요.', '만들어둔 시럽을 발라서 3-5분 더 구워요.', '식혀서 먹으면 더 쫀득하고 맛있어요.']","['고구마', '다이어트쿠키', '맛탕쿠키', '고구마맛탕', '고구마쿠키']","['2개', '1개', '1숟가락', '1숟가락', '약간']"
147,디저트,,,,[간단 자취요리] 콘꼬노미야끼 만들기,https://www.10000recipe.com/recipe/6872282,"46,650",얌무,1인분,15분 이내,아무나,"['참치작은것 100g', '스위트콘', '양파작은것']","안녕하세요 여러분!!
오늘은 콘꼬노미야끼입니다.
실제로 이런 메뉴는 없지만 재미있게 이름 붙여봤어요!
참치전이나 옥수수전은 다들 먹어보셨죠?
이건 업그레이드 버전정도로 생각하시면 되겠네요 :D
이건 진짜 꼭 한번 만들어보셨으면 좋겠어요.
보기에는 그냥 그래보이지만,
무슨맛을 상상하던 그것보다 더 맛있을거예요.
특히 마요네즈와의 조합이 그냥 끝장.","['먼저 양파를 작은 큐브모양으로 썰어줍니다.', '계란에 소금을 넣고 풀어주세요!', '양파, 참치, 콘을 넣어주세요.', '살짝 섞은 뒤 부침가루도 추가!', '기름을 두르고 중불에서 구워줍니다! 처음에는 꾹꾹 눌러서 모양을 잡아주세요!\n중불', '마요네즈를 뿌려주면 완성!']","['얌무', '콘코노미야끼', '자취요리', '간단요리', '옥수수', '오코노미야끼']","['작은것 100g', '200g', '작은것']"
148,디저트,,,,두부오꼬노미야끼,https://www.10000recipe.com/recipe/3976406,"101,031",쿡라이프,2인분,30분 이내,초급,"['두부', '달걀', '양파', '양배추잎', '감자전분', '소금', '후추']",간단재료로 쉽게 만드는 두부오꼬노미야끼입니다.,"['양배추와 양파는 채 썰어 둡니다.', '그릇에 달걀을 깨어 두부를 넣고 저어 줍니다.', '부드럽게 되었죠. 여기에 감자전분 4큰술을 넣고 저어 주세요.', '여기에 채 썰어 둔 양배추, 양파, 소금, 후추를 넣고 섞습니다. 여유가 된다면 여기에 해산물을 넣어 드셔도 맛난답니다.', '팬에 기름을 넉넉히 두르고 반죽을 다 넣고 팬 뚜껑 닫고 약불에서 익힙니다.', '접시를 대고 뒤집어 한면을 마저 익힙니다. 너무 두꺼운 것 같으면 2장으로 나누어 익혀 주시기거나 양을 반으로 줄여 만들어 보세요.']","['두부', '오꼬노미야끼', '두부오꼬노미야끼', '모발', '두피', '찰랑거리는', '머릿결', '머릿결', '탈모', '두피건강', '모발건강', '달걀', '장건강', '아이장튼튼', '장운동', '소화가잘되는']","['2/3모', '3개', '1/4', '2~3장', '', '', '']"
149,디저트,,,,고구마치즈전,https://www.10000recipe.com/recipe/6913239,"86,024",라미유리맘,2인분,15분 이내,아무나,"['고구마', '모짜렐라치즈', '물', '설탕', '소금', '찹쌀가루']",달콤 고구마와 고소 치즈의 만남은 무죄!!^^,"['고구마는 깍뚝썰어서 위생봉지에 넣어 주세요', '봉지에 물50ml넣고 전자렌지에 6분 돌려 주세요\n전자레인지', '다 쪄진 고구마는 으깨서 설탕1스푼,소금1/3스푼 넣고 밑간해 주세요', '찹쌀가루1스푼을 넣고 섞어주세요', '납작하게 펴서 가운데 치즈를 얹고 덮어주세요', '후라이팬에 기름을 두르고 넣어주세요', '노릇하거 익혀내면 요리 끝!!']","['고구마', '모짜렐라치즈', '간식', '전', '노밀가루']","['1개', '1컵', '50ml', '1스푼', '1/3스푼', '1스푼']"
150,디저트,,,,'몽쉘'로 초간단 컵브라우니 만들기,https://www.10000recipe.com/recipe/6907655,"52,998",뽀유TV,1인분,5분 이내,아무나,"['몽쉘', '우유']",저는 케익류를 다 좋아하지만 그중에서도 꾸덕한 브라우니를 참 좋아해요. 오늘은 몽쉘로 꾸덕꾸덕한 컵브라우니 만드는 초간단 방법 소개할께요,"['먼저, 넓은 그릇에 몽쉘을 수저로 으깨줍니다.', '그 다음 우유를 넣고 으깨주심 되는데요.꾸덕꾸덕한 느낌을 원하신다면 약 3-4스푼 정도 넣어주세요.\n촉촉한 느낌을 원하신다면 우유양을 추가로 좀 더 넣어주심 됩니다.\n스푼 : 성인 숟가락 기준', '저는 꾸덕꾸덕한 느낌을 워낙 좋아해서 우유는 조금만 넣어 주었어요.', '잘 으깬 몽쉘을 컵에 차곡차곡 쌓아줍니다. 넘칠 수 있으니\n가득 채우지는 마시고 3/4정도 채워주세요. 이제 전자레인지에 약 2분 정도 돌려주세요.\n전자레인지', '초간단 몽쉘브라우니 완성입니다!\n뜨거우니 냉장실에 살짝 식혀 주셨다가 드시면 된답니다^0^', '그냥 몽쉘로 드셔도 맛있지만 이렇게 만들어 주시면 꾸덕꾸덕한 브라우니 느낌이 지대로 나요^^\n아메리카노랑 드시면 환상궁합입니다^^']","['몽쉘브라우니', '컵브라우니', '브라우니', '간식', '디저트', '초간단', '홈메이드', '전자렌지요리', '전자렌지레시피']","['4개', '약간']"
151,면/만두,,,,비빔국수 황금레시피,https://www.10000recipe.com/recipe/7081026,606,호수맘,3인분,30분 이내,아무나,"['소면300g', '오이', '삶은계란', '구매', '고추가루', '고추장', '설탕', '식초', '진간장', '다진마늘', '참기름', '후추']",새콤달콤하면서 매콤한 양념장이 면에 착 감기며 한 그릇 금세 비워지는데요. 오늘은 누구나 실패 없이 만들 수 있는 비빔국수 황금 레시피 소개합니다.,"['끓는 물에 소면을 넣고 3 ~4분 삶아주세요. 삶은 면은 찬물에 여러 번 비벼 씻어 전분을 제거한 뒤 물기를 충분히 빼주세요', '양념장을 만들어 주세요.\n고춧가루 고추장 설탕 식초 진간장 다진 마늘 후추 넣고 양념장을 만들어 주세요.', '면에 양념장을 넣고 골고루 비빈 뒤 그릇에 담아 주세요\n삶은 달걀 오이 통깨 올리고 참기름넣으면 맛있는 비빔국수 완성입니다']","['비빔국수', '정호영비빔국수.', '비빔국수황금레시피', '소면요리', '여름요리', '점심메뉴']","['300g', '1/2개', '2개', '', '3T', '3T', '5T', '2T', '2T', '1T', '2T', '약간']"
152,면/만두,,,,라이스페이퍼 양배추만두,https://www.10000recipe.com/recipe/7045377,"11,306",만개의레시피,2인분,20분 이내,아무나,"['양배추', '참치', '달걀', '라이스페이퍼', '굴소스', '후추', '간장']","만두는 먹고 싶은데 피까지 만들긴 귀찮고..그럴 땐 라이스페이퍼를 활용해 보세요!
참치, 달걀로 만두소까지 만들면 간단해요 양배추까지 들어가 속도 편안하구요.
가벼운 저녁 한끼를 고민하고 계시다면 오늘은 라이스페이퍼 양배추 만두로 GO","['양배추는 잘게 채 썰어요.\n나무도마\n,\n조리용나이프', '참치는 기름을 빼서 준비해요.\n찬기\n,\n숟가락', '팬에 기름을 두르고 양배추를 볶아요.', '양배추 숨이 죽으면 옆쪽으로 밀어두고 달걀을 볶아요.\n프라이팬\n,\n조리주걱', '달걀이 익으면 양배추와 함께 섞어 볶아요.', '참치와 굴소스, 간장을 넣어 볶아요.\n간장은 가장자리에 넣어 살짝 볶아 섞어요.', '미지근한 물에 적신 라이스페이퍼 위에 볶아둔 양배추를 한스푼씩 넣어 말아요.\n2번 말아주면 더 쫄깃하고 맛있어요.', '기름을 두른 팬에 노릇하게 구워요.', '초간장과 곁들여 완성해요.\n접시']","['양배추만두', '만두']","['1/4개', '1캔', '2개', '10장', '1T', '약간', '1/2T']"
153,면/만두,,,,비엔나 만두 강정,https://www.10000recipe.com/recipe/6877253,"295,398",찌니훗,2인분,15분 이내,아무나,"['만두교자만두/물만두', '비엔나소세지 작은거', '물', '간장', '고추장', '케찹', '올리고당', '다진마늘', '참기름', '깨']",만두 강정을 만드려다가 집에 비엔나소세지가 있어서 같이 만들어봤어요ㅎㅎ,"['만두는 기름을 두룬 팬에 노릇하게 구워줍니다.', '비엔나 소세지에 원하는 모양대로 칼집을 내고 팬에 볶아줍니다.\n양파가 있다면 같이 볶아줘도 좋아요:)', '비엔나가 어느정도 구워지면 만두를 같이 넣어줍니다.', '양념장을 넣고 양념이 고루 베이도록 잘 섞어줍니다.', '양념이 어느정도 베이면 위에 통깨를 뿌려 마무리합니다.', '간식이나 술안주, 밑반찬으로 먹기 좋은 비엔나만두강정 완성!']","['비엔나소세지', '소세지', '만두', '초간단', '간식', '안주', '만두강정']","['교자만두/물만두', '1봉', '1T', '1T', '2T', '2T', '1.5T', '1t', '약간', '약간']"
154,면/만두,,,,들기름 메밀국수 레시피,https://www.10000recipe.com/recipe/7080155,666,호수맘,2인분,15분 이내,아무나,"['메밀', '오이', '들기름', '쯔유', '물', '와사비', '깨소금', '들깨가루', '김가루']",여름철 입맛이 없을 때 간단하면서도 든든하게 즐길 수 있는 들기름 메밀국수입니다.,"['끓는 물에 메밀국수를 3~ 4분 삶아 주세요\n삶은 면은 찬물에 여러 번 헹궈 전분기를 제거해 주세요. 체반을 받쳐 물기를 빼 주세요', '볼에 물 250ml 쯔유 50ml 와사비 넣고 섞어 준비해주세요\n김가루는. 일회용김을 봉지에넣고 뿌셔주세요\n오이는 채썰어주세요', '그릇에 삶은 메밀면을 넣고 만들어 놓은 양념장을 넣어 주세요. 그 위에 썰어 놓은 오이 들깨가루 김가루 깨소금 넣고 들기름을 넣어 주세요.', '시원하게 얼음을넣어주시면 들기름메밀국수와성입니다']","['들기름', '메밀국수', '들기름막국수', '메밀국수', '메밀면요리', '여름별미', '간단한점심메뉴']","['200g', '1/4개', '4T', '50ml', '250ml', '1t', '1T', '2T', '2개']"
155,면/만두,,,,고추참치 하나면 맛있는 파스타가 됩니다.,https://www.10000recipe.com/recipe/6961309,"4,676",맛있다그리드,1인분,30분 이내,초급,"['파스타면', '고추참치', '마늘', '소금', '진간장', '굴소스']","정말 간단하지만
맛을 보면 특별한 고추참치 파스타를 만들어봤습니다.
집에 하나쯤 있을법한 고추참치로
특별한 요리 만들어보세요!","['마늘 7개 슬라이스 해줍니다.', '끓는물에 소금 1/2큰술을 넣고\n파스타를 넣고 10분간 중불에 끓여줍니다.', '팬에 올리브유를 두르고\n마늘을 넣고 중불에서 2분간 볶아주세요.', '마늘이 노릇하게 익으면 고추참치를 넣고 2분간 볶아줍니다.', '파스타를 넣고,\n면수 3-4큰술을 넣은 뒤 볶아줍니다.', '진간장 1/2큰술을 넣고 볶아줍니다.', '마지막으로 굴소스 1/2큰술 넣고 볶아주면 완성!!']","['고추참치', '파스타', '참치파스타', '고추참치파스타', '초간단', '점심메뉴', '1인분', '저녁메뉴', '참치']","['1인분', '1캔', '7개', '1/2큰술', '1/2큰술', '1/2큰술']"
156,면/만두,,,,고소하고 짭짤한 초간단 명란버터우동,https://www.10000recipe.com/recipe/7002301,"7,953",만개의레시피,1인분,10분 이내,아무나,"['우동면', '명란젓', '쪽파', '버터', '달걀', '김가루', '쯔유']","국물 없이 간단하게 비벼먹는 우동 명란, 버터, 김가루, 쪽파 등을 올리고 쯔유를 넣어 비벼먹는 초간단 명란버터우동 가벼운 한끼를 원하는 분들이라면 집에서 한끼 맛있게 드셔보세요.","['명란은 반을 가른 후 칼등으로 밀어 껍질을 제거해요', '쪽파는 송송 썰어요', '달걀은 노른자와 흰자를 분리해요', '끓는물에 우동사리를 넣고 풀어가며 익혀요', '그릇에 우동면을 담고 명란과 쪽파를 올려요', '버터와 김가루를 올려요\n버터는 실온에 보관한 후 사용해요', '쯔유를 넣어 완성해요']","['명란버터우동', '우동', '명란우동']","['1인분', '1개', '1줄', '1조각', '1개', '약간', '1숟가락']"
157,면/만두,,,,여름별미 10분초간단 냉짬뽕만들기,https://www.10000recipe.com/recipe/7081185,416,호수맘,2인분,15분 이내,아무나,"['진짬뽕 라면', '냉면육수', '새우', '배추', '청경채', '식초', '얼음']",입맛 없는 무더운 날 집에서 간단하면서도 특별한 여름 별미를 즐기고 싶을 때 만들어 먹기 좋은 냉 짬뽕 레시피 입니다.,"['야채는 먹기좋은크기로썰어준비해주세요\n라면 액상스프와 냉면육수 식초를넣고섞어 냉장고에 넣어주세요', '냄비에 물을 넣고 물이 끓으면 짬뽕의 건더기와 면을 넣고 5분 동안 끓여 주세요.\n썰어놓은야채와 새우를넣고 1분정도 더끓여주세요', '면은 찬물에 충분히 헹궈 물기를 빼주세요 볼에 라면을담고 준비해놓은 육수를 넣어주세요. 액상스프는 국물에돌려마지막으로넣고\n얼음도 넣어주시면 시원한고 맛있는 냉짬뽕완성입니다']",['냉짬뽕만들기 냉짬뽕 레시피. 여름별미. 진짬뽕 냉면육수. 초간단냉짬뽕'],"['2봉지', '2봉지', '10마리', '3쪽', '3개', '1T', '약간']"
158,면/만두,,,,면두부 새우오일파스타 다이어트에도 좋아요,https://www.10000recipe.com/recipe/6939082,"47,703",눈누난나02,1인분,20분 이내,초급,"['통마늘', '새우', '올리브오일', '소금', '후추']","코스트코 장보러 갔는데 면두부가 있더라구요.
건강에도 좋고 다이어트에도 좋을거 같아서
파스타 만들때 면두부로 만들어보았답니다. (맛있어요 ^^)","['면두부', '새우 6마리 (요것도 코스트코 냉동새우)', '마늘은 편마늘로 준비합니다.', '팬에 올리브오일 넉넉히 두르고\n편마늘 넣어서 노릇하게 볶아질때쯤', '새우를 넣고 함께 볶아줍니다.\n이때 소금과 후추를 촥촥 뿌려줍니다.', '새우가 어느정도 익었을때쯤\n마지막에 면두부를 넣고 살짝 볶아주기만하면', '면두부 새우오일파스타 완성입니다.', '꼬독꼬독한 식감에 고소함이 더해진\n면두부 새우오일파스타 다이어트에도 좋은거같아요 ^^']","['새우오일파스타', '오일파스타', '면두부파스타', '면두부새우오일파스타', '면두부오일파스타', '다이어트요리', '다이어트음식', '다이어트']","['7~10개', '6~8마리', '', '', '']"
159,면/만두,,,,대패 우유 카레우동 레시피,https://www.10000recipe.com/recipe/7010409,"9,947",동이,1인분,20분 이내,아무나,"['우동면', '양파', '우유', '고체카레또는 카레가루 1개 /', '대패삼겹살']",물 대신 우유로 끓여 만든 우유 카레우동입니다. 고명으로 대패삼겹살을 올려 같이 먹으면 조합이 아주 좋아요.,"['양파를 채 썰어주세요.\n도마\n,\n조리용나이프', '팬에 대패삼겹살을 바싹 익혀주세요.\n프라이팬\n,\n요리스푼', '대패삼겹살을 한쪽에 빼두고 남은 기름에 양파를 볶아주세요.\n양파가 흐물해지고 색이 갈색빛이 될때까지 볶아주세요.', '키친타올로 기름을 닦고나서 우유를 부어주세요.\n우유 300ml\n키친타올', '강불로 끓여주세요.', '끓어오르면 고체카레를 넣고 바닥에 늘러 붙지않게 저어주세요.', '우동면을 넣고 우동면이 풀어지게 젓가락으로 살살 건들여가면서 저어주세요.\n우동면을 삶아서 넣어도 상관없어요.', '우동면과 양념이 잘 베어들면 불을 꺼주세요.', '접시에 우동을 담아주고 위에 고명으로 대패삼겹살을 올려주면 완성입니다.']","['카레우동', '우동카레', '우동', '카레', '우유카레우동', '대패삼겹살', '대패', '이색요리', '간단요리', '레시피']","['1개', '1/2개', '300ml', '또는 카레가루 1개 /', '100g']"
160,면/만두,,,,대파 싫어하는 아이들도 잘 먹는 대파 냉파스타 만들어 보세요.,https://www.10000recipe.com/recipe/6989041,"3,231",요알남Mingstar,1인분,30분 이내,아무나,"['대파', '푸실리면', '간장', '올리브오일', '참기름', '올리고당', '식초', '다진 마늘']",대파 싫어하는 아이들도 잘 먹는 대파 냉파스타입니다.,"['대파는 5~6cm 길이로 자른다.', '자른 대파는 채 썰어 준다.', '채 썬 대파는 찬물에 담가 매운맛을 제거한다.', '매운맛을 제거한 대파는 물기를 제거한다.', '끓는 물에 오일을 조금 넣고 푸실리를 삶는다.', '삶은 푸실리는 찬물에 씻어 물기를 제거한다.', '간장, 올리브오일, 참기름, 올리고당, 식초, 다진 마늘을 넣고 드레싱을 만든다.', '드레싱에 준비한 재료를 모두 넣고 버무린다.']","['대파파스타', '대파파스타레시피', '파파스타', '냉파스타', '냉파스타만들기', '냉파스타레시피', '대파요리법', '대파레시피', '대파요리레시피', '푸실리파스타']","['2대', '100g', '2숟가락', '1숟가락', '0.5숟가락', '1숟가락', '1숟가락', '0.5숟가락']"
161,면/만두,,,,집에서 만드는 수제칼국수,https://www.10000recipe.com/recipe/7081763,312,호수맘,2인분,120분 이내,초급,"['호박', '감자', '계란', '구매', '집간장', '다시다', '김가루', '참기름', '깨소금', '꽃소금', '식용유']",집에서 만든수제 칼국수가 먹고싶어서 번거롭지만 만들었는대 맛은 시중파는것과비교할수없이. 맛있습니다,"['밀가루5컵에 물한컵 계란1개 소금 식용유 후추 넣고반죽을해주세요\n물은 한번에넣지말고 치대면서 반죽의형태 보고 넣어주세요', '반죽을 10분정도 치대다가 봉지에넣어 냉장고에서 1시간이상 숙성시켜주세요', '냉장고에 넣어둔반죽을꺼내 질으면 밀가루더넣어주시고 반죽이 되면 물을조금더넣고 치대주세요\n반죽을 밀대로밀어 칼국수를 만들어주세요', '물은 칼국수 양에따라 넣어주세요\n코인육수 2개넣고 끓여주세요\n호박.감자도썰어주세요\n끓는물에 썰어놓은 호박 감자넣고 끓여주세요 간은 집간장1T 넣고 드셔보고 다시다조금더넣어주세요', '썰어놓은 국수를넣고 한번끓어오르면 젖가락으로 뒤적이면서 끓여주세요 그래야 칼국수가 서로붙지않아요\n완성된 칼국수에 김가루 참기름 깨소금올려주시면 완성입니다']","['칼국수', '수제칼국수', '반죽', '칼국수레시피.', '간단한집밥']","['1/4개', '1개', '1개', '2개', '1T', '약간', '약간', '약간', '약간', '약간', '약간']"
162,면/만두,,,,카레크림파스타 | 카레 향이 나는 느끼하지 않은 크림 스파게티,https://www.10000recipe.com/recipe/7057107,"5,040",유주니네cooking,2인분,30분 이내,초급,"['파스타면', '양파', '마늘', '카레가루', '우유', '올리브유', '새우', '후추']",크림 파스타에 카레를 넣어 느끼하지 않고 한국인의 입맛에 딱 맞는 레시피~ 아이들도 좋아해요,"['양파는 잘 썰고 마늘은 슬라이스 새우는 깨끗이 씻어서 준비 해 주세요\n도마\n,\n조리용나이프\n,\n볼\n양파 손질법', '스파게티 면은 7분간 삶아주세요\n냄비\n,\n요리젓가락', '팬에 올리브유를 두르고 마늘, 양파, 새우를 볶아 주세요\n프라이팬\n,\n요리스푼', '재료가 노릇 노릇 익으면 삶아 놓은 면은 넣어 볶아주세요', '살짝 볶아지면 우유와 카레 가루를 넣고 졸여주세요', '꾸덕꾸덕 볶아지면 통후추 소금으로 간을 맞춰 주세요\n요리젓가락', '마지막으로 파슬리가루를 뿌려 주세요']","['파스타', '카레', '면요리', '한그릇요리', '초간단']","['2인분', '1/2개', '10알', '5큰술', '600ml', '2큰술', '8마리', '']"
163,면/만두,,,,초간단 비빔국수,https://www.10000recipe.com/recipe/7048338,"4,147",세우식탁,1인분,20분 이내,아무나,"['소면', '계란', '오이', '양파', '고추장', '진간장', '설탕', '고춧가루', '다진마늘', '참기름']",이것저것 요리하기엔 귀찮고! 맛있는 건 먹고 싶고! 그럴 때 초초초간단하게 해먹을 수 있는 세우식탁 비결 비빔국수 레시피 들고 왔어요! 살짝 매콤새콤하면서 고소한 맛이에요 그럼 Let's Go!,"['계란이랑 같이 끓이지 말고 물을 먼저 끓여주세요 꼭! 물이 끓기 시작하면 계란을 넣고 10분간 삶아줍니다.\n냄비', '물이 끓는 동안 양파 1/2개, 오이1/2개를 씻어서 준비해 주세요.\n도마\n,\n조리용나이프', '양파랑 오이를 먹기 좋게 송송 채 썰어서 준비해요.', '소면 삶을 냄비에 물을 끓인 후 물이 끓기 시작하면 소면을 넣고 삶아주세요.', '소면이 위로 떠오르면 찬물을 쪼르륵 넣어주시고 한 번 더 팔팔 끓여주세요.\n요리젓가락', '소면이 다 익으면 찬물로 바락바락 헹궈 주시고 면이 차가워졌으면 채반에 받쳐 물기를 빼주세요.\n채반\n,\n볼', '물기를 뺀 면에 오이, 양파를 올린 후 간장1스푼, 설탕1스푼, 고춧가루1/2스푼, 고추장1스푼, 다진마늘1/2스푼, 참기름1스푼을 넣고 장갑낀 손으로 야무지게 비벼주세요.\n숟가락', '매콤! 새콤! 고소!한 초간단 비빔국수 완성입니다!\n완성그릇']","['비빔국수', '초간단비빔국수', '면요리', '비빔국수만드는법', '비빔국수레시피', '입맛돋구는음식', '초간단']","['1인분', '1개', '1/2개', '1/2개', '1스푼', '1스푼', '1스푼', '1/2스푼', '1/2스푼', '1스푼']"
164,면/만두,,,,깐풍만두 전분가루 없이도 맛있는 소스만들기,https://www.10000recipe.com/recipe/6835071,"139,723",고래언니,2인분,15분 이내,초급,"['냉동만두', '냉장고속채소', '간장', '식초', '미림(맛술)', '굴소스', '설탕', '물', '다진마늘']","냉동고에 항상 있는 냉동만두로 맛있는 깐풍만두를 만들어봤는데요
전분가루 없이도 맛있는 깐풍소스를 만들어보았답니다","['제시 된 양념을 그릇에 모두 넣어 설탕이 녹을정도로 잘 섞어주세요', '기름을 적당히 두른 팬에 냉동만두를 앞뒤로 노릇하게 구워줍니다', '다른팬에 기름을 살짝 넣고 냉장고 속 자투리 채소를 다져 볶아주세요\n(저는 양파, 당근, 송송 썰어놓은 대파를 넣었어요)', '채소가 반정도 익었을 때 미리 만들어 놓은 양념을 모두 부어서 약불에서 살짝 졸여주시면 되요\n(걸죽한 소스가 좋으신 분들은 전분가루를 이용해 전분물을 만들어 1T 넣어주시면 되요)', '적당히 졸아든 깐풍소스를 맛있게 구워진 만두 위에 스~윽 뿌려주면 완성!']","['깐풍만두', '냉동만두', '손님초대요리', '야식', '만두요리', '깐풍소스', '깐풍만두만들기']","['500g', '적당히', '2T', '2T', '2T', '1T', '1T', '2T', '0.5T']"
165,면/만두,,,,에어프라이어 깐풍만두 만들기,https://www.10000recipe.com/recipe/6907784,"53,905",시크제이맘,2인분,60분 이내,아무나,"['만두', '간장', '올리고 당', '설탕', '식초', '다진 마늘', '대파', '홍고추', '후춧가루']",깐풍만두 만들기,"['에어프라이어에 만두 13개를 넣고 200도에서 15분 정도 돌려줍니다.\n에어프라이어', '대파 1/3, 홍고추 1/2를 송송 썰어 준비하고', '달군 팬에 식용유 1을 두르고 다진 마늘 1, 썰어 놓은 대파, 홍고추를 넣어 달달 볶다', '깐풍 소스 재료인 간장 2, 올리고 당 1, 식초 1, 맛술 1, 설탕 1, 후춧가루 적당량을 넣어 바글바글 끓여주세요.', '그리고 에어프라이어에 튀긴 만두를 넣고', '양념을 고루 묻혀 마무리해주세요.', '깐풍만두 완성 ^^']","['에어프라이어깐풍만두', '에어프라이어요리', '깐풍만두']","['13개', '2', '1', '1', '1', '1', '1/3', '1/2', '적당량']"
166,면/만두,,,,"3개의 재료로 뚝딱 만드는 한끼, 고추참치 파스타",https://www.10000recipe.com/recipe/7043343,"1,659",EasyFusion집밥er,2인분,10분 이내,아무나,"['고추참치', '마요네즈또는 올리브오일', '푸실리 파스타', '히말라얀 소금', '후추가루']","초등학생도 만들 수 있을 정도로 간단한 파스타입니다. 엄마도 좀 쉬어갈 때가 있어야죠? 아침에 도시락 싸다가 후다닥 찍어서 올려봤습니다. 준출가(?)인인 대학생 딸을 위해서, 가끔 혼자 해먹는 아들을 위해서 남기는 기록~","['끓는 물에 파스타면을 7-8분정도 익혀줍니다. 저는 통밀 푸실리 파스타를 주로 사용하는데 앨보 마카로니나 펜네도 나쁘지 않아요.\n냄비', '익으면 물만 따라내고 같은 팬에서 계속 요리해도 돼요. (불은 꺼진 상태)', '마요네즈를 크게 한번 펐는데 대략 2T 됐어요. (눈대중 장인) 더 넣으시면 더 꼬숩지만 건강이 좀 염려되면 이 정도만 넣고 만족해야죠. 마요네즈가 없거나 싫으시면 올리브오일 가지고 해도 돼요. (없는 얘기 안하는 편)\n요리스푼', '일단 마요네즈를 버물버물해주고', '고추참치를 하나 까서 넣은 다음 약불에 볶듯이 버무려 주세요', '잘 섞인 거 확인하고', '소금 후추로 간을 합니다. 들어간 마요네즈의 양에 따라 간이 다르니 먹어보고 취향에 맞게 넣어주세요.', '준출가인 외 2명을 위한 도시락 완성~']","['참치', '고추참치', '참치마요', '파스타', '초간단', '10분이내', '고추참치마요', '도시락', '간단식']","['1캔', '또는 올리브오일', '150g', '1꼬집', '1꼬집']"
167,면/만두,,,,차돌박이 파스타,https://www.10000recipe.com/recipe/6739157,"297,259",쟌쟌,1인분,30분 이내,초급,"['차돌박이', '양파', '청량고추', '홍고추', '통마늘', '간장', '굴소스', '맛술', '다진마늘', '후추']",한끼 식사로도 맥주 안주로도 훌륭한 매운 차돌박이 파스타,"['파스타면을 제일 먼저 삶습니다. 물을 넉넉하게 담아 끓여주시고 파스타를 넣어주세요. 7분 : 단단한 식감을 원할때 8분 : 쫄깃하고 탄력있는 식감 9분 : 부드럽고 통통한 면을 원할때', '마늘은 편으로 썰고 양파도 적당히, 고추도 얇게 썰어주세요. 특히 고추는 얇게 썰어주셔야 입에서 겉돌지 않고 면에 착착 감깁니다.', '간장 2숟갈, 굴소스 1숟갈, 맛술 1숟갈, 다진마늘 1숟갈, 후추약간을 넣어 소스를 만들어주세요. 다 삶아진 면은 건져서 올리브유를 살짝 넣어 비벼놓으시면 됩니다.', '재료 준비가 끝났다면 기름을 두른팬에 마늘과 고추를 먼저 넣어 볶아 향을 내주세요. 그다음 양파도 넣어주세요.', '차돌박이까지 넣어 반 정도 볶은뒤, 면을 넣고 미리 만들어둔 소스를 넣고 함께 볶아주시 면됩니다. 소스는 입맛에 따라 약간씩 넣으며 가감하세요.']",[],"['15장', '1/2개', '2개', '1개', '5톨', '2숟갈', '1숟갈', '1숟갈', '1숟갈', '약간']"
168,면/만두,,,,새우굴소스파스타,https://www.10000recipe.com/recipe/6890570,"125,416",벼르곰,1인분,15분 이내,초급,"['파스타면', '청양고추', '마늘', '버터', '새우', '파마산치즈가루', '오일', '소금', '굴소스']",어렸을때 엄마랑 파스타를 먹으러갔었는데 처음보는비주얼에 처음느껴보는맛이라 인상깊게남아서 맛을 기억했다가 집에와서 대충 만들어봤는데 의외로 비슷한맛에 너무 맛있어서 가끔 엄마랑 만들어먹게된 새우파스타입니다,"['냄비에 물을 2/3정도 채우고 소금을 약간 넣고 끓여준다 물이 끓으면 파스타면을 넣고8~10분간 익혀준다', '면이 다 익으면 면을 채반에 받친뒤 면수는 버리지말고 따로 받아둔다', '마늘과 고추는 작게 편썰어서 준비해둔다', '새우는 날카로운 머리부분을 반 잘라 손질해놓는다\n새우 손질법 레시피', '썰어둔 마늘과 고추를 기름두른팬에 볶아준다', '마늘이 어느정도 익으면 손질해놓은 새우와 버터를넣고 약한불에서 타지않게 볶아준다', '새우가 익어갈쯤 삶은파스타면을넣고 면수 한국자와 굴소스를넣고 섞어준다', '그릇에 예쁘게담아준다', '완성된파스타에 파마산치즈가루를 솔솔뿌려 마무리해준다']","['새우굴소스파스타', '버터와굴소스의꿀조합', '색다른파스타']","['100g', '2개', '30g', '30g', '6마리', '약간', '3T', '약간', '1.5T']"
169,면/만두,,,,원팬으로 10분이면 뚝딱!! 초간단 버섯당면볶음 입니다~^^,https://www.10000recipe.com/recipe/6930296,"84,385",쉬운언니,1인분,20분 이내,아무나,"['당면', '표고버섯', '청량고추', '대파', '다진마늘', '식용유', '간장', '굴소스', '매실청또는 올리고당', '후추', '맛술', '참기름']","이 음식은 제가 집에 라면도없는데 면먹고 싶을때,
혹은 잡채먹고싶거나 잡채밥 땡길때,
아니면 버섯이 한 3~4개쯤 남아 처치곤란일때..
바로 이럴때 간단하게 만들어 먹는 볶음면인데요.
이게 또 정말 간단한데 식사가 되고 좋아요^^
사실 갑자기 잡채 먹고 싶다고 진짜 만들기도 귀찮지만
이건 혼자사는 저로선 만들어도 처치곤란!!
게다가 이것저것 남은 식재료들이 문제가 될 수밖에 없는데
이렇게 볶음당면으로 만들면 잡채맛도 충분히 느낄수 있고
한끼 해결도 충분하고, 남으면 반찬으로도 좋고..
뭣보다 간단해서 좋은 요리입니다 ^^
납작당면 이용하면 훨씬 식감이 좋으니 참고하시고 만들어 보세요^^","['제일 먼저 당면은 완전 뜨거운물에 불려주세요. 그래야 재료손질하는동안 다 불어요^^\n볶기전 덜 불어도 걱정마세요. 볶을때 물좀 더 넣고 볶으면 됩니다. 시간여유있다면 찬물에 천천히 불려쓰면 더욱 좋습니다.^^', '표고버섯은 기둥을 떼고 슬라이스해서 준비해 주세요.', '청양고추는 매콤한걸 좋아한다면 두개까지 가능한데 슬라이스 해서 준비해 주세요.\n두개이상은 넣지마세요. 칼칼함이 올라와서 먹다가 사레걸려요.', '대파도 원형 그대로 슬라이스 해서 준비해 주세요.', '참기름을 제외한 양념장은 전부 한데 섞어 주세요.', '팬에 식용유 4T를 두르고 파하고, 마늘을 넣고 중불에서 볶아주세요.', '대파와 마늘은 향이 우러나오도록 충분히 볶아 파기름을 만들어 주세요.', '어느정도 파기름이 익어가면 청량고추를 넣고 살짝만 볶아주세요.', '슬라이스한 표고버섯을 넣고 불은 중불에서 볶아주세요.\n쎈불에 볶으면 파,마늘만 타니 중불로 천천히 볶아주세요.', '버섯은 충분히 볶아야 맛이 좋아요. 버섯자체에 윤기가 돌때까지, 흡수한 기름을 도루 뱉어낼때까지 볶아주세요.', '버섯이 잘 볶아졌으면 당면과 양념장을 1/3만 남기고 물 반컵과 함께 볶아주세요.\n센불로 볶아야 면이 불지 않아요.', '면에 양념이 잘스며들고 면이 익으면 간을보아 남겨둔 양념장 을 추가하거나 괜찮다면 참기름을 넣고 마무리합니다.', '그릇에 면과함께 담고 깨는 기호에 맞게 추가해 주세요~']","['당면', '당면볶음', '볶음당면', '초간단', '자취생', '원팬요리', '잡채', '볶음면', '표고버섯', '납작당면']","['120g', '4개', '1개', '15Cm', '1T', '4T', '3T', '2T', '또는 올리고당', '약간', '1T', '2T']"
170,면/만두,,,,중식의 대가 이연복 쉐프 깐풍만두 초간단 레시피,https://www.10000recipe.com/recipe/6902300,"126,454",뽀유TV,1인분,15분 이내,아무나,"['만두', '대파', '쥐똥고추or청양고추', '다진마늘', '간장', '설탕', '식초', '물엿', '후추']",오늘은 만들기 쉽지만 정말 맛있는 이연복쉐프님의 깐풍만두 레시피를 소개해드릴께요. 야식으로 강추 드립니다,"['먼저 야채를 잘게 썰어 주시는데요. 이연복 쉐프님은 쥐똥고추를 말씀하셨는데 저는 없어서 매운 청양홍고추를 사용했습니다', '후추를 제외한 양념은 미리 한곳에 섞어 줍니다', '달궈진 팬에 기름 약간 두르고 만두를 약불에서 노릇하게 구워 주세요', '만두가 다 구워지면 한쪽에 밀어두고 다른 한켠에서 대파,다진마늘,매운홍고추를 넣고 볶다가 만두와 섞어 줍니다', '준비해둔 양념에 후추약간과 물 3-4스푼을 넣어주고 재빨리 저어 살짝 졸여주면 끝!', '야식으로 추천드리고 싶은 이연복쉐프님 깐풍만두 완성입니다', '한입 먹어보니 고추의 매콤한 맛, 식초의 새콤한 맛, 설탕의 달달한 맛이 한데 어우려져 정말 맛있어요.맥주드시는 분들께는 간단한 술안주로도 좋을듯 합니다']","['깐풍만두', '이연복쉐프', '이연복쉐프깐풍만두', '야식', '간식', '술안주', '만두', '만두요리', '간단요리', '이연복쉐프레시피']","['10개', '1대', 'or청양고추', '1T', '1T', '1T', '2T', '1/2T', '톡톡']"
171,면/만두,,,,에어프라이어 깐풍만두,https://www.10000recipe.com/recipe/6909523,"48,539",815요리사랑,2인분,30분 이내,초급,"['냉동만두', '청양고추', '홍고추', '양파', '대파', '마늘', '식용유', '간장', '설탕', '요리 당', '굴 소스', '식초', '물']",요즘대세 에어프라이어에 바삭하게 구워 매콤하게 깐풍 만두 꿀조합 소스 비율~,"['재료준비합니다', '에어프라이어에 종이호일 깔고 냉동만두를 겹치지 않게 올려주세요\n1차 170도에서 10분을 구워주세요\n에어프라이어', '만두 굽는 동안에 양파 대파,고추 마늘을 잘게 다져요', '1차로 구운 만두는 뒤집고 다시 2차로 구울거예요 170도에서 10분을 더 구워줍니다', '팬에 기름 약간 두르고 마늘을 볶다가 대파 양파 순으로 볶다가 소스를 넣고 끓어오르면 고추랑 구운 만두를 넣어 주세요', '빠르게 섞어주세요', '맛이 없을 수 없는 맛있는 꿀조합 매콤 깐풍만두 완성입니다']","['깐풍만두', '만두깐풍', '냉동만두요리', '간식', '야식', '간단술안두', '만두요리']","['10개', '2', '1/2', '1/4개', '1토막', '1~2개', '', '2스푼', '2/3스푼', '2스푼', '1/2스푼', '2스푼', '1스푼']"
172,면/만두,,,,부산에서 먹던 탱글탱글 비빔당면,https://www.10000recipe.com/recipe/6853260,"177,231",자몽의요리,1인분,15분 이내,아무나,"['당면', '계란', '당근', '깻잎', '고춧가루', '설탕', '깨', '간장', '식초', '올리고당', '다진마늘', '참기름', '다진파']","부산에서 맛잇게 먹었던 비빔당면이예요
심심한듯 하면서도 은근히 중독성있는 맛이죠
여름이니깐 아무래도 이런 비빔메뉴가 계속 땡기네요
비빔당면양념장은 각종 비빔면요리에 사용하셔도 잘 어울립니다","['고춧가루2T, 설탕1T, 깨1T, 간장4T, 식초1.5T, 올리고당2T, 다진마늘 0.5T, 참기름2T, 다진파2T 를 넣고 양념장부터 만들거예요 ▶양념장을 먼저 만들어 놓고 시작하셔야 요리가 쉽습니다. 당면부터 삶고 양념장을 만들게 되면 당면이 불어버리는 사태가 벌어지기 때문이죠', '깻잎과 당근은 깨끗이 씻어서 깻잎은 반으로 접어서 길고 얇게 채썰고, 당근도 얇게 채썰어주세요', '계란1개는 잘 풀어주세요', '후라이팬에 기름을 두르고 계란물을 부어서 계란지단을 만들어줍니다\n▶ 어차피 길게 채썰꺼라서 모양은 이쁘게 안하셔도 됩니다', '다 익은 계란지단은 길게 채썰어주세요', '당면을 삶아줍니다 ▶ 보통 7~8분정도 삶아주시는게 제일 적당해요', '다 삶아진 당면은 찬물로 헹궈주세요', '그릇에 당면을 담고, 당근,계란,깻잎 고명을 얹어줍니다. 그리고 취향에 맞고 소스를 얹어줍니다 ▶당면은 미리 가위로 조금 잘라주세요']","['비빔당면', '부산', '당면', '초간단', '비빔', '비빔장', '간식', '야식']","['80g', '1개', '1/2개', '5장', '2T', '1T', '1T', '4T', '1.5T', '2T', '0.5T', '2T', '2T']"
173,면/만두,,,,"야채는 거들뿐, 비빔만두",https://www.10000recipe.com/recipe/6990705,"8,340",만개의레시피,2인분,30분 이내,아무나,"['만두', '양배추', '양파', '오이', '당근', '깻잎', '통깨', '고추장', '고춧가루', '매실액', '간장', '올리고당', '식초', '참기름']","진짜 맛있을 수 밖에 없는 요리
새콤매콤한 맛이 너무 매력적인 비빔만두
조물조물 양념으로 버무린 야채에
노릇하게 구워진 군만두까지
보기만해도 침샘 자극!","['냉동만두에 기름을 뿌린 후 에어프라이어 180도에 15분 굽는다\n에어프라이어', '양배추와 양파는 채썬다', '오이와 당근은 가늘게 채썬다', '깻잎은 돌돌 말아 채썬다', '양념 재료를 섞어 양념장을 만든다', '손질한 야채에 양념장을 넣고 비빈다', '접시에 군만두와 야채를 담고 통깨를 뿌린다\n접시']",[],"['10개', '50g', '1/4개', '1/3개', '1/4개', '4장', '1/2숟가락', '1숟가락', '1/2숟가락', '1/2숟가락', '1숟가락', '1숟가락', '2숟가락', '1숟가락']"
174,면/만두,,,,초간단술안주!대패삼겹우동볶음!!,https://www.10000recipe.com/recipe/6896826,"99,530",서녕,3인분,15분 이내,아무나,"['냉동 대패삼겹살', '우동사리', '양파', '대파1개', '숙주', '맛간장', '굴소스', '올리고당설탕대체가능', '다진마늘', '미림(맛술)', '참기름', '깨', '후추']","출출한밤, 냉동대패삼겹과 우동사리로 단짠단짠 초스피드 초간단 술안주만들기~! ☆저녁한끼 혹은 밥과 곁들여먹기에도 좋아요!","['우선 재료를 꺼내볼께요~ 대패삼겹살, 우동사리2개, 숙주, 파와 양파(냉장고 짜투리채소 넣어도 좋아요~!)', '볼에 대패삼겹을 넣고 미림을 5T정도(고기가 잠겨있을정도면 됩니다)뿌려주고 살짝 조물조물 뒤집어가며 골고루 냄새잡히게 해주세요~ ※미림이 없으신경우 맛술, 청주나 소주로 대체가능합니다!소주넣으실 경우는 3T만 넣으셔도 충분해요!!', '고기를 재우는 동안 양념소스을 먼저만들어놓습니다! (간장3+올리고당4+굴소스1.5+깨0.5)', '양념소스만들고 양파, 파 등 채소도 씻어서 채썰어준비해주세요! 숙주도 씻으면서 다듬어주시고!!', '달궈진팬에 약불로 바꿔준 후 기름을 둘러주고 다진마늘2T와 파를넣고 파기름을 먼저내주세요~', '미림(맛술)에 재워둔 대패삼겹을 넣어주시고 중불로 올려서 볶아주세요~이때 후추1t, 간장1T를 둘러주세요', '고기를 볶는동안 우동사리를 끓인물을 부어 면선만 풀어주세요!!', '고기가 반쯤 익었을때 아까섞어둔 양념과 양파, 숙주를 넣고 볶아주시다가 고기와 야채에 양념색이 베어진다 싶을때 우동사리투하!! 양념이 쏙 입혀질 정도(1~2분가량) 쎈불로 볶아주시면 됩니다. ※숙주와 면선을 풀어둔 우동에서 물이 나오기 때문에 간을 조금 짜게했는데 간을 한번 봐보시고 짠거같으시면 물이나 숙주를 조금 더 넣어주세요!', '완성~전 손이 커서 3인분을 꽉 채워서 해놨어요! 다들 맛있게 드세요~♥️']","['돼지고기', '초간단', '술안주', '볶음우동', '숙주', '숙주볶음', '간단한한끼', '맥주안주', '소주안주', '초등학생취향저격']","['500g', '2개', '1개', '1개', '2줌', '4T', '1.5T', '설탕대체가능', '2T', '5T', '1T', '0.5T', '1t']"
175,면/만두,,,,가츠동 대신 비비고 만두로 계란 만두 덮밥 만들기,https://www.10000recipe.com/recipe/7035725,"6,560",요리조리콩,1인분,10분 이내,아무나,"['만두', '양파', '달걀', '간장진간장 양조간장', '미림', '설탕', '멸치액젓', '식용유']",바쁜 일상 속에서 쉽게 만들 수 있는 만두 덮밥 레시피를 소개해 드릴게요! 계란과 양파를 활용해서 간단하면서도 든든해서 한 끼 식사로 안성맞춤이에요.,"['양파는 7mm 두께로 얇게 썰어 준비해 주세요.\n양파 1/2개\n칼\n,\n도마', '팬에 식용유 둘러 만두와 양파를 함께 익혀주세요.\n식용유 1T, 만두 3개, 양파\n프라이팬\n,\n요리용젓가락\n중불', '양파가 투명해지면 STEP2에 모든 양념을 넣고 졸여주세요.\n간장 1T, 미림 1T, 설탕 1t, 멸치 액젓 1t\n중불', '달걀물을 만들어 절반만 둘러 넣어주세요.', '뚜껑 덮고 30초 익혀주세요.\n약불', '남은 계란물을 전체적으로 둘러주세요.', '기호에 맞게 달걀을 익혀주세요.', '밥 위에 얹어 기호에 따라 파슬리 뿌려 주면 더웃 멋진 플레이팅 완성입니다.\n플레이팅접시\n파슬리 대신 쪽파나 고추를 얇게 채 썰어 올려도 좋답니다.']","['만두', '냉동만두', '계란', '양파', '초간단', '초스피드']","['3개', '1/2개', '2개', '진간장 양조간장', '1T', '1t', '1t', '1T']"
176,면/만두,,,,새콤달콤매콤한 만두강정 레시피,https://www.10000recipe.com/recipe/7000636,"3,700",용주부,2인분,20분 이내,아무나,"['만두', '견과류', '깨', '케찹', '고추장', '간장', '올리고당', '식용유']","냉동에 항상 있는 만두!! 만두야 그냥 먹어도 맛있지만 가끔은 색다르게 강정으로 만들어 먹으면 더 맛있게 먹을 수 있어요. 오늘은요리 새콤달콤매콤한 "" 만두강정"" 만들어 보아요.","['만두를 에어프라이어에 넣고 180도 15분 돌려줘요. 만두는 작은 사이즈를 준비했어요.', '프라이팬에 식용유 반스푼, 케찹2스푼, 간장 반스푼, 올리고당 2스푼, 고추장 반스푼을 을 넣고 잘 섞이게 약불로 살짝 졸여줘요.\n식용유 반스푼, 케찹 2스푼, 간장 반스푼, 올리고당 2스푼, 고추장 반스푼\n약불', '양념이 보글보글 거품이 나면 만두를 넣고 잘 섞어요. 잘 섞어진 만두에 견과류를 뿌려요. 땅콩과 깨를 듬뿍 뿌렸어요.\n구운 만두, 땅콩, 깨\n견과류는 살짝 빻아서 사용해요.', '케찹의 새콤함과 고추장의 매콤함 맛이 어우러져서 맛있는 요리가 완성됐어요.']","['만두강정', '만두요리', '안주추천', '아이간식', '새콤달콤매콤한만두강정']","['20개', '4스푼', '1/2스푼', '2스푼', '1/2스푼', '1/2스푼', '2스푼', '1/2스푼']"
177,면/만두,,,,♥[신혼밥상] 시금치 파스타,https://www.10000recipe.com/recipe/6925914,"27,523",행복한윤블리네,2인분,30분 이내,초급,"['파스타면', '시금치', '통마늘', '올리브오일', '굴소스', '후춧가루', '굵은소금', '양파']","힘이 불끈불끈
면역력을 키워요.
아이 어른 할 것 없이 누구나 좋아하는 맛!
영양소 듬뿍!
초간단 시금치알리올리오파스타 레시피~","['끓는물에 굵은소금 반스푼과 파스타면을 넣고 7~8분 정도 삶아주세요.', '면을 건지기 2분 전 달궈진 팬에 올리브오일을 두르고 편마늘을 달달달 볶아주세요.', '양파를 썰어 넣고 맛있는 냄새가 날때까지 볶아주세요.', '마늘과 양파가 노릇노릇해 졌을 때 시금치를 넣고 볶아주세요.', '파스타면과 면수(파스타 삶은 물) 1국자를 넣어주세요.\n파스타면은 헹굼없이 바로 건져 넣고 볶아주세요.', '후추가루 톡톡톡', '굴소스 또는 소금으로 간을 해준 뒤 달달달 볶아주세요.\n깔끔한 맛은 소금\n고소하면서 진한 맛은 굴소스로 간을 해주세요.', '면을 돌돌돌 말아 접시에 담아내면 뽀빠이가 좋아하는 시금치알리올리오파스타 완성!']","['신혼밥상', '시금치파스타', '알리올리오', '시금치알리오올리오', '오일파스타', '파스타', '면요리', '면역력', '손님접대', '시금치']","['2인분', '1/2단', '7~10개', '적당히', '1스푼', '적당히', '1/2스푼', '1/2개']"
178,면/만두,,,,만두강정 소스까지 다 만들기 간단간식 맥주안주로 굿굿!,https://www.10000recipe.com/recipe/6880201,"139,930",보루빵,2인분,15분 이내,아무나,"['만두', '옥수수', '땅콩가루', '고추장', '케찹', '올리고당', '설탕', '맛술', '다진마늘']","어느집에나 냉동실에 들어있을 냉동만두!
구워먹고 쪄먹고 만두국끓여먹고 외에 매콤달콤한 소스를 곁들인 별미 만두강정 레시피 입니다","['만두를 구워주세요\n저는 에어프라이어에다가~ 에어프라이에어 돌리실분들은 180도에서 12분정도면 다익어요\n에어프라이어', '위의 분량대로 양념을 섞어 만들어줍니다\n이 양념은 두부강정이나 양념치킨 전부다 사용가능해요', '톡톡터지는 식감을 주기위해 저는 냉동실에 얼려뒀던 옥수수를 조금 넣어줬습니다\n콘옥수수캔을 물빼고 넣어주셔도되요', '소스는 한번 파르르 끓여주세요\n제 분량대로 만드시면 만두 왕교자사이즈로 10개정도 버무릴수있는 양입니다', '다익은 만두를 끓여둔 소스에 투하!', '뒤적뒤적 잘섞어주기만하면 끝이에요\n고추장때문에 매운맛이 있으니 아이들을 위해 만드실경우 고추장양을 살짝 줄이셔도 됩니다', '그릇에 쪼로리 담고 위에 땅콩가루 뿌리고 파슬리가루 살짝 뿌려주면 비쥬얼 업업!']","['간단간식', '맥주안주', '냉동만두요리', '만두강정']","['6-10개', '약간', '약간', '1숟갈', '3숟갈', '1숟갈', '0.5숟갈', '1숟갈', '1숟갈']"
179,면/만두,,,,치킨스톡 새우볶음면 만드는법 칵테일새우요리 파스타면 볶음면 올리브오일 후추 새우볶음면 치킨스톡 치킨스톡새우볶음면레시,https://www.10000recipe.com/recipe/7036574,"1,850",슈퍼파워,1인분,15분 이내,초급,"['파스타면100g사용', '물', '칵테일새우', '치킨스톡', '면수', '올리브유', '후추']","안녕하세요 슈퍼파워입니다. 오늘은 치킨스톡 새우볶음면을 만들어봤어요. 짭짤하지만 고소한 맛이 당기는 날 가끔 해먹는 면 요리입니다. 재료는 파스타면, 칵테일새우, 치킨스톡, 올리브유, 후추, 물만 있으면 되기 때문에 무척 간단해요. 새우 그리고 짭짤한 맛 좋아하신다면 만들어 드셔보세요. 그럼 치킨스톡 새우볶음면 만드는 법 시작하겠습니다!","['냉동 칵테일 새우를 물에 담가 해동시켜줍니다.\n칵테일 새우 10마리, 물\n볼', '면 삶기 위해 물을 끓여볼게요. 냄비에 물 400ml 넣고 끓여줍니다.\n물 400ml\n냄비', '물이 끓어오르면 파스타면 1인분 넣고 삶아줍니다.\n파스타면 1인분\n요리집게\n마트에서 가장 흔하게 볼 수 있는 스파게티면 사용하였습니다. 저는 5-6분 삶아주는 게 딱 좋더라고요.', '파스타면이 거의 다 조리되었을 때쯤, 팬에 올리브오일 적당량 둘러 가열시켜줍니다.\n올리브오일 적당량\n프라이팬', '해동시켰던 새우 물기 한 번 닦아서 팬에 넣고 볶아줍니다.', '새우 볶은 팬에 파스타면, 치킨스톡 2-5g 넣고 볶아줍니다.\n채망\n*제가 사용한 치킨스톡은 PROMOLAC(프로모락) 큐브형 입니다. 1개 기준 10g 짜리고요, 1/3 정도 사용하였습니다. 치킨스톡은 제품에 따라 짠맛이 다를 수 있기 때문에, 조금씩 넣고 간 봐가며 넣어주시는 게 좋아요.', '중약불로 줄이고 면수 7-10T, 후추 적당량 넣고 볶아줍니다.\n면수 7-10T, 후추 적당량\n중약불', '저는 통후추 갈아서 사용했는데, 마트에 파는 고운 후추 사용하셔도 좋아요!', '마지막으로 올리브오일 2-3T 넣고 볶아주면!?\n올리브오일 2-3T\n스푼', '치킨스톡 새우볶음면 완성!!\n완성그릇']","['파스타면', '볶음면', '칵테일새우', '새우', '새우볶음면', '치킨스톡', '올리브오일', '올리브유', '후추', '면']","['100g사용', '400ml', '10마리', '2-5g', '7-10T', '적당량', '적당량']"
180,면/만두,,,,콩나물냉라면,https://www.10000recipe.com/recipe/7057859,"1,445",만개의레시피,1인분,15분 이내,아무나,"['팔도비빔면', '콩나물', '물', '식초', '설탕', '얼음']","여름입맛 되살리는 새콤시원 콩나물냉라면 시원한 육수에 아삭한 콩나물과 채소까지 듬뿍! 비빔면 한봉지만 있으면 매콤하고 시원한 육수 완성~ 얼음 동동 띄워 한입 먹으면 더위가 싹~ 사라지는 맛! 무더운 날, 입맛 없을 때 딱 좋은 간단 레시피예요","['물 250ml에 식초, 설탕을 넣어서 섞어요.\n소스볼\n,\n계량컵\n,\n계량스푼\n육수는 냉동실에 넣어 시원하게 준비해요.', '끓는 물에 면을 넣어 1분30초 끓여요.\n냄비\n,\n요리젓가락', '콩나물을 넣어 1분간 더 끓여요.\n콩나물 손질법', '찬물에 면을 넣어 헹궈요.\n채반', '상추와 양파는 한입 크기로 썰어요.\n도마\n,\n조리용나이프', '그릇에 면을 넣어주고 육수를 부어요.\n면기', '상추와 양파를 올려주고 얼음을 넣어 완성해요.']","['냉라면', '라면', '여름', '여름라면', '냉육수', '콩나물냉라면']","['1개', '1줌', '250ml', '2T', '1T', '약간']"
181,밥/죽/떡,,,,칠리새우덮밥,https://www.10000recipe.com/recipe/7081818,691,호수맘,2인분,20분 이내,아무나,"['계란', '다진마늘', '새우', '올리브오일', '버터', '간장', '케찹', '고추가루', '알롤로스(설탕)', '식초', '양파', '밥']","퇴근하고 집에오니 딸이 만들어놓은
칠리새우덮밥입니다
맛있어서 한그릇 순삭했네요","['칠리소스를 만들어주세요\n간장1/식초1/케찹 1/알룰로스 1/고추가루1/넣고 칠리소스만들어주세요', '계란2개를 잘풀어주세요\n후라이팬에 올리브 오일 넣고 달궈지면 계란물은 넣어주세요. 반 정도 익으면 젓가락으로 저으면서 스크램블을 만들어 따로 빼둡니다.', '올리브유를 2스푼 넣고 펜을 달군뒤 다진 마늘 1스푼을 넣고 새우 앙파를넣고 새우가 붉어질 때까지 볶아 주세요.\n만들어 놓은 칠리 소스를 넣어 약불로 섞어 주세요.\n집에 버터가 있으면 버터를 추가해서 녹여주면 감칠맛이 더 좋습니다.', '밥 위에 스크램블 에그를 올리고 펜에 있는 칠리 새우로 올려주면 맛있는 칠리새우 덮밥 완성입니다.']","['칠리새우덮밥', '새우덮밥', '칠리새우', '새우레시피', '덮밥레시피', '한그릇요리', '집밥레시피']","['2개', '1T', '10마리', '3T', '10g', '1T', '1T', '1T', '1T', '1T', '1/2개', '1공기']"
182,밥/죽/떡,,,,찬밥으로만드는 누룽지 치킨,https://www.10000recipe.com/recipe/7081480,374,호수맘,2인분,30분 이내,아무나,"['구매', '찬밥', '소금', '후추', '옥수수콘', '양념', '고추가루', '설탕', '간장', '깨소금', '참기름', '마늘', '식용유']","찬밥으로 누룽지만들어 구운닭올려만드는 누룽지 치킨입니다
양념장 을만들어 올려드시면 더맛있습니다","['닭은 깨끗이 씻은 뒤 키친타올로 물기를 꼼꼼히 닦아 주세요. 소금과 후추를 골고루 뿌리고 올리브유를 발라 밑간에 주세요.', '예열된 후라이팬에 앞두를 노릇하게 구워주세요\n저희집에송이가있어 같이구워어요 구운닭은 따로 놓아주세요', '후라이팬에 찬밥을깔고 누릉지를 만들어주세요\n물90ml를넣고 밥위에 옥수수콘올려 뚜껑을닫고 7분정도 약불로 누릉지 만들어주세요', '밑이노릇하게 누릉지가생기면 구워놓은 치킨을 먹기좋은 크기로잘라 올려주시면 맛있는 누릉지 치킨완성입니다 그냥드셔도 맛있고양념장올려드셔도 맛있습니다']","['누릉지', '치킨.', '누릉지통닭', '치킨레시피', '찬밥활용요리', '누릉지만들기', '집밥레시피']","['1/2마리', '1공기', '약간', '약간', '2T', '', '1/2T', '21T', '2T', '약간', '약간', '1/2T', '약간']"
183,밥/죽/떡,,,,녹두 삶기｜알알이 살아 있는 식감부터 부드러운 식감까지,https://www.10000recipe.com/recipe/7082669,128,주식회사 우즈코홀딩스,2인분,30분 이내,아무나,"['녹두', '물불린 물/통녹두가 충분히 잠길 정도', '물삶을 물/ 불린 통녹두가 충분히 잠길 정도']","녹두는 미리 삶아 소분해 두면
녹두밥이나 죽, 수프, 샐러드, 요거트 토핑으로 간편하게 활용할 수 있어요.
오늘은 기본 중에 기본!!
어렵지 않게 따라 할 수 있는
통녹두 삶는 방법을 소개해 드릴게요.","['통녹두를 흐르는 물에 여러 번 깨끗하게 씻어주세요.\n씻은 녹두에 물을 넉넉하게 붓고 약 4~6시간 정도 불려줍니다.\n녹두 한컵, 불릴 물 적당히\n볼\n충분히 불린 녹두는 알이 통통해져 삶는 시간이 줄고 식감도 한결 부드러워져요.', '불린 녹두를 냄비에 담고 녹두가 충분히 잠길 정도로 물을 부어주세요.\n냄비 바닥에 눌어붙지 않도록 중간중간 주걱으로 가볍게 저어주세요.\n삶는 동안 생기는 거품은 국자나 숟가락으로 가볍게 걷어내 주세요.\n조금 더 깔끔하게 삶은 녹두를 만들 수 있어요.\n불린 통녹두, 삶을 물(불린 통녹두가 충분히 잠길정도)\n냄비\n,\n주걱\n중약불\n처음부터 너무 센 불로 끓이기보다는 중약불에서 천천히 삶아주는 것이 좋습니다.', '녹두는 활용할 요리에 따라 삶는 시간을 조절해 주세요.\n알알이 살아 있는 식감: 약 15~20분\n앙금처럼 부드러운 식감: 약 20~30분\n불린 통녹두, 추가 물\n약불\n샐러드나 밥에 넣을 때는 녹두알이 살짝 살아 있게, 죽이나 수프에 사용할 때는 푹 익혀 부드럽게 삶는 것이 좋아요. ※ 녹두의 양과 불린 정도, 화력에 따라 삶는 시간은 달라질 수 있습니다.', '녹두 한 알을 꺼내 손가락으로 살짝 눌러보세요.\n힘을 많이 주지 않아도\n부드럽게 으깨지면 잘 익은 상태입니다.\n원하는 식감이 되었다면 불을 끄고,\n남은 물이 있을 경우 체에 밭쳐 물기를 빼주세요.', '삶은 녹두는 충분히 식힌 뒤\n한 번에 사용할 만큼씩 나누어 밀폐용기에 담아주세요.\n냉동실에 소분해 두었다가\n필요할 때마다 해동해서 사용하면 편리합니다.']","['녹두', '녹두삶기', '건강식단', '디톡스', '염증완화', '피로회복', '저속노화', '잡곡밥', '녹두간식', '통녹두']","['1컵', '불린 물/통녹두가 충분히 잠길 정도', '삶을 물/ 불린 통녹두가 충분히 잠길 정도']"
184,밥/죽/떡,,,,굴소스 팽이버섯 계란 덮밥 만들기 한 그릇 레시피,https://www.10000recipe.com/recipe/7065887,"12,624",Y큰손,1인분,10분 이내,아무나,"['밥', '팽이버섯', '계란', '대파', '식용유', '간장', '굴소스', '물', '참기름']","바쁜 날에도 10분 만에 완성되는 굴소스 팽이버섯 계란 덮밥 만들기 한 그릇 레시피를 준비했어요.
​","['재료 준비', '팽이버섯은 밑동을 잘라내고 흐르는 물에 가볍게 헹궈 한 입 크기로 썰어주세요.\n대파는 송송 썰어 준비합니다.', '팬에 식용유 1T를 넣고 버섯 넣어 가볍게 볶아 숨이 살짝 죽으면\n파 기름을 내는 게 좋으시면 파 기름 먼저 내고 버섯 볶아주세요.', '재료를 한쪽으로 밀어주고 간장 1T, 굴소스 1T를 넣어 섞어준 후 버섯에 간이 배도록 볶아주세요.', '물 3T를 넣어 바글바글 끓여주시다가', '가운데 계란 2개 넣어주고 불을 약약불로 줄인 다음에 뚜껑을 닫아 3~5분 익혀주세요.', '저는 반숙보다는 조금 익게 하여 5분 정도 익혀주었어요. 취향에 맞게 해주세요.', '그릇에 밥 한 공기를 펼쳐주시고 팽이버섯 계란 볶음을 살포시 덮어주세요. 대파를 올려주시고 고소하라고 참기름 1T 넣어주세요.']","['팽이버섯', '계란', '굴소스', '덮밥', '한그릇', '간단']","['1공기', '1봉지', '2개', '', '1T', '1T', '1T', '3T', '1T']"
185,밥/죽/떡,,,,"녹두죽 | 찬밥 남았을 때, 고소한 녹두죽 한 그릇",https://www.10000recipe.com/recipe/7083081,142,웰스쿱,2인분,20분 이내,아무나,"['찬밥', '삶은 녹두종이컵', '소금']",냉장고 속 찬밥과 냉동실에 소분해 둔 삶은 녹두로 간편하게 만드는 따뜻한 한 끼.,"['냉장고에 찬밥, 냉동실에 소분했던 녹두를 꺼냅니다.\n녹두삶기 ===>\n@7082669', '냄비에 재료를 넣고 물은 2배이상 부어줍니다.\n중약불로 서서히 끊여줍니다.\n냄비\n중약불\n처음부터 강불을 사용하면 바닥에 눌러 붙을 수 있어요.', '끓기 시작하면 천천히 저어주세요.\n주걱으로 꾹~꾹~ 눌러 녹두 알맹이와 밥을 조금씩 으깨어 줍니다.\n20분정도 끓으면 완성~\n소금간은 기호에 맞춰 드실 때 추가해 주세요.\n녹두를 주걱으로 으깨주면 더 부드러워요. 파김치를 곁들이면 더욱 맛있어요.']","['녹두', '녹두죽', '찬밥활용', '건강한죽', '영양식', '삶은녹두']","['1그릇', '종이컵', '기호에맞게']"
186,밥/죽/떡,,,,육회 비빔밥 황금 레시피 집에서도 맛집처럼 즐기는 고소한 한그릇,https://www.10000recipe.com/recipe/7080959,820,호수맘,2인분,20분 이내,아무나,"['육회용 소고기', '밥', '상추', '깻잎', '양배추', '참기름', '고추장', '고추장', '고추가루', '간장', '설탕', '올리고당', '다진마늘', '깨소금']",육회 비빔밥은 신선한 육회와 아삭한 채소 고소한 참기름이 어우러져 한 그릇만으로도 든든한 한 끼가 되는 별미입니다.,"['육회용 소고기는 키치타올로 핏물을 제거해 주세요.', '양념을 만들어주세요\n고추장 고춧가루 간장 설탕 올리고당 다진 마늘 깨소금넣고 잘섞어주세요. 소고기는 양녕장2/1넣고 젓가락으로 무처주세요', '야채는 송송 썰어 주세요.\n그릇에 송송썬야채를넣고 그위에\n양념한 소고기 .밥 .올려주시고 남은 양념 넣고 김가루 깨소금 참기름4T넣고비벼주세요\n참기름을 많이넣어야 맛있습니다\n양념은 한번에 다넣지 말고 취향에따라 드셔보고 첨가해주세요']","['육회비빔밥', '육회비빔밥레시피', '육회양념', '육회양념황금비율']","['200g', '2공기', '약간', '약간', '약간', '4T', '2T', '2T', '1T', '1T', '2/1T', '2/1T', '2/1T', '약간']"
187,밥/죽/떡,,,,매콤 게살 리조또 레시피,https://www.10000recipe.com/recipe/7082206,236,호수맘,2인분,30분 이내,초급,"['밥', '버터', '크래미', '표고버섯', '양파', '치킨스톡', '굴소스', '다진마늘', '크러시드페퍼고추가루', '파슬리', '후추', '우유']",부드럽고 고소한 리조또에 게살을듬뿍 넣고 매콤한 맛을 더해봤어요.,"['양파와 버섯은 먹기좋은크기로썰어주고 크레미는 잘게 찢어주세요\n달궈진 팬에 다진마늘과 크러시페퍼를넣고 볶다가마늘 향이 올라오면 양파를 넣어 주세요', '양파를 넣고 볶다가 표고버섯 크래미를 넣고 좀 더 볶아 주세요. 재료가 적당히볶아지면 버터한조각/치킨스토0.5T/굴소스0.5T넣고 볶다가 우유500ml와체다치즈2장 넣고\n보글보글 끓을때까지 저어주세요', '밥을넣고 약불로 밥이 퍼질때까지 뚜껑닫고 한번씩져어주세요\n밥알이 퍼지면 완성입니다 후추와 파슬리약간올려주세요\n매콤게살 리조또']","['매콤게살리조또.', '게살리조또', '리조또레시피', '리조또만들기', '게살요리']","['1.5공기', '1조각', '4개', '1개', '1/2개', '1/2T', '1/2T', '1/2T', '고추가루', '약간', '약간', '500ml']"
188,밥/죽/떡,,,,[두부계란덮밥] 두부를 이용한 건강한 다이어트 밥상,https://www.10000recipe.com/recipe/7054279,"5,805",쑤블리,2인분,30분 이내,초급,"['두부', '계란', '스테비아', '간장', '물', '굴소스', '청양고추', '들기름', '깨']",두부를 이용한 건강한 다이어트 밥상 소개해드릴게요~!!,"['두부 1모는 먹기 좋은 크기로 잘라주신 후\n도마\n,\n조리용나이프', '키친타올로 물기를 제거해주세요~\n키친타올', '웍에 기름을 두른 후\n웍', '두부를 구워주시는 동안 양념을 준비해볼게요~', '스테비아 1/2T 넣어주세요~\n소스볼\n,\n숟가락', '굴소스 2 T', '간장 2T', '물 2T', '청양고추 조금을 넣고 섞어주세요~', '계란 2개는 미리 풀어놔주세요~', '두부가 어느정도 익었다 싶으면 풀어놓은 계란을 부어주시고', '만들어놓은 양념을 부어주시고', '볶아주세요~!!\n요리스푼', '다 볶았으면 밥 위에 두부계란을 올려주시고\n접시', '들기름 조금에 깨까지 넣어주면', ""진짜 맛있는 '두부계란덮밥'이 완성~! 감칠맛에 단백질도 가득들어가 있고 중독적인 맛이여서 자주 먹고 있어요~~!""]",['두부계란덮밥'],"['1모', '2개', '1/2T', '2T', '2T', '2T', '조금', '조금', '조금']"
189,밥/죽/떡,,,,돼지고기 덮밥 레시피\ 매콤달콤 양념으로 한 그릇 뚝딱.,https://www.10000recipe.com/recipe/7080768,498,호수맘,2인분,20분 이내,아무나,"['돼지고기앞다리살', '양파', '대파', '밥', '식용유', '고추장', '고추가루', '설탕', '진간장', '다진마늘', '후추가루', '미림', '매실액', '생강가루', '깨소금', '참기름', '당근']",오늘은 냉장고에 있는 돼지고기와 양파만 있으면 간단하게 만들 수 있는 돼지고기 덮밥을 소개합니다.,"['양파는 얇게 채 썰고 대파는 어슷어슷 썰어 준비해 주세요\n당근은 먹기좋은 크기로 납작하게 썰어준비해주세요', '양념을 만들어 주세요( 고추장 고춧가루 설탕 설탕 진간장 다진 마늘 후춧가루 약간 미림 매실진액 생강가루)넣고 양념을 만들어주세요\n돼지고기에섞어 재워주세요', '강불로 마늘 파 식용유넣고 파 기름을내주세요.\n양념한돼지고기와 야채를넣고 강불로볶아주세요']","['돼지고기덮밥', '돼지고기볶음', '도시락', '집반찬', '돼지고기덮밥레시피', '간단한저녁메뉴']","['300g', '1/2개', '1/2대', '2공기', '약간', '2T', '2T', '1T', '1T', '1T', '약간', '1T', '2T', '약간', '약간', '약간', '1/2~1개']"
190,밥/죽/떡,,,,간단하고 맛있게 대파소시지달걀볶음밥 만들기,https://www.10000recipe.com/recipe/6984423,"11,974",레몬콩,1인분,10분 이내,아무나,"['대파', '소시지', '달걀', '밥', '진간장', '굴소스', '소금', '후추', '참기름']","집에 있는 간단한 재료로 한그릇 뚝딱 하게 만드는
대파소시직달걀볶음밥 만들기입니다.","['대파는 잘게 썰어주세요.', '소시지도 잘게 썰어줍니다.', '식용유를 두른 팬에 대파를 넣고 볶아줍니다.\n강불', '파향이 올라오면 소시지를 넣고 노릇해질때까지 볶아주세요.\n강불', '소시지가 노릇해지면 볶아둔 재료는 한쪽으로 밀고 달걀을 넣고 스크램블을 만들어줍니다.\n중불', '스크램블이 완성되면 볶아둔 재료를 섞고 밥을 넣고 볶아줍니다.\n중불', '밥이 골고루 볶아지면 한쪽으로 밀고 빈공간에 간장을 부어서 졸이듯이 끓여주세요.\n중불\n한번 끓여줘야 감칠맛이 올라가요.', '간장이 끓으면 밥과 함께 섞어줍니다.\n중불', '그리고 굴소스도 넣고 살짝 볶습니다.\n중불', '간을 한번 보고 후추와 소금으로 밑간을 맞춰주세요.\n불끔', '참기름도 넣고 잔열에서 살짝 볶습니다.\n잔열', '완성~!']","['초간단', '소시지요리', '대파요리', '달걀볶음밥', '아이밥', '주말밥', '한그릇요리', '간단요리', '볶음밥', '자취요리']","['1/2개', '14개', '1개', '1공기', '1숟갈', '1숟갈', '톡톡', '톡톡', '1숟갈']"
191,밥/죽/떡,,,,단짠단짠 마성의 베이컨덮밥♡,https://www.10000recipe.com/recipe/6957003,"29,224",냠냠간단요리,1인분,10분 이내,초급,"['베이컨', '양파', '진간장', '설탕', '맛술', '다진마늘', '굴소스']",한그릇 뚝딱 금방 만들어요^^,"['양파 반개는 채썰어주고 베이컨은 먹기 좋게 잘라주세요', '팬에 식용유를 두르고 베이컨을 조금 볶다가 양파를 추가해 더 볶아 주세요\n중불', '양파가 조금 익었을때 분량의 소스를 붓고 졸여 줍니다', '밥위에 졸인 베이컨을 얹어준후 계란노른자를 올려 주면 더 맛있어요^^']",[],"['6장', '1/2개', '1스푼', '1스푼', '1스푼', '1스푼', '1/2스푼']"
192,밥/죽/떡,,,,소고기 스테이크 덮밥,https://www.10000recipe.com/recipe/7081819,448,호수맘,1인분,60분 이내,초급,"['밥', '소고기', '소금', '후추', '올리브유오일', '버터', '설탕', '간장', '물', '치킨스톡', '달걀노른자', '깨소금', '양파']",집에서도 간단하게 만드는 맛있는 소고기 스테이크덮밥 입니다,"['소고기를 먹기 좋게 썰은 후 올리브유 /소금 /후추로 밑간을 해 20~30 분 숙성시키면 좋아요.\n덮밥 소스를 만들어 주세요\n작은 볼에 설탕0.5/ 간장3/물2/후추0.5t/ 치킨스톡0.5T을 넣고 설탕이 녹도록 잘 섞어 주세요\n양파 반 개는 채 썰어 주세요.', '달군 팬에 올리브 오일 한 바퀴를 두르고 고기를 올려 구워주세요. 모든 면이 갈색빛이 되도록 익힌 후 한쪽에 버터를 녹여 고기에 스며들게 해주세요. 3분에서 5분 정도 래스팅하면 좋아요.\n같은 팬에 양파를 넣고 살짝볶아 덮밥 소스를 1 스푼 넣고 달달 볶아 주세요.', '그릇에 밥 한 공기를 담고 양파 볶음올리고 고기도 듬뿍 올려 준 뒤 달걀 노른자 올리고 깨솔술 뿌려. 덮밥 소스를 취향에 맞게 넣어 주시면 (보통2~3)\n맛있는 소고기스테이크덮밥 완성입니다']","['소고기', '스테이크덮밥', '소고기덮밥.', '소고기요리', '간단한저녁메뉴']","['1공기', '200g', '약간', '약간', '약간', '10g', '0.5T', '2.5T', '2T', '0.5T', '1개', '약간', '1/2개']"
193,밥/죽/떡,,,,<다이어트 건강식> 초간단 양배추 닭가슴살 덮밥,https://www.10000recipe.com/recipe/7045536,"12,271",instyle,1인분,5분 이내,아무나,"['양배추', '닭가슴살', '다진마늘', '양파', '달걀', '밥', '진간장', '참치액', '올리브유', '굴소스', '알룰로스올리고당 대체 가능', '파슬리가루']",건강한 다이어트 식단 재료 중 대표적인 닭가슴살과 양배추로 빠르고 간단하게~ 거기다 맛있게 드실 수 있어요^^,"['양배추는 심지 제거 후 채 썰어서 물에 담갔다가 흐르는 물에 씻은 후 체에 받쳐서 물기 빼 주세요.\n도마\n,\n조리용나이프\n,\n믹싱볼\n,\n채반\n양배추 손질법', '닭가슴살은 고기 결대로 어슷썰기.', '.올리브유 1큰술 두르고, 다진 마늘 1큰술 넣어 중간 불에서 볶아준다.\n볶음팬\n,\n요리스푼', '양파 반개 채썰어서 같이 넣고 빠르게 볶아준다.', '양배추는 물기 제거 후에 넣고 같이 볶아준다. (이떄 강불에서 빠르게 )\n양배추 손질법', '양배추가 어느 정도 숨이 죽으면 썰어 둔 닭가슴살도 넣고 같이 볶는다.', '굴소스 반스푼, 진간장 한스푼, 참치액 반스푼, 올리고당 반스푼(생략 가능)을 넣고 강불에서 재료들을 골고루 섞어가며 볶아준다.', '양념들이 재료에 골고루 섞였으면 가운데 공간을 만든 후에 달걀 프라이를 만들어 준다.', '밥 위에 예쁘게 담아 파슬리 가루 솔솔 뿌려서 맛있게 드세요~~~^^ (기호에 따라 참깨나 고춧가루도 상관 없어요)\n완성그릇']","['양배추', '닭가슴살', '양배추닭가슴살덮밥', '다이어트', '초간단', '건강식단', '비만', '바이너스', 'bynus', '만개의레시피바이너스']","['1/4개', '100g', '1T', '1/2개', '1개', '1/2공기', '1T', '1t', '1T', '1T', '올리고당 대체 가능', '1t']"
194,밥/죽/떡,,,,찬밥으로싼 묵은지찜 김밥,https://www.10000recipe.com/recipe/7080223,670,호수맘,2인분,15분 이내,아무나,"['김', '김치찜', '양상추', '참기름', '깨소금', '소금']","출출할때 생각나는김밥
집에있는 재료로 부담없이 싸먹는김밥","['찬밥 2공기에 참기름 깨소금 소금 넣고비벼주세요', '김밥을깔고 밥을펴주세요\n양상추를 올려주세요', '그위에 김치찜을올려주시고\n돌돌말아주시면 맛있는김치찜 김밥완성입니다']","['김밥', '묵은지김밥', '김치김밥', '찬밥으로싼김밥']","['2장', '약간', '2장', '1T', '1T', '약간']"
195,밥/죽/떡,,,,매콤어묵꼬마 김밥 황금레시피,https://www.10000recipe.com/recipe/7081368,557,호수맘,2인분,10분 이내,아무나,"['밥', '김밥김', '단무지', '깻잎', '참기름', '소금', '깨소금', '구매', '어묵', '간장', '굴소스', '올리고당', '고추가루', '청양고추가루', '다진마늘', '물', '후추']",김밥 속에 매콤하게 볶은 어묵을 듬뿍넣어 보세요. 간단한 재료로 만들지만 어묵에 매콤달콤한 양념이 배어. 자꾸 손이 가는 김밥입니다.,"['어묵5장을 얇게 썰어준비해주세요', '양념장만들기\n간장 올리고당 굴소스 고춧가루 다진 마늘 물 후추 넣고 잘섞어 양념장을 만들어 주세요', '얇게 썬 어묵을 팬에 노릇하게 볶아 주세요.\n볶은 어묵에 만들어 놓은 양념장을 부워 볶아주세요', '김은 반으로잘라주세요\n밥은참기름 깨소금 소금넣고비벼주세요 김위에밥올리고 깻잎단무지 볶은오댕올려 말아주면 매콤 어묵꼬마김밥완성입니다']","['매콤어묵김밥', '어묵김밥', '김밥레시피', '어묵볶음', '간단한김밥']","['2공기', '5장', '5개', '10장', '약간', '약간', '약간', '', '5장', '2T', '1T', '3T', '1T', '1T', '1T', '3T', '약간']"
196,밥/죽/떡,,,,시금치로 만드는 카오팟무쌉 초간단레시피,https://www.10000recipe.com/recipe/7074475,764,얌얌쿡,3인분,20분 이내,초급,"['돼지고기다짐육', '시금치', '다진마늘', '페퍼론치노', '청양고추', '대파흰부분', '달걀', '고춧가루', '간장', '식초', '참치액젓', '다진마늘', '알룰로스']",시금치로 만드는 태국식 돼지고기볶음밥! 초간단 레시피 소개해 드릴게요 :),"['청양고추 어슷썰기, 대파 흰부분 쫑쫑 썰고 통마늘은 다져서 준비해주세요', '시금치는 먹기 좋은 크기로 썰어서 준비 합니다', '올리브오일 두른 팬에 손질한 청양고추, 대파, 통마늘과 페퍼론치노를 넣어 파향이 올라올 때까지 중약불에 볶아주세요', '돼지고기 다짐육을 넣어 기름이 나올때까지 완전히 볶아주세요', '미리 만들어둔 양념을 넣고 양념에 마저 볶아줍니다', '손질한 시금치를 넣고', '숨이 죽을 때까지 가볍게 볶아줍니다', '준비된 밥 위에 볶은 돼지고기를 올려줍니다', '달걀 프라이, 통깨를 뿌려 마무리 후 맛있게 드세요']","['태국요리레시피', '카오팟무쌉레시피', '시금치요리', '간편집밥메뉴', '돼지고기볶음밥간단레시피', '시금치카오팟무']","['250g', '150g', '10개', '5개', '2개', '1대', '1개', '2T', '2T', '1T', '2T', '1T', '1T']"
197,밥/죽/떡,,,,♥[신혼밥상] 팽이버섯 덮밥,https://www.10000recipe.com/recipe/6933760,"239,245",행복한윤블리네,1인분,10분 이내,아무나,"['팽이버섯', '대파', '양파', '달걀', '참기름', '통깨', '간장', '굴소스', '설탕', '맛술', '물']","10분 레시피!
1,000원의 행복!
간단한데 맛까지 있음 100점 ^---^
한그릇 팽이버섯 덮밥 함께해요~","['팽이버섯은 3등분으로 자르고 양파와 대파는 채썰어주세요.', '간장 2, 맛술 2, 물 3, 굴소스 0.5, 설탕 0.5숟가락을 넣고 소스를 만들어주세요.\n다진마늘 약간(커피스푼1) 넣어주면 더 맛있어요.\n물론 생략가능!', '달군팬에 기름을 두르고 대파, 양파, 팽이버섯을 넣고 숨이 죽을 만큼 살짝 볶아주세요.', '소스를 부어주세요.', '국물이 자작자작해질때까지 조려주면 완성!', '국물이 자작해질 동안 달걀프라이 하나 ^^\n노른자 터트려 함께 비벼드시면 꿀맛!', '밥을 담고 달걀프라이를 올린 다음 흰자 위로 팽이버섯 비~잉\n참기름 톡~통깨 뿌려주면 초간단 초저렴 든든한끼 완성!']","['신혼밥상', '팽이버섯', '버섯요리', '덮밥', '팽이버섯덮밥', '초간단', '10분레시피', '브런치', '손님', '점심메뉴']","['1봉', '1줌', '1/2개', '1개', '약간', '적당히', '2숟가락', '0.5숟가락', '0.5숟가락', '2숟가락', '3큰술']"
198,밥/죽/떡,,,,구운 참치 간장 주먹밥 레시피 / 아이들 입맛 저격! 자취생도 해먹기 좋은 초간단 주먹밥,https://www.10000recipe.com/recipe/7007197,"18,777",슈퍼파워,1인분,10분 이내,아무나,"['햇반 1개', '참치', '간장', '참기름', '깨', '후추']","아이들 입맛 저격은 물론, 바쁘게 살아가는 현대인 아침식사로도 좋은 구운 참치 간장 주먹밥 레시피 알려드리려고 해요. 재료도 간단하고 만드는 방법도 쉬워 요리 초보도 쉽게 만들 수 있습니다!!","['210g 짜리 햇반 하나를 볼에 옮겨 간장 한 숟갈 반, 참기름 1숟갈\n햇반 210g, 간장, 참기름\n볼\n,\n숟가락', '적당량의 후추, 깨를 넣고 비벼줍니다.\n후추, 깨', '골고루 비벼진 밥을 한 주먹 잡아 동그랗게 만들어준 후', '꾹 눌러 납작하게 해주세요.', '참치캔을 뜯어\n참치캔', '납작하게 만든 밥 가운데에 위치하게 참치를 올려줍니다.', '참치를 올리고 난 후 만두를 빚듯이 밥을 감싸, 동그랗게 만들어 줍니다. 남은 밥도 똑같이 만들어 주세요.', '동그란 주먹밥 2개가 완성되었다면', '불은 중~강불로 해주고 잘 달궈진 팬에 주먹밥을 올려줍니다.\n프라이팬\n,\n뒤집개\n중~강불\n밥 양념할 때 참기름을 넣어서 팬에 기름 따로 안 둘렀어요.', '앞, 뒤, 옆 모두 노릇노릇해질 때까지 구워주세요.', '모두 구워주고 나면 구운 참치 간장 주먹밥 완성!\n전 날 미리 만들어 냉동실이나 냉장 보관했다가 불에 구워 먹어도 되니 이제 아침 식사 거르지 마세요!\u200b\u200b']","['참치', '간장', '주먹밥', '구운주먹밥', '구운참치주먹밥', '참치주먹밥', '자취생', '아이들', '참기름', '도시락']","['210g', '1/2캔', '1.5T', '1T', '약간', '약간']"
199,밥/죽/떡,,,,한끼 식사로 너무 맛있는 베이컨볶음밥,https://www.10000recipe.com/recipe/7065112,"1,972",다시봄,4인분,30분 이내,초급,"['베이컨', '공기밥', '대파', '굴소스', '계란', '간장']",베이컨은 매번 감자와 볶아서 밑반찬으로 먹었는데 오늘은 특별하게 한끼 식사로 베이컨볶음밥을 맛있게 만들어 보았습니다 . 대파를 듬뿍 넣어서 대파향이 가득한 베이컨볶음밥을 소개합니다.,"['베이컨볶음밥을 소개합니다.', '베이컨 1팩을 먹기좋은 크기로 썰어서 준비합니다', '기름을 넉넉하게 두른후 대파를 넣어서 볶아준후 베이컨을 넣어서 볶아주세요.', '계란2개를 한쪽으로 넣어서 스크램블을 만들어준후 베이컨과 함께 잘 섞아가면서 볶아주세요.', '간장2스푼을 후라이팬 한쪽에 넣어서 거품을 낸후 베이컨과 함께 간이 잘 베이도록 볶아주세요.', '공기밥을 넣어서 재료들이 잘 섞이도록 하면서 볶아주세요.', '간을 굴소스를 넣어서 맞춰가면서 간 조절을 해주세요.', '예쁜접시에 야무지게 담아주세요.', '베이컨볶음밥이 완성이 되었습니다.']",['베이컨볶음밥'],"['1팩', '2공기', '넉넉히', '2스푼', '2개', '2스푼']"
200,밥/죽/떡,,,,토마토 달걀볶음/방울토마토,https://www.10000recipe.com/recipe/7025912,"12,243",잔근육,1인분,15분 이내,초급,"['달걀', '방울토마토', '다진파', '다진마늘', '간장', '식용유', '소금', '후추']",상큼한 토마토와 달걀이 의외로 잘 어울리고 포만감 있어 식단 관리로 공복감을 채울 수 있는 든든한 한 끼가됩니다.,"['방울토마토는 먹기 좋은 크기로 4~5등분 으로 잘라줍니다.\n도마\n,\n조리용나이프\n방울토마토 손질법', '계란 2개에 소금 반 꼬집,후추 톡톡 넣고 잘 풀어줍니다.\n대접\n,\n요리젓가락', '예열된 팬에 기름 두르고 풀어둔 계란을 넣어줍니다.\n프라이팬', '계란의 가장자리가 익을 때 쯤 조리용 젓가 락으로 휘휘저어서 스크 램블을 만들어요.', '중약불로 적당히 몽글 몽글 익혀줍니다.70~80% 정도 익혀줍니다.나중에 토마토와 한번 더 볶을 거 니까 너무 익히면 안되요. 스크램블은 따로 그릇에 옮겨둡니다.\n접시', '후라이팬에 기름 두르고 방울토마토를 볶아줍니다.', '여기에 다진마늘1/3T, 다진파1/2T,를 넣고 아 까 만든 스크램블과 같이 볶아줍니다.마무리 간은 간장1/3T만 넣고 재빠르 게 한 번 더 볶아주면 완성됩니다.', '토마토 달걀볶음 완성 됐어요.토마토의 식감은 취향에 맞게 익혀줍니다.', '그냥 먹어도 충분하지만 조금 아쉽다면 토스트에 올려 먹어도 맛있어요.']","['혼밥', '아침메뉴', '계란요리', '토마토요리', '토달레시피', '토마토계란볶음밥', '다이어트식단', '다이어트식', '간단한요리', '방울토마토요리']","['2개', '5~6개', '1/2T', '1/3T', '1/3T', '1T', '1/2꼬집', '조금']"
201,밥/죽/떡,,,,새우야채볶음밥 만드는법,https://www.10000recipe.com/recipe/7078812,650,호수맘,2인분,20분 이내,아무나,"['새우', '양파작은것', '파프리카', '표고버섯', '미나리', '깻잎', '올리브유', '굴소스', '소금', '후추', '참기름']","바쁜 날 간단하면서도 맛있게 한 끼를 해결하고 싶다면 새우 야채볶음밥 추천합니다
냉장고재료로 한끼뚝딱 만들어보세요","['새우는 깨끗이 손질한 뒤 키친타올로 물길을 제거해주세요.\n양파 파프리카 버섯 미나리 깻잎은\n먹기 좋은 크기로 썰어주세요', '팬에 올리브유를 두르고\n썰어놓은 야채를 넣고 볶아주세요.', '버섯.양파.파프리카 볶다가\n새우와 소금 후추 를 넣고 좀더볶아주세요\n미나리와 깻잎 굴소스를 넣고 살짝만볶아주세요 볶아놓은곳에 밥을넣고 섞어주시면 맛있는 새우야채볶음밥 완성입니다']","['새우야채볶음밥새우볶음밥', '볶음밥레시피', '한그릇요리']","['200g', '작은것', '1/3개', '2개', '1줌', '4개', '3T', '1T', '약간', '약간', '1T']"
202,밥/죽/떡,,,,스팸 돈부리덮밥!반찬이 필요없는 초간단 한그릇 요리,https://www.10000recipe.com/recipe/6897383,"340,584",뽀유TV,2인분,2시간 이상,아무나,"['스팸(小)', '양파', '계란', '대파', '간장', '설탕', '물']",집에 스팸이 많이 있어서 스팸 돈부리덮밥을 만들어 봤어요! 반찬이 필요없이 한끼 맛있게 해결할수 있어 좋아요,"['먼저 스팸은 스틱모양으로 썰어 뜨거운 물에 살짝 데쳐 줍니다', '데친 스팸은 아무것도 두르지 않은채 달궈진 팬에 구워 줍니다.', '대파는 쫑쫑 썰어주시고 양파는 얇게 채 썰어 주세요\n양파가 너무 크면 1/2개만 사용하세요', '간장4스푼,설탕2스푼,물 2/3컵(종이컵)을 잘 섞어주세요. 설탕이 충분히 녹게 잘 섞어주셔요\n혹시 평소 달달한것 싫어하심 설탕양은 줄여 주세요', '계란2개를 깨서 계란물을 만들어 줍니다.', '냄비에 양파와 간장소스를 넣고 끓여 주다가 양파가 투명해지면 스팸을 위에 올려 줍니다.', '국물이 조금 자작해졌다 싶을때 계란물을 빙 둘러 주세요. 이때 마구 젓지 마시고 자연스럽게 두시면 되요. 마지막으로 대파를 솔솔 뿌려주신 뒤 완성되면 밥위에 올려주시면 끝!', '반찬 필요없는 초간단 한그릇 요리 스팸돈부리덮밥 완성입니다.슥슥 비벼 한숟가락 먹어보니 부드러운 계란과 양파에 짭쪼름한 스팸이 만나 참 맛있네요']","['스팸돈부리덮밥', '스팸', '스팸요리', '덮밥', '한그릇요리', '간단한요리', '쉬운요리']","['1캔', '1개', '2개', '약간', '4T', '2T', '2/3종이컵']"
203,밥/죽/떡,,,,찬밥으로만드는 표고버섯솥밥,https://www.10000recipe.com/recipe/7082592,270,호수맘,2인분,20분 이내,아무나,"['표고버섯', '간마늘', '파', '찬밥', '버터', '가루육수', '후추', '쯔유', '물']",표고버섯을좋아해서 찬밥으로 만들어봤는대 실패할걱정도없고 표고버섯에향과 버터의향이 밥만먹어도맛있어요,"['표고 버섯은 슬라이스로 썰어 준비해 주세요. 파는 송송 썰어주세요\n달군 팬에\n버터를 녹여주시고 파 마늘 볶아 향이올라오면 표고버섯을볶아주세요', '버섯에버터향과파마늘향이 배면 훨씬 맛이 좋아져요\n찬밥한공기넣고. 물 10ml 넣고 가루육수한봉넣고 골고루 섞어가며 볶아주세요', '물이 없어질때까지 볶아지면 물10ml더넣고 쯔유1T넣고약불로 줄인뒤 뚜껑덮어 5분정도 익혀주세요\n바닥이 살짝 눌어 누릉지처럼되면 더욱맛있습니다']","['표고버섯.', '표고버섯솥밥.', '솥밥', '버섯솥밥', '간단한솥밥']","['100g', '2/1T', '2/1T', '1공기', '20g', '1포', '약간', '1.5T', '20ml']"
204,밥/죽/떡,,,,"10분컷, 아보카도 간장와사비 계란밥",https://www.10000recipe.com/recipe/7014608,"14,450",다니,1인분,10분 이내,아무나,"['밥 1공기', '아보카도', '계란', '간장', '와사비']","정말 간단한데 맛은 간단하지 않은! 다이어트 중인 분들, 식단 관리 중인 임산부, 임신성 당뇨가 있으신 분들이 간편하게 만들어 먹기 좋은 아보카도 간장와사비 계란밥 소개합니다♡","['아보카도를 반으로 갈라 이쁘게 잘라줍니다.\n도마\n,\n조리용나이프', '계란 후라이를 만들어 줍니다.\n프라이팬\n,\n뒤집개', '계란이 맛있게 익는 동안, 간장 2스푼과 와사비 반스푼을 넣고 섞어줍니다.\n볼', '밥 위에 예쁘게 자른 아보카도와 계란후라이를 올리고, 만들어 둔 간장와사비 소스를 부어 줍니다.\n완성접시']","['아보카도계란밥', '아보카도간장와사비계란밥', '아보카도요리', '아보카도비빔밥', '초간단아보카도', '다이어트아보카도', '임산부식단', '임신성당뇨식단', '다이어트식단', '아보카도']","['300g', '1/2개', '1개', '2T', '0.5T']"
205,밥/죽/떡,,,,다이어트 식단 표에 넣기 좋은 원팬 양파 볶음밥,https://www.10000recipe.com/recipe/6992944,"18,909",코난,2인분,10분 이내,아무나,"['양파', '슬라이스 마늘', '밥', '올리브오일', '간장', '후추', '굴소스', '깨', '달걀', '닭가슴살']","양파만으로 고소한 맛을 낼 수 있습니다.
다이어트 식단 표에 넣기도 좋은 음식입니다.
생양파를 볶으면 달달해지는 맛이 좋습니다.
양파의 영양성분은 성인병 예방에도 도움이 됩니다.","['팬에 올리브오일 1 큰 술 넣는다. 채 썬 양파 반 개와 슬라이스 마늘 10개 볶는다.\n중불', '갈색빛이 돌 때까지 볶는다. 캐러멜라이징 한다.\n센 불에 하면 탈 수 있으니 중약불에서 볶아 준다.', '간장 1 큰 술을 넣어준다.\n간장을 넣으면 불 맛이 나고 간이 맞는다.', '밥 1.5공기 넣어주고 굴 소스 1 작은 술 넣는다.\n굴 소스는 감칠맛을 내기 위함이다. 굴 소스가 없다면 간장을 1 작은 술 추가로 넣는다.', '양파, 마늘, 양념과 밥이 잘 섞이도록 볶는다. 팬에 넓게 펴주고 마무리한다.', '계란프라이 1개와 구운 닭 가슴살을 그릇에 올린다.\n부침 두부가 있어 1조각 올려 주었다.', '밥에 깨 약간 후추 약간 뿌려 마무리한다.']","['볶음밥', '밥', '다이어트', '양파요리', '양파볶음밥', '마늘볶음밥', '양파마늘볶음밥', '닭가슴살', '일상']","['1/2개', '10개', '1.5공기', '1큰술', '1큰술', '약간', '1작은술', '약간', '', '']"
206,밥/죽/떡,,,,[다이어트요리] 새싹 두부 비빔밥 만드는 법,https://www.10000recipe.com/recipe/6962486,"5,610",승승맘h2,1인분,15분 이내,아무나,"['두부', '새싹채소', '현미밥', '고추장', '꿀', '다진마늘', '참기름', '참깨', '매실액']",간단하게 다이어트식으로 만든 새싹두부비빔밥이에요.,"['참깨 1작은술, 매실액 1작은술, 꿀 1작은술, 참기름 1작은술, 고추장 1큰술, 다진 마늘 1작은술을 섞어 고추장양념장을 만듭니다.\n참깨1작은술, 매실액1작은술, 꿀1작은술, 참기름1작은술, 고추장1큰술, 다진마늘1작은술', '두부는 살짝 데친 후 칼로 으깨줍니다.\n두부100g', '새싹채소를 깨끗이 씻은 후 물기를 빼줍니다.\n새싹채소50g', '현미밥 위에 물기 뺀 새싹채소를 올려줍니다.\n현미밥2/3공기', '새싹채소 위에 으깬 두부를 얹어줍니다.', '고추장 양념장을 곁들입니다.']","['새싹', '새싹비빔밥', '새싹비빔밥만드는법', '두부요리', '두부다이어트', '비빔밥재료', '비빔밥양념장', '비빔밥고추장양념', '비빔밥만들기', '비빔밥다이어트', '비빔밥', '다이어트요리', '새싹두부비빔밥', '새싹두부비빔밥만드는법', '두부비빔밥', '두부비빔밥만드는법']","['100g', '50g', '2/3공기', '1큰술', '1작은술', '1작은술', '1작은술', '1작은술', '1작은술']"
207,밥/죽/떡,,,,밥솥으로 만드는송이버섯밥,https://www.10000recipe.com/recipe/7081530,262,호수맘,3인분,30분 이내,아무나,"['구매', '쌀', '부추', '쯔유', '고추가루', '참기름', '깨소금', '마늘']","A급 송이는가격이 너무비싸지요?
저는 저렴한 송이버섯 사용해서 맛있는송이버섯별미밥해봤어요","['쌀은 깨끗이씻어 30분 정도불려주세요\n송이는 흐르는물에 살짝씻은뒤 키친타올로 물기를제거해 먹기좋은크기로 찢어주세요', '솥에 취사를 누르고 밥이다되면\n뚜껑열고 송이올려주시고 보온 재가열9분을 눌러주세요', '양념장을 만들어주세요\n쯔유간장 고추가루 부추 깨소금 참기름넣고 만들어주세요', '그릇에담고 비빔장올려드시면\n집에서도 간단하게 해먹을수있는 송이밥완성입니다']","['송이밥.', '송이버섯밥', '송이요리', '버섯밥', '별미밥', '건강밥']","['5개', '3인분', '약간', '3T', '2/1T', '약간', '약간', '약간']"
208,밥/죽/떡,,,,매콤하게 즐기는 새우당면 덮밥,https://www.10000recipe.com/recipe/2399193,"89,701",메기맹이,2인분,30분 이내,초급,"['불린 당면150g 정도', '새우', '양파', '대파', '다진마늘', '고추기름', '참기름', '멸치다시마물', '설탕', '고추장', '굴소스', '맛술', '후추']",매콤하고 탱글한 새우 식감이 좋은 새우당면 덮밥입니다.,"['당면은 미지근한 물에 20~30분 정도 불려준비하세요.', '양념재료는 미리 섞어서 준비하세요.', '팬이 달궈지기 전에 고추기름과 다진마늘을 넣고 향을 내며 볶아주세요.', '팬이 달궈지면 새우와 양파를 넣고 볶아주세요.', '새우가 익으면 당면과 파를 넣고 당면이 투명하게 익을 때까지 볶아주세요. 당면이 너무 길면 먹기가 불편하니깐 정당히 잘라 넣으면 좋아요.', '양념을 붓고 잘섞은 다음 바글바글 끓여 잘어우러지면 참기름을 둘러 섞은 다음 불을 끄고 밥에 얹어내세요.']",[],"['150g 정도', '20마리', '1/2개', '1/2대', '1큰술', '1큰술', '1큰술', '1/2컵', '1/2큰술', '1큰술', '1큰술', '2큰술', '약간']"
209,밥/죽/떡,,,,손님 초대용으로도 좋은 유산슬느낌 청경채부추새우덮밥,https://www.10000recipe.com/recipe/6952286,"137,476",양파어니,2인분,15분 이내,초급,"['청경채', '부추', '새우', '버섯', '양파', '다진마늘', '청양고추', '식용유', '굴소스', '간장', '참기름', '소금선택', '후추', '전분가루', '물']","새우를 좋아하는 남편을 위한
건강식 청경채새우덮밥!
중국집보다 더 맛있게 냠냠 완성!","['요리를 시작하기전에 먼저 냉동새우는 해동을 위해 한번씻어서 채에 받쳐두고 후추를 조금 뿌려줘요!', '물 250ml(한컵)에 전분가루(전 감자전분썼어요!)녹말물도 먼저 만들어요!', '팬에 식용유를 두르고 다진마늘 1큰술과 양파 1/2개를 볶아요!', '양파가 조금 흐물해졌다 싶을때 해동시킨 새우를 넣어요!', '새우가 맛있게 붉으스름해질때까지 볶아줘요', '새우가 어느정도 익어갈때쯤 씻어놓은 청경채를 넣어줘요!', '청경채에 숨이 죽을때까지 20초정도 볶아주다가', '숨이 어느정도 죽으면 버섯과 굴소스 1T 간장1T를 넣고 휘리릭 볶아줍니다', '준비했던 녹말물을 다시 잘 풀어주고 넣어주세요!', '센불로 촤르르 볶은후 불을끄고 부추한줌과 참기름을 넣고 뒤적여주세요! 기호에따라 청양고추를 썰어주셔도 좋아요!', '밥위에 부어주면 완성!']","['청경채', '새우', '부추', '덮밥', '손님', '집들이', '초대', '건강식', '초간단', '버섯', '유산슬']","['4뿌리', '1줌', '12마리', '1~2줌', '1/2개', '1T', '2개', '3T', '1T', '1T', '1T', '선택', '조금', '1T', '250ml']"
210,밥/죽/떡,,,,♥[신혼밥상] 소시지양배추덮밥,https://www.10000recipe.com/recipe/6969794,"27,844",행복한윤블리네,2인분,20분 이내,초급,"['양배추', '후랑크 소시지', '대파', '달걀', '후춧가루', '올리브유', '참기름', '통깨', '밥', '굴소스', '진간장', '설탕', '맛술']","배불배불 한그릇 뚝딱
이보다 간단할 순 없다.
아삭아삭 '위 건강' 양배추
단짠단짠 약간의 소스를 더해주면
초간단 맛있는 든든 한끼가 완성된답니다.","['양배추(大기준 )1/4통을 채썰어주세요.\n식당 냉면그릇 기준 꽉 1그릇 기준입니다.', '후랑크 소시지를 썰어주세요.', '굴소스 1 숟가락, 진간장 2큰술, 설탕 1숟가락, 맛술 2큰술을 넣고 양념장을 만들어주세요.', '달걀 3~4개를 풀어주세요.', '대파도 썰어서 넣어주세요.', '후춧가루 살짝만 톡톡톡 해주세요.\n아이 밥이라면 후추 생략!', '올리브유를 충분히 둘러준 뒤 중약불에서 양배추가 투명해 질때까지 볶아주세요.\n너무 오래 볶으면 양배추의 아삭함이 사라져요.', '물기 촉촉 양배추 숨이 죽었을 때 양념장을 붓고 달달 볶아주세요.', '약불에서 달걀물을 빙빙 둘러주세요.\n달걀을 오래 익히면 퍽퍽할 수 있음!', '참기름 톡~ 통깨 팍팍!\n뜨거운 밥 위에 양배추볶음 듬뿍 올려 슥슥!\n든든 한그릇요리 완성입니다.']","['신혼밥상', '행복한윤블리네', '한그릇', '양배추', '양배추덮밥', '덮밥', '아이밥', '브런치', '초간단', '자취생']","['1/4통', '3~4개', '1대', '3개', '적당히', '적당히', '1티스푼', '적당히', '2인분', '1숟가락', '2큰술', '1숟가락', '2큰술']"
211,퓨전,,,,가지새우볶음밥,https://www.10000recipe.com/recipe/7079465,835,호수맘,1인분,10분 이내,아무나,"['밥', '가지작은것', '표고버섯', '양파', '시금치', '굴소스', '계란', '참기름', '깨소금', '새우', '올리고당', '참치액젓']","제철 야채로 간단하면서 맛있게 먹는 한끼식사입니다
야채싫어하는 아이들도 잘먹어요","['모든 재료는 깨끗이 씻어서 먹기좋은크기로 잘라주세요\n너무작은것보다 조금큼직하게쓰는게 좋아요\n아이들은 작게썰어주길 추천합니다', '새우는 깨끗이 손질한 뒤 키친타올로 물기를 제거해주세요.', '팬에 올리브유를 두르고 썰어 놓은 야채를 넣고 1분볶아주세요\n굴소스를 넣고\n새우넣고1~2분또 볶아주세요', '찬밥을넣고 볶아주세요\n이때드셔보고 약간신거우면 참치액젖2/1큰술넣어주세요\n맛있는 가지새우볶음밥완성입니다']","['가지볶음새우볶음.가지볶음밥.새우볶음밥.야채볶음밥', '간단한한끼.초스피드요리']","['1공기', '작은것', '1개', '1/2개', '1줌', '1T', '1개', '1/2T', '1/2T', '50g', '1T', '1/2T']"
212,퓨전,,,,옥수수감자전,https://www.10000recipe.com/recipe/7082298,335,호수맘,2인분,20분 이내,아무나,"['캔옥수수', '감자큰것', '모짜렐라치즈', '부침가루', '물', '식용유', '소금']",애들이 놀러와서 해줬더니 너무좋아하네요,"['캔 옥수수는 흐르는 물에 헹궈 채반에 받쳐주세요.\n감자는 옥수수크기보다작게 썰어주세요', '볼에 감자와 옥수수 모짜렐라치즈60g 부침가루6T 소금 약간 물 4큰술 넣고 섞어 주세요.', '예열된 후라이팬에 식용유두르고 모양내서 중약불로 노릇하게 앞뒤를구워주세요']","['옥수수전', '감자전', '옥수수감자전', '치즈옥수수전', '치즈감자전']","['1개', '큰것', '60g', '6T', '5T', '약간', '약간']"
213,퓨전,,,,떡국떡 으로만드는 떡볶이,https://www.10000recipe.com/recipe/7079789,400,호수맘,2인분,20분 이내,아무나,"['당면', '식용유', '구매', '어묵', '파', '고추장', '고추가루', '올리고당', '물만두', '구매']",냉장고에 남아 있는 떡국떡은 어떻게 활용해야 할지 고민될 될때 떡국만 끓여 먹기보다 떡볶이로 활용하면 색다른 한 끼의 완성입니다.,"['당면과 떡은 따뜻\n한물에물에30분 불려주세요', '냄비에 물을붓고식용유 고추장 고추가루 진간장 올리고당 다진마늘 알육수 넣고 끓여주세요', '양념한물이끓으면 불린당면 오댕 파 물만두 찐계란을 넣고 끓여주세요 물이졸아들으면.\n물100ml더넣고 약불로끓여주면서 섞어주세요\n매콤달콤한 당면떡국떡 떡봅이완성입니다']","['떡국떡', '냉동떡해동', '집밥레시피', '간식만들기', '쉬운요리']","['50g', '약간', '1개', '3장', '약간', '1T', '2T', '3T', '5개', '2개']"
214,퓨전,,,,호박도토리전,https://www.10000recipe.com/recipe/7081780,221,호수맘,2인분,20분 이내,아무나,"['도토리가루', '계란', '소금', '후추', '식용유', '애호박']",동생이 밀가루 못먹어서 만든 호박도토리전입니다,"['호박은 가늘게채썰어 소금에살짝\n절여 주세요. 5분\n절인호박을 꼭짜주세요', '꼭짠호박을 볼에넣고. 도토리가루\n계란 후추넣고 섞어주세요', '팬에 식용유두르고\n반죽을 넣고 앞뒤를 노릇하게 구워주시면 완성입니다']","['도토리전', '도토리호박전', '호박전', '도토리호박전레시피', '집밥', '전요리']","['5T', '1개', '약간', '약간', '약간', '1개']"
215,퓨전,,,,쉽게 집에서도 크림파스타만들기,https://www.10000recipe.com/recipe/7082873,293,호수맘,2인분,20분 이내,아무나,"['스파게티면', '양파', '베이컨', '치즈', '다진마늘', '치킨스톡', '올리브유', '우유', '물']","집에서 쉽게해먹을수있는
크림파스타입니다
아이들이 좋아하네요","['양파는 얇게 썰어주시고\n베이컨도 썰어 주세요\n볼에 양파 /치즈/ 마늘/ 파스파면/올리브유/치킨스톡/넣고 센불에 끓여주세요', '스파게티면을 저어주면서 국물이 졸여지도록 끓여주세요', '국물이 다졸아들면\n파슬리를 넣어주세요']","['파스타', '베이컨', '크림파스타레시피', 'ㅡ']","['2인분', '1/2개', '2장', '2장', '1T', '1T', '1T', '300ml', '300ml']"
216,퓨전,,,,볶음우동 만들기,https://www.10000recipe.com/recipe/7081470,633,호수맘,2인분,20분 이내,아무나,"['우동면', '새우', '양배추', '송이버섯', '파', '올리브유', '굴소스', '간장', '설탕', '고추가루', '후추', '참기름', '깨소금', '불닭소스', '양파']",쫄깃 하고 매콤한 볶음우동 만들기 집에서 간단하게 만드는 볶음 우동 황금 레시피,"['재료는 잘손질해 먹기좋은크기로 잘라주세요\n면을 삶아서 살짝헹궈 체반에 받처주세요', '팬에 기름두르고 파 다진마늘 넣고 향을내주고 양념을 만들어주세요 고추가루 굴소스,간장 설탕. 후추를넣어주세요', '양념장에 양배추 양파 버섯 넣고볶다가. 새우 넣고 볶아주세요', '삶아놓은 우동면을넣고 볶아주세요 국물이 면에 베어들도록 볶아주고 참기름 깨소금넣으면 볶음우동완성입니다\n매콤한맛을원하시면 불닭소스 뿌려먹으면 더맛있습니다']","['볶음우동만들기', '볶음우동레시피', '매콤볶음우동']","['2개', '10개', '1줌', '1줌', '약간', '넉넉하게', '2T', '2T', '2T', '2T', '약간', '약간', '약간', '약간', '1/2개']"
217,퓨전,,,,감자 오믈렛 만들기.,https://www.10000recipe.com/recipe/7082197,262,호수맘,2인분,20분 이내,아무나,"['감자큰것', '계란', '구매', '크레미', '올리브유', '소금', '후추']",집에있는 감자 와 계란으로 간단하게 만들 수 있는 감자 오믈렛 만들어 봤어요.,"['감자는 껍질을벗겨 최대한 얇게 썰어주세요', '후라이팬에 올리브유 드루고 감자를 펴서 조금후추간을 해주세요\n불은 중불에하서. 노릇 하게 익혀주세요', '감자색이투명해지면 계란두개를 넣고 풀어주세요\n계란이 약간익으면위에 크레미 /네모난치즈 올려반으로 접어주세요\n약불로1분정도 있으면 완성입니다']","['감자오믈렛', '감자계란오믈렛', '감자요리', '간단한집밥.', '아침메뉴']","['큰것', '2개', '2장', '2개', '약간', '약간', '톡톡']"
218,퓨전,,,,초간단 배추전 레시피,https://www.10000recipe.com/recipe/7081854,252,호수맘,2인분,15분 이내,아무나,"['부침가루', '물', '소금', '식용유', '진간장', '식초', '물', '고추가루', '깨소금']",냉장고 열어보니 알베기가 조금 남았더라고요. 그래서 오늘은 밖에 비도 오고 해서 배추전을 만들어 봤어요.,"['배추는 깨끗이 씻어서 물기를 털어 주세요. 배추 줄기가 너무 두꺼우면 칼끝으로 살짝 칼집을 내주세요', '부침가루에 물을 넣고 너무 되직하지 않게 묽은 반죽을 만들어 주세요. 반죽이 너무 두꺼우면 배추전이 눅눅할 수 있으니 얇게 입히는 것이 포인트입니다.', '배추잎 앞뒤에 반죽을 얇게 입혀주세요.\n팬에 식용유 넉넉히 두르고 중불로 달군뒤 배추를 올려주세요. 앞뒤를 뒤집어가며 노릇하게 붙여주면 완성입니다.']","['배추전', '배추저레시피', '배추부침개', '배추요리', '집밥반찬', '간단한배추전']","['1컵', '1컵', '약간', '넉넉히', '2T', '1T', '1T', '약간', '약간']"
219,퓨전,,,,NO밀가루! 감자치즈호떡 아이들 간식으로 딱 좋아요.,https://www.10000recipe.com/recipe/7014484,"17,842",만개의레시피,2인분,15분 이내,아무나,"['감자', '피자치즈', '마요네즈', '설탕', '소금', '전분가루', '버터']",포실포실 감자반죽에 치즈를 넣어 구워서 쫀득하고 고소한 감자치즈호떡! 간식으로 만들기 좋아요^^,"['감자는 크기에 따라 갯수를 조절해주세요^^', '감자는 껍질을 벗기고 잘 익도록 큐브모양으로 잘라요.\n도마\n,\n조리용나이프', '끓는물에 소금을 약간 넣고 감자를 넣엇 8-10분 익혀요.\n냄비', '감자에 전분가루, 설탕, 소금, 마요네즈를 넣고 잘 섞어요.\n볼', '감자를 부드러워지도록 으깨요.\n매셔\n포크로 으깨거나 비닐봉지를 이용해도 좋아요.', '둥글 납작하게 모양을 만들고 모짜렐라치즈를 1숟가락 넣어 동그랗게 뭉쳐줘요.', '감자 4개를 사용하면 호떡 5개정도 나와요.', '팬에 버터를 녹여 앞뒤로 노릇하게 구워요.\n프라이팬\n,\n뒤집개', '케찹이나 그릭요거트와 곁들여도 좋아요.\n완성접시']",['감자치즈호떡'],"['3-4개', '1종이컵', '1숟가락', '1/2숟가락', '1/2숟가락', '1숟가락', '약간']"
220,퓨전,,,,"밀가루 없이 두부도우로 피자만들기, 두부피자",https://www.10000recipe.com/recipe/7004960,"18,316",만개의레시피,3인분,30분 이내,아무나,"['두부', '토마토소스', '양파', '방울토마토', '닭가슴살', '모짜렐라 치즈']",다이어트 중 피자가 먹고 싶을 때 빵 대신 두부를 이용해 피자를 만들어 보세요. 담백하고 맛있는 두부 피자를 맛볼 수 있어요.,"['두부는(500g) 넓게 잘라 2~3등분 하고 물기를 제거해요.', '양파는 얇게 채 썰고 방울토마토는 4등분하고 닭가슴살은 결대로 찢어 준비해요.', '약불로 예열된 팬에 올리브유를 조금 두르고 한 면을 구운 후 뒤집어요.', '두부 위에 토마토 소스를 2숟가락 올려 펴 발라요.', '소스 위에 양파, 닭가슴살, 토마토, 모짜렐라 치즈, 파슬리가루 순서로 올려요.\n파슬리 가루는 생략 가능하고 바질 가루를 올려줘도 좋아요.', '뚜껑을 닫고 약불에서 약 5분간 구워 완성해요.']",['두부피자'],"['1모', '6숟가락', '1/4개', '3개', '1/4개', '1/2종이컵']"
221,퓨전,,,,단호박으로만드는 피자,https://www.10000recipe.com/recipe/7081985,397,호수맘,3인분,30분 이내,아무나,"['순두부 또띠아', '미니호박', '버터', '다진마늘', '구매', '파슬리가루']",칼로리가높아 피자시키는걸 망설이는 딸위한 순두부또띠아로만든 단호박피자입니다,"['버터10g/ 다진 마늘2/1T /알룰로스1T/를 넣고 전자레인지에 30초 돌려주세요.', '단호박은 깨끗이 씻어 반으로 잘라 씨를 빼주세요\n(전자레인지에 2분 정도 돌려주면 손질하기 편해요).\n자른단호박은 전자레인지에 5분 익혀 으깨주세요', '순두부또띠아에위에 단호박을 넣고 넓게펴주세요\n만들어놓은 마늘버터 발라주세요\n그위에 피자치즈듬뿍 파슬리가루. 넣어주세요. 예열된 에어프리(180도)6분 구워주세요']","['단호박피자', '피자', '순부두또띠아', '다이어트피자', '다이어트', '아침식사대용']","['1장', '1개', '10g', '1/2T', '1T', '약간']"
222,퓨전,,,,133.토마토반달오믈렛(ft.평생레시피) (2025.9.2)),https://www.10000recipe.com/recipe/7061712,"3,942",벚꽃조이나,2인분,30분 이내,아무나,"['토마토', '대파', '달걀', '구매', '간마늘', '모짜렐라치즈', '식용유']","토마토와 계란으로 간단히 아침을 대신할 만한 레시피를 찾다가
재주 많은 요리 유튜버 루다테이블님의 레시피를 참고해 가감응용합니다.","['씻은 토마토는 잘게 깍둑 썰어요.', '대파는 어슷썰구요.', '달걀과 소금•후추를 섞어 두어요.', '달군 팬에 올리브유 뿌리고 파와 마늘 넣고 볶아요. 마늘향이 올라오면 1단계 토마토와 소금을 넣고 같이 볶아요.그릇에 담아 잠시 두구요.', '계란물을 달군 팬에 부어 지단 붙여요. 80% 정도 익으면 4단계 토마토를 지단 반쪽에 올리고 모짜렐라치즈도 올려 반쪽을 접어요.익으면 맛있게 먹어요*']","['토마토', '토마토오믈렛', '토마토반달오믈렛', '벚꽃조이나요리', '집밥', '아침대용']","['2개', '1줄기', '3개', '약간', '1스푼', '약간', '약간']"
223,퓨전,,,,봄이 되면 꼭 생각나는 제철 음식 바로 두릅전이에요.,https://www.10000recipe.com/recipe/7075755,550,호수맘,2인분,20분 이내,아무나,"['두릅', '부침가루', '달걀', '소금', '식용유']",쌉쌀하면서도 향긋한 두릅을 바삭하게 부쳐내면 밥 반찬은 물론 술 안주로도 정말 최고랍니다,"['두릅손질방법\n두릅밑동의질긴부분을잘라주세요\n흐르는물에 깨끝이씻어주세요', '끓는물에 소금약간넣고 30초정도데처주세요.\n찬물에 헹군뒤 물기를 꼭짜주세요\n두릅에소금으로 믿간을해주세요', '믿간한 두릅을 부침가루에 무치고\n풀어놓은계란을 입혀주세요', '달궈진 팬에 식용유를 넉넉히두르고 앞두를 노릇하게 부처주세요', '맛있는 두릅전완성입니다\n간장.식초.고추장넣은 간장소스에 찍어먹으면 최고의맛입니다']",['두릅전.술안주.두릅요리.봄나물요리.두릅전만들기.간단전요리집밥레시피'],"['10~15개', '1컵', '1개', '약간', '적당량']"
224,퓨전,,,,"빵 대신 에그번 ♥ 햄버거로 다이어트 가능한 "" 달걀버거 "" 만들기",https://www.10000recipe.com/recipe/6953539,"74,977",만개의레시피,3인분,30분 이내,아무나,"['달걀', '슬라이스햄', '슬라이스치즈', '샐러드채소', '방울토마토', '소금', '식초', '스리라차소스']","탱글탱글한 달걀로 뚜껑을 덮은 달걀버거!
급찐살로 식단을 조절해야 된다면?!
탄수화물을 줄인 에그버거로 시작하세요 :)
귀여워서 다이어트도시락으로 싸도 bb
세상의모든레시피 만개의레시피","['달걀은 물에 소금, 식초를 넣고 15분간 삶는다.', '삶은 달걀은 찬물에 담가 껍질을 벗긴다.', '방울토마토는 슬라이스하고 슬라이스치즈는 한 입 크기로 썬다.', '삶은 달걀을 2등분 한다.\n다이어트식으로 드실 경우 소스를 빼주세요.', '달걀>샐러드채소>토마토>슬라이스치즈>슬라이스햄> 스리라차소스>달걀 순으로 올린 뒤 꼬지를 꽂아 완성한다.\n꼬지']","['에그버거', '달걀버거', '다이어트버거', '간단버거', '달걀요리', '삶은달걀요리', '다이어트', '저칼로리']","['6개', '6장', '1장', '1/2줌', '3개', '1/2숟가락', '1숟가락', '']"
225,퓨전,,,,도토리야채전 만들기 바삭하고고소한 건강한 한끼레시피,https://www.10000recipe.com/recipe/7079699,440,호수맘,4인분,20분 이내,아무나,"['도토리가루', '부침가루', '계란', '물', '애호박', '당근', '양파', '깻잎', '표고버섯', '청양고추', '감자', '소금', '식용유']",도토리 가루를 넣어 더욱 고소하고 담백한 도토리 야채전을 냉장고 속자투리 채소만 있어도 맛있게 만들 수 있어. 간단한 한 끼나 술안주로 딱 좋아요. 겉은 바삭하고 속은 촉촉한 남녀노소 누구나 좋아하는 건강 전이에요.,"['모든야채 애호박 당근 양파 청양고추 깻잎\n감자 표고버섯은 채썰어 주세요', '썰어 놓은 모든 야채를 볼에 담고 도토리가루와 부침가루 소금 물120ml과 계란1개를 넣고 골고루 섞어 주세요.', '달군 팬에 식용유넉넉히 두른뒤 반죽을 얇게 펴 올려주세요\n중약불로 노릇하게 앞뒤를 구워주면 바삭한 도토리야채전 완성입니다']","['도토리야채전', '도토리전', '전요리', '.야채전', '집밥레시피', '건강요리', '저녁메뉴.', '술안주']","['4T', '3T', '1개', '120ml', '1/3개', '1/4개', '1/2개', '5장', '3개', '3개', '1개', '1/2T', '약간']"
226,퓨전,,,,에어프라이어 소시지 피자,https://www.10000recipe.com/recipe/6912539,"93,072",815요리사랑,2인분,10분 이내,아무나,"['후랑크 소시지', '피자치즈', '양파', '소금', '후춧가루', '케첩', '머스타드소스', '파슬리가루']",간편하게 만드는 후랑크 소시지 피자 무조건 맛있다~ 정말 맛있어요,"['양파 1/4개는 굵게 다지고 소금 한두 꼬집+후춧가루 뿌려 밑간해요', '끓는 물에 소시지 4개 넣고 약 2분 정도 삶아요', '삶은 소시지는 끝 조금만 남기고 반을 갈라요', '여기에 밑간한 양파 약간씩 넣고, 살짝 꾹꾹 눌러줘요~', '양파 위에 피자치즈 적당히 올리고', '에어프라이어에 넣어요\n에어프라이어\n종이호일을 깔고 구우면 설거지 안해도 됩니다', '굽기-170도에서 3분간 구워줍니다 구운 소시지에 케첩과 머스타드소스 파슬리가루 뿌립니다 무조건 맛있는 소시지피자 참 맛있네요~']","['소시지구이', '에어프라이어요리', '후랑크소시지요리', '소시지요리', '간식', '야식', '술안주', '도시락메뉴', '푸전요리', '소시지피자마드는법', '소시지피자']","['4개', '', '1/4개', '', '약간', '', '', '']"
227,퓨전,,,,포두부 잠봉 치즈김밥,https://www.10000recipe.com/recipe/7077611,770,호수맘,2인분,60분 이내,아무나,"['김', '계란', '당근', '단무지', '시금치', '잠봉햄', '맛살', '치즈', '김치', '참기름', '깨소금', '소금']","포두부에 잠봉햄 김치를 넣고
김밥 영양가도많고 다이어트에 좋아요","['계란을소금간해서 붙여주세요\n당근은 채썰어도 되지만 저는 감자 깎는 칼로 준비했습니다\n시금치는 살짝 데처서 소금 간하고 무쳐주세요', '김치는 흐르는물에 헹궈주세요\n모든재료. 준비끝\n밥은 소금참기름 깨소금넣고 섞어주세요', '김발위에 김 깔고 밥 올리고 포두부 올려주세요\n그 위에 김밥 재료 다 넣고 돌돌 말아 주세요', '맛있는 포두부 잠봉 김치김밥 완성입니다']",['김밥.김밥레시피.소풍.장봉.김치'],"['4장', '4개', '1개', '4개', '1/2단', '8장', '4개', '2장', '2쪽', '5T', '2T', '약간']"
228,퓨전,,,,집에서 쉽게 육전만들기,https://www.10000recipe.com/recipe/7081324,642,호수맘,4인분,20분 이내,아무나,"['구매', '튀김가루', '계란', '소금', '후추', '식용유']",너무 두꺼우면 맛이 없는 것 같아서 불고기 감을 사서 먹을 만큼 내놓고. 나머지는 냉동고 보관 먹고 싶을 때 언제든지 꺼내서 5분 만에 뚝딱 맛있는 육전 완성,"['소고기는 키친타올로 핏물을닦고\n얇게 펴 소금 후추간을 합니다.', '튀김가루 계란을 소금간 약간하고. 풀어 계란물만들어주세요\n밑간을한 고기를 튀김가루묻히고 계란물무처주세요', '예열된 후라이팬에 앞뒤 노릇하게 구워 주시면 맛있는 육전완성입니다']","['육전', '소고기육전', '쉽게할수있는육전', '육전레시피', '집밥메뉴', '집밥레시피']","['300g', '넉넉하게', '2개', '약간', '약간', '넉넉하게']"
229,퓨전,,,,두부면 명란 파스타,https://www.10000recipe.com/recipe/7006126,"4,407",마들렌,1인분,15분 이내,초급,"['두부면', '명란', '냉동 새우', '마늘', '베이컨', '페페론치노', '파슬리', '후추', '치즈분말', '쪽파', '올리브오일']",명란 파스타 맛있게 먹는 꿀팁은 명란을 좀 많다 싶을 정도로 넣어 주는 게 좋아요. 명란이 좀 짜다 싶으면 물에 5분 정도 담갔다가 물기를 제거한 후 껍질을 벗겨서 사용하면 됩니다.,"['두부면의 충전수는 버리고 흐르는 물에 헹궈주세요.', '냉동 새우는 탱글탱글한 식감을 위해 소금물에 담가 해동해주세요. 마늘을 도톰하게 편 썰기 해주세요. 명란은 껍질을 벗겨주세요. 명란은 좀 많다 싶을 정도로 넣어야 맛있더라고요. Tip. 만약 명란이 많이 짜면 물에 5분 정도 담가 염분을 빼주세요. 베이컨을 먹기 좋게 잘라주세요.', '1. 엑스트라 버진 올리브오일을 듬뿍 두르고 마늘을 넣고 중약 불로 볶아주세요. 2. 마늘이 투명해지면 페퍼론치노를 넣어주세요. Tip. 마늘과 페퍼론치노는 쉽게 타므로 요리가 끝날 때까지 중약 불로 조리하세요.\n중약불', '마늘이 노릇해지면 베이컨과 새우를 넣어주세요.', '새우의 꼬리가 빨갛게 변하면 명란을 넣어주세요.', '두부면을 넣고 감칠맛을 위해 치즈분말을 넣어주세요.', '불을 끄고 후추 톡톡 뿌려주세요', '파슬리가루 톡톡 뿌려주세요', '\ufeff 명란 파스타를 볼에 담고 쪽파 송송 썰어 올려주면 완성입니다.']","['다이어트', '파스타', '두부면요리']","['1개', '3개', '4개', '12개', '3줄', '9개', '약간', '조금', '조금', '조금', '']"
230,퓨전,,,,간단하게먹는 양배추셀러드,https://www.10000recipe.com/recipe/7081783,279,호수맘,1인분,10분 이내,아무나,"['쯔유', '식초', '참기름', '올리고당', '양배추']",저녁에 부담없이 먹을수있는 다이어트 셀러드입니다,"['양배추는 먹기좋은크기로잘라\n흐르는물에깨끗이 씻어 물기를빼주세요', '양념장을 만들어주세요\n쯔유 식초 참기름 올리고당 넣고 섞어주세요', '볼에 양배추를 올리고 양념장을 뿌리고 옥수수콘을 올려주시면 양배추 셀러드 완성입니다']","['다이어트', '다이어트셀러드.', '양배추셀러드', '소스', '저녁한끼']","['1T', '1T', '1T', '1T', '1/4개']"
231,퓨전,,,,입맛없을때 최고 ... 다이어트에도 별미중별미,https://www.10000recipe.com/recipe/7077555,493,호수맘,2인분,10분 이내,아무나,"['김치', '오이', '당근', '참기름', '통깨', '냉면육수', '김가루', '도토리묵']",오늘은 속이 편하고 쉬원하게 즐기기좋은 도토리 묵밥레시피소개합니다,"['너무간단하고 10분이면 바로 먹을수있는 도토리묵밥입니다\n먼저 송송썬김치.김가루 .당근 .오이 썰어서 준비 해주세요\n시중에파는 냉면육수도 준비해주세요', '썰어놓은 김치를 넣어주세요\n그위에 썰은묵을 올려주세요', '체썬당근과 오이넣고 김가루 넣어주시고 참깨뿌려주세요\n냉면육수 넣어주시면\n맛있는도토리묵밥 완성입니다']","['도토리.도토리묵밥.', '참도토리묵사발.집밥.간편한끼', '.다이어트음식.']","['약간', '1/2개', '1/2개', '약간', '약간', '2봉', '약간', '420g']"
232,퓨전,,,,새송이버섯으로 만드는 관자구이!,https://www.10000recipe.com/recipe/7044128,"11,334",realsalim,2인분,15분 이내,아무나,"['새송이버섯', '버터', '다진마늘', '청양고추', '간장', '굴소스', '물엿', '미림']",버섯으로 이런 고급요리가..! 손님맞이 음식으로도 손색 없어요~,"['새송이 버섯을 3-4등분 한다.\n도마\n,\n조리용나이프', '양면에 격자무늬 칼집을 내준다.', '간장 3스푼, 굴소스 1.5스푼, 물엿 1스푼, 미림 1스푼을 넣어 양념장을 만든다.\n소스볼\n,\n숟가락', '마늘 2스푼과 청양고추를 썰어 섞어준다.\n주방가위', '팬에 버터를 두르고 버섯을 구워준다.\n프라이팬', '준비해둔 청양고추를 볶아 섞어준다.\n요리스푼', '양념장을 넣어 조려주면 완성!']","['새송이버섯구이', '새송이버섯조림']","['4개', '30g', '2스푼', '1개', '3스푼', '1.5스푼', '1스푼', '1스푼']"
233,퓨전,,,,쫄깃한 떡에 베이컨을 말아줘~! (제발) 에어프라이어 베떡베떡 ★,https://www.10000recipe.com/recipe/6918734,"17,562",만개의레시피,2인분,20분 이내,아무나,"['떡볶이떡', '베이컨', '고추장', '올리고당', '다진 마늘', '케첩', '간장', '물']","쫄깃함과 짭조르름을 한방에 느끼실려면???
베이컨떡말이 어떠신가? 이름도 귀여워 베떡베떡 ♡♥♡♥
세상의 모든 레시피 만개의레시피","['베이컨은 2등분한다.', '끓는 물에 떡볶이떡을 넣고 30초간 데친다.', '베이컨 위에 떡볶이떡을 올리고 돌돌 만 뒤 꼬치에 3개씩 꽂는다.\n꼬치', '에어프라이어에 베이컨떡꼬치를 넣고 180도에서 8분간 익힌다.\n에어프라이어', '팬에 소스 재료를 넣고 한소끔 약불로 끓인 후 베이컨떡꼬치에 발라 완성한다.\n꼬치\n,\n팬\n취향에 따라 머스터드소스나 다진 땅콩을 뿌려주세요.']","['에어프라이어', '에어프라이어', '레시피', '에어프라이어', '간식', '간식', '떡꼬치', '베이컨떡꼬치', '베이컨떡말이', '베떡베떡', '간단']","['12개', '6줄', '1숟가락', '3숟가락', '1/2숟가락', '3숟가락', '1/2숟가락', '3숟가락']"
234,퓨전,,,,오무라이스 황금레시피,https://www.10000recipe.com/recipe/7081890,295,호수맘,2인분,15분 이내,아무나,"['계란', '소고기', '양파', '케찹', '굴소스', '버터', '케찹', '돈까스소스', '물']",입맛없는 언니위해 새콤달콤한 오무라이스소스 만들어해줬더니. 너무맛있다고하네요,"['소고기는 밑간을 해주면 더좋아요\n(소금후추 올리브오일넣고20~30분 숙성시켜주세요)\n오므라이스 소스만들기\n버터한조각/케찹4T/돈까스소스6T/\n물6T/넣고 살짝 끓여준비해주세요', '소고기와양파는 먹기좋은 크기로썰어 올리브유에 볶아주세요\n양파와소고기가 익으면 밥2공기/\n케찹1T/굴소스2T/넣고 볶아주세요', '계란2개를 풀어 스크램블을 해주세요', '볶아놓은밥을 공기에담아 접시에 뒤집어주세요\n그위에 계란 스크램블을한걸 올리고\n만들어놓은소스 넣어주면 맛있는 오므라이스 완성입니다']","['오므라이스', '오므라이스레시피', '오므라이스황금레시피', '오므라이스만들기', '계란요리', '집밥레시피']","['4개', '100g', '1/2개', '1T', '2T', '10g', '4T', '6T', '6T']"
235,퓨전,,,,여러가지 매력을 가진 치즈감자호떡,https://www.10000recipe.com/recipe/6945267,"41,973",또롱이네요리,2인분,30분 이내,초급,"['감자', '감자전분', '치즈', '소금', '후추', '파마산치즈가루']",겉은 바삭 속은 쫀득 보들보들 감자전을 먹는 듯한 느낌의 겁나게 맛있는 맛!,"['감자를 푹 삶아 주어요!\n강불\n대략 10분정도 이지만 푹 익을때까지 삶아주세요.', '푹 익은 감자를 건져 전분을 넣고 반죽해 주어요!\n쫀득한 것을 좋아하신다면 취향에 따라 전분 양을 더 늘려 주셔도 됩니다!\n감자전분이 없다면 찹쌀가루로 대체 가능해요!', '소금과 설탕과 후추를 넣어 간을 한 뒤 잘 섞어 반죽해주어요.', '탁구공 만큼 반죽에 치즈를 넣고 잘 오므려주세요!\n틈이 나지 않게 잘 오므리는게 중요해요!\n틈이 생기면 구어줄때 옆구리가 터지더라구요!\n취향껏 설탕과 견과류 등등을 넣어 드세요!', '중약불에 앞 뒤 양옆을 노릇노릇 구워주세요!\n중약불', '오래 골고루 구울수록 더욱 바삭해져 겉은 바삭 속은 촉촉 완전한 겉바속촉이 완성됩니다.\n시간을 투자해 구워준다면 더욱 바삭하고 쫀득한 치즈감자호떡을 맛보실 수 있어요!']","['치즈감자호떡', '감자요리', '간식']","['4개', '4T', '', '1/3T', '톡톡', '취향껏']"
236,퓨전,,,,감자 호박 채전 황금 레시피,https://www.10000recipe.com/recipe/7078409,645,호수맘,4인분,20분 이내,아무나,"['호박', '청양고추', '굵은소금', '식용유', '감자전분', '계란', '간장', '식초', '물']",바삭하고 고소한 감자채전은 간단한 재료로 만들 수 있는 인기 반찬입니다. 감자를 채썰어 붙이면 식감이 살아있어. 더욱 맛있습니다.,"['감자는 껍질을 벗기고 가늘게 채 썰어 소금에 5분 정도 저려요. 손으로치대. 전분기를 빼줍니다.', '전분기를 뺀 감자는 찬물에 헹구고 체에 받쳐 물기를 충분히 빼줍니다.\n호박도 가르게 채썰고 청양고추도 채 썰어주세요', '볼에 모든 재료를 넣고 잘 버무려주세요. 감자전분 계란도 넣어 잘섞어주세요', '팬에 식용유를 넉넉히 두르고 중불로 달군 뒤 섞어놓은감자채를 얇게 펴 올려주세요. 앞뒤를 노릇노릇하게 구워 바삭하게 익혀주세요\n초간장 과 함께 곁들여 먹으면 더욱 맛있습니다.\n초간장만드는법\n간장3T. 식초1T 물1T']","['감자전', '감자채전.감자요리.전요리.집밥레시피']","['1/2개', '4개', '2T', '1/2컵', '3T', '1개', '3T', '1T', '1T']"
237,퓨전,,,,출출할때 필요한 꿀 떨어지는 허니윙 ★,https://www.10000recipe.com/recipe/6924155,"27,278",만개의레시피,3인분,30분 이내,아무나,"['닭날개', '견과류', '맛술', '올리브유', '소금', '후추', '바질', '간장', '다진마늘', '꿀', '맛술', '후추']","허니콤보가 땡기는 날에 만들어 먹기 좋은 레시피 ★
교촌치킨보다 더 달달하고 맛나다능
세상의 모든 레시피 만개의레시피","['닭날개의 칼집을 낸 후 밑간 재료를 넣고 10분간 재운다.\n닭날개가 누린내가 심하다면 우유에 10분간 담가 사용해요.', '볼에 소스 재료를 넣고 섞어 소스를 만든다.\n볼', '팬에 올리브유를 두른 후 밑간한 닭날개를 앞뒤로 굽는다.\n팬', '닭날개가 노릇하게 구워졌으면 소스를 넣고 소스가 졸아들때까지 약불로 졸인다.', '접시에 닭날개를 올린 뒤 다진 견과류를 뿌려 완성한다.\n접시']","['닭날개', '허니콤보', '교촌', '허니', '닭날개구이', '허니윙', '간식', '간단']","['18개', '약간', '1숟가락', '1숟가락', '약간', '약간', '약간', '3숟가락', '1숟가락', '3숟가락', '2숟가락', '약간']"
238,퓨전,,,,감자라면피자 편의점을 털어서 기발하게 ㄱㄱ,https://www.10000recipe.com/recipe/6905242,"5,400",만개의레시피,2인분,15분 이내,초급,"['스파게티 라면', '스파게티라면소스', '감자과자', '스트링치즈', '식용유', '파슬리']","이런 피자 보신적있나요?
한번 먹어보면 계속 생각나는 편의점표
감자라면피자!
세상의 모든 레시피 만개의레시피","['스파게티 라면은 뜨거운 물을 붓고 면을 익힌다.', '면이 익으면 물은 따라 버린다.', '팬에 기름을 두르고 익힌 면을 펼쳐 앞뒤로 굽는다.\n팬\n약불', '앞뒤로 골고루 익으면 스파게티 소스를 바른다.', '감자과자를 올린 후 치즈를 찢어 올린다.', '뚜껑을 닫고 치즈를 녹인 후 파슬리를 뿌려 완성한다.\n약불']","['감자라면피자', '스파게티라면', '감자칩', '감자과자', '스트링치즈', '피자', '편털', '편의점음식']","['1봉', '', '2종이컵', '3개', '약간', '약간']"
239,퓨전,,,,혼맥족을 위한 다.때.섞.굽. 맥주 안주! 어묵노미야끼 만들기ㅣ간단 자취요리,https://www.10000recipe.com/recipe/6909604,"16,443",얌무,1인분,15분 이내,아무나,"['달걀', '어묵', '양파', '참치', '부침가루']","오늘의 자취 요리는 어묵노미야끼 입니다.
혼술하시는 분들 요고요고 꼭 한번 해서 드셔보세요 :D 강츄","['양파는 칼집을 내준 후 잘라줍니다.', '어묵은 채썰어줍니다.', '볼에 어묵, 양파, 참치, 달걀, 부침가루를 넣고 섞어주세요.\n물은 넣어 농도를 조절해주세요.', '팬에 기름을 두르고 반죽을 부어 앞뒤로 노릇하게 구워줍니다.\n약불', '마요네즈를 뿌려 완성합니다.']","['어묵노미야끼', '어묵', '오코노미야끼', '안주', '굽기', '맥주안주', '자취요리', '혼맥', '얌무']","['1~2개', '2장', '1/2개', '1캔', '3T']"
240,퓨전,,,,"수원 왕갈비 통닭 레시피, 에어프라이어로 닭다리 굽기",https://www.10000recipe.com/recipe/6908461,"138,776",815요리사랑,2인분,60분 이내,초급,"['닭다리', '맛술', '소금', '생강가루', '식용유', '후춧가루', '진간장', '설탕', '고운 고춧가루', '후춧가루', '콜라', '요리 당', '식용유', '참기름', '양파', '청양고추', '홍고추', '마늘']",요즘 핫하다는 수원왕 갈비통닭 레시피를 줄이거나 추가해서 만든 맞춤 황금 레시피~,"['닭다리는 기름 제거하고 칼집을 깊숙이 넣어요\n칼집을 넣어 구우면 잘 익어요', '손질한 닭다리에 밑간 재료 맛술,소금,생강가루,후춧가루를 넣고 밑간하고 (재료 준비하는 동안)\n식용유는 굽기 전에 발라주면 마르는 것을 예방해줍니다', '양파 마늘을 곱게 다지고', '청양 홍고추는 잘게 썰어요~ 매운고추는 기호에 맞게 하세요', '소스 팬에 다진 양파 마늘과 양념장 모두 넣고 중불에서 끓이다가 약불로 줄여 약 3분 정도 끓이고 마지막에 청양고추 홍고추 넣고 살짝 끓이면 갈비맛 양념장 완성~', '굽기전에 밑간한 닭다리에 식용유 2스푼을 넣고 코팅 시켜 구워요\n1차 180도에 20분 중간에 뒤집고 다시굽고\n2차 180도 15분 굽기 2~3번 뒤집어가며 구워요\n에어프라이어', '노릇하게 구운 닭다리에 양념을 버무려줄거예요', '볼에 구운 닭 넣고 양념을 적당히 넣고 섞어요', '화끈하게 맵고 맛있게 매운 갈비맛 닭다리 구이 완성~']","['닭다리구이', '에어프라이어닭요리', '수원왕갈비통닭', '맞집레시피', '맞춤레시피', '닭요리', '에어프라이어요리', '간식', '야식', '술안주']","['5개', '2스푼', '0.5스푼', '약간', '2스푼', '약간', '8숟가락', '2숟가락', '0.5숟가락', '1티스푼', '7숟가락', '2숟가락', '1숟가락', '1숟가락', '1/4개', '2개', '0.5개', '3개']"
241,양념/잼/소스,,,,에그샌드위치 레시피 와사비와 피클 넣어 느끼하지 않게 만드는법,https://www.10000recipe.com/recipe/7082650,266,몽글쿡,2인분,20분 이내,아무나,"['식빵', '계란', '베이컨', '피클 다진거', '마요네즈', '와사비', '꿀또는 올리고당', '홀그레인 머스터드', '소금', '후춧가루', '버터또는 마요네즈']","아침에 든든하게 먹고 싶을 때 종종 만들어 먹는 에그샌드위치예요.
삶은 계란에 마요네즈를 넣고 베이컨과 피클을 더해 속을 푸짐하게 만들었는데요.
여기에 와사비를 조금 넣어봤더니
마요네즈의 느끼한 맛은 줄고 은은하게 알싸한 맛이 더해져서 맛있더라고요.
와사비가 강하지 않아 아이도 잘 먹었고, 베이컨과 피클이 함께 들어가 식감까지 좋았어요.
오늘은 제가 맛있게 먹고 있는 에그샌드위치 레시피 소개해 드릴게요.
​","['냄비에 계란이 충분히 잠길 정도로 물을 넣고 소금 1작은술과 식초 1작은술을 넣어주세요.\n계란을 넣고 물이 끓기 시작한 뒤 12분 정도 삶아 완숙으로 익혀주세요.\n다 삶은 계란은 바로 찬물이나 얼음물에 담가 식혀주세요.\n충분히 식힌 뒤 껍질을 벗겨주면 돼요.', '껍질을 벗긴 계란은 노른자와 흰자를 분리해 주세요.\n노른자는 따로 두고 흰자는 칼로 잘게 다져 준비해 주세요.', '피클도 잘게 다진 뒤 키친타월에 올려 물기를 빼주세요.\n피클은 물기가 많으면 샌드위치 속이 묽어질 수 있어서\n물기를 한번 꾹 눌러 빼주는 게 좋아요.', '베이컨은 가늘게 채 썰어 팬에 바삭하게 볶아주세요.\n따로 기름을 두르지 않아도 베이컨에서 기름이 나오기 때문에 노릇하게 볶아주면 돼요.\n다 볶은 베이컨은 키친타월에 올려 기름기를 빼고 한 김 식혀주세요.', '볼에 마요네즈 4큰술, 와사비 0.5작은술, 꿀 또는 올리고당 1큰술\n홀그레인 머스터드 1작은술, 소금 2꼬집과 후춧가루를 넣고 섞어주세요.', '여기에 삶은 계란 노른자를 체에 내려 넣거나 포크로 곱게 으깨 섞어주세요.\n노른자가 뭉치지 않도록 잘 풀어주면 소스와 부드럽게 섞여요', '잘게 다진 계란 흰자와 식혀둔 베이컨, 물기를 뺀 피클을 넣어 골고루 섞어주면\n맛있는 에그샌드위치 속이 완성돼요.', '식빵 한쪽 면에는 버터를 아주 얇게 발라주세요.\n버터가 없다면 마요네즈를 얇게 발라도 좋아요.\n에그샌드위치를 만들어 바로 먹지 않고\n조금 두었다가 먹는 경우 식빵에 버터를 발라주는데요.\n이렇게 해두면 계란 속의 수분이 빵에 바로 스며드는 것을 줄일 수 있어\n시간이 지나도 빵이 쉽게 눅눅해지지 않아요.', '식빵 위에 완성된 계란 속을 넉넉하게 올려주세요.\n저는 속재료를 아낌없이 넣어 도톰하게 만들어 먹는 걸 좋아해서\n수북하게 올린 뒤 윗면을 살짝 평평하게 정리해 줬어요.\n속재료의 양은 취향에 맞게 조절해 주세요.', '랩으로 단단하게 감싸 5분 정도 두었다가 잘라주세요.\n잠시 두었다가 자르면 속재료가 조금 자리를 잡아줘서 자를 때 덜 흐트러져요.', '속을 푸짐하게 채우니 반쪽만 먹어도 든든했어요.\n베이컨의 고소한 맛에 피클의 새콤함,\n와사비의 은은한 알싸함이 더해져 느끼하지 않고 맛있게 먹었어요.\n아침 식사로 준비해도 좋고, 출출할 때 간식처럼 먹기에도 좋은 에그샌드위치예요.\n계란샐러드에 와사비를 조금 넣어 색다르게 만들어보고 싶다면 이렇게 만들어보세요.']","['에그샌드위치레시피', '달걀샌드위치레시피', '에그샌드위치만드는법', '달걀샌드위치만드는법', '달걀요리', '샌드위치레시피']","['2~4장', '5개', '3줄', '1큰술', '4큰술', '1/2작은술', '또는 올리고당', '1작은술', '2꼬집', '약간', '또는 마요네즈']"
242,양념/잼/소스,,,,"떡꼬치 만들기, 아이간식으로 좋은 안 매운 떡꼬치 소스 레시피",https://www.10000recipe.com/recipe/7075639,653,몽글쿡,3인분,10분 이내,아무나,"['떡볶이떡5개씩 꼬치 6개 분량', '식용유', '구매', '\u200b 케첩', '고추장', '간장', '올리고당', '설탕', '물']","아이가 간식으로 떡꼬치가 먹고 싶다고 해서 떡 한 팩 사 와서 만들어줬어요.
겉은 바삭하고 속은 쫀득쫀득한 떡에 새콤달콤한 소스까지 더해지니
추억의 분식 느낌이 제대로 났어요.
매운 걸 잘 못 먹는 아이를 위해 고추장은 아주 소량만 넣어 안 맵게 만들었더니
부담 없이 맛있게 잘 먹더라고요.
집에서 10분이면 간단하게 만들 수 있는
학교 앞 분식 스타일 떡꼬치 레시피 지금부터 소개할게요.","['떡이 말랑하다면 그대로 사용해도 괜찮아요.\n딱딱한 떡은 끓는 물에 살짝 데쳐 말랑하게 만든 뒤 찬물에 헹궈주세요.\n이후 물기를 완전히 제거해야 해요.\n물기가 남아 있으면 기름에 구울 때 튈 수 있어요.\n떡이 손에 달라붙어 꼬치에 끼우기 어렵다면\n손에 식용유를 살짝 바른 뒤 작업하면 훨씬 편해요.\n나무 꼬치에 떡을 4~5개씩 나란히 끼워주세요.', '볼에 케첩, 고추장, 간장, 올리고당, 설탕, 물을 모두 넣고 잘 섞어주세요.\n맵기나 단맛은 기호에 따라 조금씩 조절해도 좋아요.', '팬에 식용유 2~3큰술을 두르고 중불에서 예열해 주세요.\n떡을 앞뒤로 노릇노릇하게 굽다가 하얗게 부풀어 오를 때까지 튀기듯 구워주세요.\n겉은 바삭해야 소스를 발라도 눅눅해지지 않고 더 맛있어요.', '떡을 구운 팬에 남은 기름을 살짝 활용해 소스를 넣고 30초 ~ 1분 정도 살짝 끓여주세요.\n소스가 한 번 끓으면 맛이 더 진해지고 떡에도 잘 달라붙어요.\n잘 구워진 떡에 준비한 소스를 앞뒤로 듬뿍 발라주세요.\n새콤달콤한 소스가 쫀득한 떡과 정말 잘 어울려요.', '학교 앞에서 사 먹던 추억의 새콤달콤 떡꼬치 완성이에요.\n맵지 않게 만들어 아이들 간식으로도 부담 없고,\n어른들에게는 추억의 분식 간식으로 딱 좋더라고요.\n떡 한 팩만 있으면 금방 만들 수 있으니 오늘 아이 간식으로 어떠세요?']","['떡꼬치만들기', '떡꼬치레시피', '떡꼬치소스만들기', '떡꼬치양념만들기', '떡꼬치양념', '안매운떡꼬치소스', '옛날떡꼬치소스', '안매운떡꼬치양념', '안매운떡꼬치만드는법']","['5개씩 꼬치 6개 분량', '2~3큰술', '6개', '3큰술', '0.3~0.5큰술', '1/2큰술', '1.5큰술', '1/2큰술', '1~2큰술']"
243,양념/잼/소스,,,,"10분이면 Ok, 칼로리 걱정 없는 두부 마요네즈 만들기!",https://www.10000recipe.com/recipe/6960619,"26,598",맘스쿠킹다이어리,6인분 이상,10분 이내,아무나,"['두부', '레몬즙', '올리브오일', '소금']","오늘은 칼로리와 느끼함은 Down, 고소함과 담백함은 Up! 시킨 두부 마요네즈를 만들어 보겠습니다. :)","['먼저 두부는 4등분 하여 끓는 물에 2분 정도 데쳐 주세요.\n두부\n냄비\n,\n체\n,\n칼\n,\n도마', '그리고 블렌더에 데친 두부, 레몬즙 4큰술, 소금 1/2 티스푼을 넣고 갈아줍니다.\n두부, 레몬즙, 소금\n블렌더', '시원하게 갈아준 후 올리브오일 5큰술을 2번에 나눠 넣고 곱게 갈아주면 완성입니다.\n올리브오일을 한 번에 넣게 되면 잘 섞이지 않기 때문에 2.5큰술 넣고 한 번 갈아주고, 2.5 큰술 넣고 또 한 번 갈아주세요. :)']","['마요네즈', '두부마요네즈', '수제마요네즈', '저칼로리마요네즈', '다이어트', '다이어트마요네즈', '다이어트소스', '두부요리', '두부']","['200g', '4큰술', '5큰술', '1/2티스푼']"
244,양념/잼/소스,,,,부드러운 크림 카레,https://www.10000recipe.com/recipe/6904203,"33,486",제줌마,2인분,30분 이내,초급,"['카레', '우유', '스팸또는 베이컨', '달걀', '마늘', '양파']",너무 부드러워 입안에서 살살 녹는 카레 보신적 있으신가요!?,"['마늘 꽁다리를 잘라내 주신후 다지지말고 으깨주세요.', '양파는 작은 네모 모양으로 다져주듯이 잘라줄게요.', '햄도 양파와 같은 네모모양으로 다져주듯이 잘라주세요.\n베이컨으로 대체 하셔도 됩니다.', '팬에 올리브오일 혹은 식용유를 두르고 빻아놓은 마늘을 볶아주세요.', '마늘 향이 올라오면 양파를 넣고 볶아주세요.', '그 후, 햄도 넣어 볶아주세요.', '재료들이 갈색으로 변하면 우유 200ml를 넣어줄게요', '우유가 끓기 시작하면 카레를 넣고 끓여주세요.\n4인분 기준 가루 카레를 넣으실경우 반만 사용해주시면 되요.', '물을 살짝넣어 카레의 농도를 맞춰줄게요.', '달걀 4개를 깨서 소금 한꼬집을 넣어 풀어주세요.', '풀어놓은 달걀에 우유 두스푼을 넣고 다시한번 풀어주세요.', '기름을 두른 다른 팬에 달걀을 넣고 스크램블 해주세요.\n다익은 스크램블이 아닌 약간 몽골몽골해질때 까지만 해주세요. 바닥을 긁었을때 바닥이 보이는 정도로만 해주시면 됩니다.', '그릇에 밥을 담고 카레를 얹어주시고 부드러운 스크램블을 카레위에 이불을 덮어주듯이 올려주세요.\n파슬리로 마무리해주면 완성입니다!']","['카레', '다이어트', '양파', '햄', '스팸', '베이컨', '우유', '초간단', '크림카레', '일본카레']","['1/2개', '200ml', '또는 베이컨', '4개', '4쪽', '1/2개']"
245,양념/잼/소스,,,,[간단 자취요리] 저장식량! 스팸 참치 후리가케 만들기,https://www.10000recipe.com/recipe/6872122,"22,582",얌무,4인분,30분 이내,아무나,"['스팸큰캔', '참치작은캔', '소금']","안녕하세요 여러분들!!
오늘은 스팸참치 후리가케를 만들었습니다!
후리가케는 다들 아시죠? 밥에 비벼먹는 가루인데요~
한국 제품으로는 '밥이랑' , '밥친구' , '보크라이스' 정도가 있겠네요.
제가 만든 스팸 참치 후리가케는 시판 제품들과 비교하면,
훨씬 더 고기고기한 맛이 많이 나고, 고기향이 진해요!
한번에 만들어두시고 밀폐용기에 넣고 냉장보관하세요.
밥에 2~3숟가락 정도 넣고 비벼드시면 됩니다 (취향껏 조절)","['먼저 스팸을 잘게 다져줍니다.', '참치도 기름을 모두 빼주세요.', '먼저 햄을 넣고 달달 볶아주세요.\n색이 나면 약불로 달달 볶아주세요.', '참치도 같은 방법으로 수분을 날려줍니다.', '봉지에 모두 넣고 소금간을 해주세요! 흔들고 비비면서 섞어주세요.', '이렇게 만들어두고, 먹을 때 마다 밥에 비벼드세요.']","['얌무', '스팸참치후리가케', '자취요리', '간단요리', '스팸', '참치']","['큰캔', '작은캔', '1/3T']"
246,양념/잼/소스,,,,초간단 순두부요리 달래양념장~이렇게 맛있을수가?,https://www.10000recipe.com/recipe/6866362,"72,872",팬이맘,4인분,10분 이내,아무나,"['순두부', '달래', '고춧가루', '진간장', '깨소금', '매실청', '참기름']","초간단 순두부요리~
달래양념장 올리니 비주얼 확 사네요.
​보들보들 부드러운 순두부.
순두부의 고소한 느낌에
알싸한 달래 향이 묻어나면
초간단 그야말로 행복해지는 맛이랍니다.","['순두부 도마에 올리고 3등분 하고\n다시 반으로 잘라주면\n순두부가 총 6개가 나온답니다.', '순두부 껍질 벗기고\n접시에 담아주고요.\n전자레인지에 그대로 넣고\n따끈하게 2분 돌려줬어요.\n전자레인지', '달래는 쫑쫑 썰어 그릇에 담아두고요.', '고춧가루 2큰술,', '진간장 3큰술', '깨소금 1큰술,', '참기름 1큰술,', '매실청 0.5큰술\n그릇에 모두 넣고 섞으면\n달래양념장은 완성입니다.\n단맛이 싫으시면 매실청은 빼셔도 되고요.\n심심하게 드시려면 간장 조금 덜어내고요,', '뜨근한 순두부\n접시에 담아내고요.', '달래양념장 올려서 마무리!!']","['순두부요리', '순두부샐러드', '순두부', '달래양념장', '초간단안주', '혼술안주', '순두부반찬', '간단반찬']","['1봉지', '1/2묶음', '2큰술', '3큰술', '1큰술', '0.5큰술', '1큰술']"
247,양념/잼/소스,,,,참치쌈장...,https://www.10000recipe.com/recipe/7017867,"2,791",행복한미야미니맘,4인분,30분 이내,아무나,"['캔참치', '양파', '대파', '청양고추', '생수', '된장', '고추장', '고추가루', '마늘', '참기름', '설탕', '통깨']",백종원남 레시피로 참치쌈장 만들었어요. 알배추에 얹어먹으니 정말 맛았어서 소개해드립니다.,"['양파.대파.청양고추는 잘게 썰어요.\n도마\n,\n조리용나이프', '참치는 기름을 빼요 .\n체망', '팬에 기름을 두르고\n볶음팬\n,\n요리스푼', '양파.대파 넣고', '볶아요.', '양파가 투명해지면', '물 100ml를 부어요.', '바글바글 끓으면', '마늘 1큰술.고추가루 1큰술.설탕 1작은술을 넣어요.', '저어가며 끓이다', '참치.청양고추를 넣어요.', '골고루 섞어주고', '고추장 2큰술.된장2큰술을 넣어', '잘 섞어가며 끓여요.', '재료가 잘 어우러지고 자작해지면', '참기름 1큰술.통깨 넣어 마무리해요.']",['참치쌈장'],"['1개', '1/2개', '1대', '2개', '100ml', '2큰술', '2큰술', '1큰술', '1큰술', '1큰술', '1작은술', '']"
248,양념/잼/소스,,,,[사랑파워 블로그][집밥백선생3] 백종원 참치맛나니 만들기!,https://www.10000recipe.com/recipe/6941177,"6,159",사랑파워,6인분 이상,20분 이내,초급,"['캔 통조림 참치', '다진양파', '진 간장', '간 마늘', '깨소금', '설탕', '참기름']","추석이나 설 명절 또는 제사가 끝나고 난 뒤 남은 나물에 밥 비벼 먹을 때
비빔밥의 맛을 한층 더 업그레이드해주는
식당에서 사 먹는 비빔밥의 맛을 느끼게 해주는 비법!!
맛나니입니다!!
※처음 만들어 보시는 경우 반드시 레시피 양 대로 따라 만들어 보신 후 각자 취향에 따라 재료의 양을 변경하시면 됩니다~","['참치 캔 1개를 준비합니다', '팬에 바로 넣어주세요\n통조림 기름까지 다 넣어주시면 됩니다~', '다진 양파 1컵 준비합니다', '진 간장 1/3컵 준비합니다\n저는 만능맛간장 사용했습니다. 만능맛간장은 하루빨리 만들어 보세요 맛의 깊이가 한층 깊어진답니다. 맛나니가 2배정도 맛있어집니다!!\n제 레시피 보시면 만능맛간장 만드는 방법 있답니다~', '준비한 재료를 팬에 다 넣으시고\n간 마늘 1숟갈 넣어줍니다', '깨 소금 1숟갈 넣어줍니다\n깨 소금은 깨를 곱게 빻은 것입니다. 깨랑 소금이랑 섞은 거 아닙니다!!', '설탕 1숟갈 넣어줍니다', '정말 간단한 게 재료를 다 넣고 난 후 불을 켜주세요\n혹시나 빨간 빛깔의 맛나니를 원하신다면 고춧가루도 1숟갈 넣으셔도 됩니다.\n고춧가루를 넣으실 경우 고춧가루가 물을 흡수하기 때문에 물을 좀 더 넣어주셔야 해요~\n안 그러면 탑니다', '수분이 날아갈 때까지 볶아 주세요\n볶으실 때 커다란 참치는 으깨어서 잘게 부숴주세요!!\n나중에 먹을 때 큰 게 씹히니까 좀 짠맛이 강했습니다', '참치가 포슬포슬 해 질 때까지만 볶아줍니다', '그리고 마무리로 참기름 둘러줍니다', '참치맛나니 완성!!', '비빔밥에 넣어서 먹으면 예술입니다!', '참치맛나니 1숟갈에 김가루 마요네즈(취향껏) 넣어서 드시면 참치마요 완성!!']","['집밥백선생', '참치맛나니', '집밥']","['1캔', '1컵', '1/3컵', '1숟갈', '1숟갈', '1숟갈', '취향껏']"
249,양념/잼/소스,,,,"타먹고, 발라먹는 전자렌지 귤 마멀레이드 만들기ㅣ진짜 존맛",https://www.10000recipe.com/recipe/6903197,"17,923",얌무,2인분,15분 이내,초급,"['귤', '설탕']","오늘은 전자렌지로 만드는 귤마멀레이드 입니다.
저는 오렌지 마멀레이드를 좋아해서 냄비에 끓이는 방식으로 자주 해먹었는데 자취생들을 위해 귤+전자렌지 레시피로 변형해봤어요.","['귤 껍질을 까줍니다.\n귤 껍질은 깨끗히 씻어주세요.', '껍질은 채 썰어줍니다.\n최대한 얇게 썰어주세요.', '귤 과육은 볼에 담아 으깨줍니다.', '으깬 과육은 가위로 잘게 잘라줍니다.', '자른 과육에 껍질, 설탕을 넣고 잘 섞어주세요.', '다른 그릇에 반을 덜어주세요.\n그냥 전자레인지에 돌리게 되면 끓어 넘칠 수 있어요,', '뚜껑을 덮은 후 전자레인지에 12분간 돌려줍니다.\n전자레인지', '보관용기에 담아 냉장고에 식혀 완성합니다.']","['귤', '마멀레이드', '귤', '전자레인지요리', '전자레인지', '얌무', '마멀레이드', '잼']","['5~6개', '3/4컵']"
250,양념/잼/소스,,,,치킨 양념만들기,https://www.10000recipe.com/recipe/6880629,"57,440",빼꼼쪼미맘,2인분,10분 이내,아무나,"['물', '케찹', '고추장', '진간장', '다진마늘', '고춧가루', '올리고당']",치킨에 빠질수 없는 치킨 양념도 간단하게 만들 수 있어요.,"['재료들을 팬또는 냄비에 넣고', '강불에 보글보글 끓여주세요.', '끓기 시작하면 약불로 줄여서 졸여주면 완성', '치킨양념 소스 만들기 어렵지 않아요.']","['치킨양념', '치킨양념소스', '양념소스']","['3T', '2T', '1T', '1T', '2T', '1T', '1T']"
251,양념/잼/소스,,,,달콤하고 바나나 향기 찐한~~ 바나나커드,https://www.10000recipe.com/recipe/6889778,"5,267",레몬스아뜨리에,6인분 이상,30분 이내,초급,"['중간크기 바나나', '설탕', '달걀', '버터', '레몬즙', '소금']","바나나를 구입하게되면 늘 다 먹기전에 점탱이가 생기기 시작합니다.ㅠ
그런 바나나를 이용해 만들면 더 맛있는 바나나커드~~
요구르트에 넣거나....식빵에 쨈처럼 바르거나....스콘에 곁들이면 별미.","['달걀 4개, 바나나 중간크기 5개, 설탕 1컵, 버터 4T, 레몬 1개 즙.소금1/8은 옵션..........이렇게 준비합니다.', '준비된 재료들을 모두 푸드 카터기에 넣어요.', '크림처럼 만들어주세요.', '냄비로 옯겨서 중불에서 끓입니다', '10분정도 끓여 되직하게 되면 불에서 내립니다.', '뜨거울때 소독한 병에 담고...', '라벨을 붙입니다.\n이런~~이런~~이거 왜 이렇게 맛있어요?\n와우~~\n꼭 만들어 보길 강추합니다.\n식빵에 잼처럼 발라먹거나 스콘에 곁들여도 좋아요.\n요구르트에 한숫가락 넣어 먹어도 맛있어요.']",[],"['5개', '1컵', '4개', '4큰술', '1개', '1/8작은술']"
252,양념/잼/소스,,,,두부로 만드는 화이트 소스♡豆腐のホワイトソース,https://www.10000recipe.com/recipe/6900525,"12,411",안하♡,2인분,30분 이내,아무나,"['연두부', '우유', '물', '밀가루', '소금', '후추']","버터 없이 맛있는 화이트 소스를 만들수 있어요^^
그라탕,라자냐,파스타……다양하게 활용해 보세요♥","['재료입니다', '연두부를', '이 정도까지 잘 섞습니다', '냉비에 우유,물,있으면 콘소메를 넣고', '마지막에 밀가루를 넣습니다', '게속 게속 섞으년서 중간불으로 데웁니다.', '흐물흐눌하면', '두부도 넣어 섞습니다.', '딱딱해지면 소금,후추를 넣고 5분 정도 약한 불으로 그대로 섞습니다.', '완성(ﾟ∀ﾟ)']","['두부', '다이어트', '양식', '그라탕', '라자냐', '초간단', '화이트소스']","['150g', '300ml', '50ml', '2.5큰술', '조금', '조금']"
253,양념/잼/소스,,,,레몬 커드 (레몬잼) 만들기,https://www.10000recipe.com/recipe/6862637,"24,711",39도,6인분 이상,120분 이내,중급,"['설탕', '버터', '레몬', '계란']","딸기잼 말고
스콘에 잘 어울리는 잼이 없을까 찾아보다
레몬 커드(Lemon Curd)라는
영국식 잼을 알게되었다","['재료 준비한다', '베이킹소다+뜨거운물로 봑봑 씻은 레몬 껍질을 간다', '손까지 베어가며 열심히 갈았는데 겨우 요만큼이다\n이런 제에스트', '벌거숭이가 된 레몬을 반으로 잘라', '레몬즙을 내준다', '레몬주스 완성', '계란 두개를 깨고 저어준 뒤', '체에 한번 걸러준다', '곱다', '설탕. 레몬제스트. 레몬주스를 넣고 섞는다', '중간불로 중탕하며 계속 저어준다', '호박죽을 쑤는건지 레몬잼을 만드는건지 헷갈릴 때 쯤\n서서히 단단해지는 느낌이 난다', '불에서 내려놓고', '깍두기마냥 잘라놓은 버터를 하나씩 넣으며 녹여준다', '퐁당', '휙휙', '귀찮음을 극복하고 버터를 모두 녹였다', '깨끗이 씻은 유리병에 졸졸 따른다', '향도 색도 곱다 고와', '어떤 맛일까', '궁금증을 덮고 냉장고로 직행한다', '반년만에 보는 친구가 집에 놀러와\n플레인 스콘을 굽고\n레몬커드를 함께 내놓았다', '스콘과 레몬커드에 비명을 질러대는 친구', '손모델 시켰더니 부들부들 떤다', '먹어보지 않으면\n절대 알 수 없는 맛\n상상조차 안되는 핵맛 존맛 핵존맛이다']","['레몬잼', '레몬커드', '잼만들기', '수제잼']","['100g', '70g', '2개', '2개']"
254,양념/잼/소스,,,,전자레인지로 만든 새콤달콤 '귤잼' 초간단 레시피,https://www.10000recipe.com/recipe/6906439,"17,863",뽀유TV,2인분,15분 이내,아무나,"['귤 알맹이', '설탕']",요즘 제철과일로 귤을 자주 먹게 되는데요.새콤달콤한 귤은 그냥 먹어도 맛있지만 잼을 만들어 빵과 드셔도 정말 맛있답니다!귤잼 전자렌지로 뚝딱 만들어 봐요^^,"['귤과 설탕의 비율을 2:1로 해 주었습니다.더 많은 양의\n귤로 잼을 만드실때도 2:1의 비율로 해주심 될것 같아요.', '먼저 귤을 가위로 잘게 잘라줍니다.', '그 다음 준비한 설탕을 부어 줍니다.', '랩을 씌운 후 포크로 구멍을 뚫어 줍니다.이 상태로 전자레인지에 5분씩 3번 돌려 주었어요.(총 15분이 소요되었어요)\n전자레인지\n*귤의 양에 따라,전자레인지에 따라 시간은 약간씩 달라질수 있으니\n꾸덕해질때까지 돌려주심 됩니다*', '초간단 전자렌지 귤잼 완성^^저는 한두번 먹을 양만 만들었는데요.평소 잼 좋아하시면 더 많이 만들어서 보관하셨다가\n드시고 싶을때마다 꺼내드심 좋겠죵', '식빵을 준비해 잼을 발라 먹어보았는데 상큼한 귤향이 나면서 새콤달콤하니 참 맛있어요!이렇게 빵에 발라먹어도 맛있고 귤잼 한스푼에 뜨거운물을 부어 차 처럼 마셔도 좋답니다^^귤 샀는데 맛없을때도 이렇게 귤잼 만들어 드심 굿!']","['귤잼', '전자렌지귤잼', '전자렌지요리', '전자렌지레시피', '초간단', '간식', '잼', '귤요리']","['1종이컵', '1/2종이컵']"
255,양념/잼/소스,,,,궁극의 앙글레즈 버터크림 만들기,https://www.10000recipe.com/recipe/6925094,"7,907",버니파이Bunnify,4인분,60분 이내,아무나,"['계란 노른자', '설탕', '우유', '바닐라 빈 페이스트', '실온 무염버터']","마카롱 또는 다쿠아즈의 필링, 케이크나 파이 등 다양한 디저트의 베이스로 사용 가능한 만능 버터크림!","['작은 볼에 계란 노른자와 설탕을 넣고 잘 섞어 주세요', '밀크팬에 우유와 바닐라 빈 페이스트 넣고 섞어 주세요', '약불에서 데운 후, 불에서 내려 주세요(냄비 가장자리가 살짝 끓어 오를 때까지만 데우세요, 팔팔 끓이지 마세요)', '노른자 혼합물에 우유를 조금씩 부으면서 저어 주세요', '다시 밀크팬에 부어 주세요', '되직해질 때까지 약불에서 저어가며 끓여 주세요', '약 80°C가 되면 불에서 내려 주세요(팬의 바닥을 그었을 때 지나간 자국이 어느정도 유지되는 정도예요)', '체에 걸러 얼음물에 받쳐 식혀 주세요', '식은 커스터드 크림에 버터를 여러 번에 나누어 넣으면서 믹싱해주세요', '밀폐 용기에 담아 냉장 보관해주세요']","['앙글레즈버터크림', '앙글레이즈', '앙글레즈', '마카롱', '마카롱필링']","['60g', '45g', '70g', '1/4tsp', '200g']"
256,양념/잼/소스,,,,여름 별미! SNS에서 난리 난 국수 5대장 양념장 비법 레시피 모음!,https://www.10000recipe.com/recipe/6913272,"43,025",방구석미슐랭by띠리띠리야,1인분,5분 이내,아무나,"['국수면', '고추장', '다진마늘', '매실청', '맛간장', '요리당', '참기름', '설탕', '식초', '땅콩분태', '진간장', '고춧가루', '다진마늘', '대파', '청양고추', '통깨', '진간장', '고춧가루', '청양고추', '식초', '요리당', '참기름', '오이', '양파', '당근', '진간장', '고춧가루', '다진마늘', '매실청', '다진 청양고추', '식초', '통깨', '다진 김치', '설탕', '다진마늘', '참기름', '냉면 육수', '김치국물', '요리당']","SNS에서 핫한 국수 양념장 5가지를 한 번에 추렸습니다.
원본보기를 통해 보실 수도 있습니다.","['고추장 2큰술, 다진마늘 반 큰술, 매실청 2큰술, 맛간장 반 큰술, 요리당 1큰술, 참기름 1큰술, 설탕 반 큰술, 식초 2큰술, 땅콩분태 적당히\n넣고 쓰까~!', '진간장 3큰술, 고춧가루 반 큰술, 다진마늘 반 큰술, 썬 대파 1/3대, 다진 청양고추 1개, 통깨 반 큰술\n넣고 쓰까~!\n멸치 육수는\n멸치 + 다시마 + 건표고버섯\n1:1:1 비율로 적당히 넣고 끓이면\n감칠맛 폭발하는 멸치육수 완성~!\n감칠맛에 대한 식재료 조합 영상은 조만간 올릴게요.', '진간장 3큰술, 고춧가루 반 큰술, 다진 청양고추 1개, 식초 1큰술, 요리당(올리고당) 1큰술, 참기름 1큰술\n넣고 쓰까~!', '오이1개, 양파 1/4개, 당근 50g. 진간장 1큰술, 고춧가루 1큰술, 다진 마늘 반 큰술, 매실청 1큰술, 다진 청양고추 1개, 식초 1큰술, 통깨 1큰술\n매실청 넣는 이유는 달콤 새콤함 때문이니, 매실청이 없다면 설탕 1큰술에 식초 0.5큰술 늘려주세요.\n육수는 냉면육수 사용', '[양념 김치 만들기]\n다진 김치 100g, 설탕 반 큰술, 다진 마늘 1/3큰술, 참기름 반 큰술\n[김치 육수 만들기]\n냉면육수 한 봉지, 김치국물 3큰술, 설탕 반 큰술 (올리고당 넣었는데 잘 안 녹아서 설탕으로 교체)\n얼음 둥둥 띄워서 맛나게 먹으면 핵꿀맛!']","['비빔국수', '간장국수', '간장비빔국수', '오이냉국수', '오이국수', '김치말이국수', '김치국수', '냉국수', '여름별미', '달걀삶는법']","['', '2큰술', '1/2큰술', '2큰술', '1/2큰술', '1큰술', '1큰술', '1/2큰술', '2큰술', '적당량', '3큰술', '1/2큰술', '1/2큰술', '1/3대', '1개', '1/2큰술', '3큰술', '1/2큰술', '1개', '1큰술', '1큰술', '1큰술', '1개', '1/4개', '50g', '1큰술', '1큰술', '1/2큰술', '1큰술', '1개', '1큰술', '1큰술', '100g', '1/2큰술', '1/3큰술', '1/2큰술', '1봉지', '3큰술', '1/2큰술']"
257,양념/잼/소스,,,,"삼겹살에 찰떡궁합, 파절이 소스 만들기(Feat. 리크)",https://www.10000recipe.com/recipe/6961633,"23,398",타뇨의 돌프와 걷는시간,4인분,5분 이내,아무나,"['고춧가루', '진간장', '설탕', '식초', '볶은 깨', '참기름']",고기 먹을 때 빠질 수 없는 게 있다면 파절이죠. 오늘은 파절이 양념을 만들어 봤습니다. 며칠 전 가깝게 지내는 가정에서 저희 부부를 집으로 초대했어요. 한국인들이 저녁 시간에 모였을 때 가장 맛있게 먹는 음식은 보통 삼겹살이죠. 뭘 좀 가져가면 좋을지 고민하다가 초대하신 분께 물어본 뒤 저는 파절이와 쌈야채를 준비하게 되었어요.,"['적힌 모든 재료를 한군데 넣고 섞어주면 파절이 소스 만들기 끝입니다. 인원 수에 따라서 소스 양은 늘리거나 줄일 수 있습니다.', '저는 파절이에 파만 넣지 않고 리크(Leek)와 참나물, 미나리를 함께 넣었습니다. 파는 채썰어 준비한 다음 차가운 물에 잠시 담갔다가 빼면 매운 맛이 조금 덜합니다.\n취향에 따라 콩나물, 양파, 당근(색감용)을 넣어도 잘 어울리고 맛이 좋습니다.', '뚝딱 만든 소스에 무친 파절이입니다.']","['파절이', '리크절이', '리크반찬', '참나물', '미나리', '대파', '삼겹살', '파절이소스', '파재래기소스', '파재래기']","['3큰술', '4큰술', '2큰술', '6큰술', '1큰술', '조금']"
258,양념/잼/소스,,,,상큼한 방울토마토 마리네이드~ 맛과 건강을 다 챙겨요!,https://www.10000recipe.com/recipe/6900311,"164,314",마이마이쪙,2인분,10분 이내,아무나,"['방울토마토', '양파', '올리브', '레몬즙', '설탕', '발사믹', '바질', '소금']","파스타에 피클은 식상해!!
간단한 레시피로 이탈리안 레스토랑에서 볼수있는 상큼한 맛을 느껴보아용!!","['재료를 준비해주세요.\n전 밥숟가락을 깍아서 계량했구요.\n비율만 잘 맞추시면 됩니당~', '물을 끓이면서 방울토마토를 손질해줍니다. 방울이는 열십자로 칼집을 냅니다.\n물이 끓으면 방울이를 넣고 30초에서 1분 정도만 데칩니다.\n방울토마토 손질법 레시피', '방울토마토 껍질을 벗기고 찬물에 헹궈 토마토 겉의 전분기를 씻어내고 물기를 뺍니다.', '볼에 잘게 다진 양파를 넣은 후, 올리브오일-발사믹-레몬즙-설탕-바질-소금을 넣고 버무리면 끝!!']","['스테이크', '파스타', '토마토', '다이어트', '항산화', '라이코펜', '방울토마토']","['1줌', '50g', '5스푼', '3스푼', '2스푼', '1스푼', '0.5스푼', '0.5스푼']"
259,양념/잼/소스,,,,치즈덕후를 위한 쫀득쫀득 떡앤치즈 만들기,https://www.10000recipe.com/recipe/6900500,"9,727",얌무,1인분,10분 이내,아무나,"['떡볶이떡', '체다치즈', '모짜렐라치즈', '우유', '소금', '설탕']",맥앤치즈 덕후를 위한 쫀득쫀득 떠먹는 떡앤치즈 만들기ㅣYAMMoo,"['떡볶이 떡이 물에 잠길정도로 물을 붓고 전자렌지에 2분간 돌려줍니다.\n전자레인지', '다른 그릇에 체다치즈, 우유, 설탕, 소금을 넣고 전자렌지에 2분간 돌려 소스를 만들어줍니다.', '가위로 떡을 잘라줍니다.', '전자렌지에 돌린 소스를 잘 저어 녹여줍니다.', '녹인 소스에 떡과 모짜렐라치즈를 넣어 잘 섞어줍니다.', '완성접시에 담아 전자렌지에 2분간 돌려 완성합니다.']","['떡앤치즈', '떡', '치즈', '얌무']","['1공기', '4장', '1줌', '80ml', '2꼬집', '2꼬집']"
260,양념/잼/소스,,,,"간장양념장 :: 콩나물밥, 도토리묵 양념장 등 만능간장 하나면ok",https://www.10000recipe.com/recipe/6966366,"193,667",밥혜봇,4인분,10분 이내,아무나,"['쪽파', '참기름', '매실청', '들기름', '후추', '설탕', '고춧가루', '깨', '다진마늘', '진간장']","한식의 기본 양념 베이스는 거의 비슷비슷한데요.
요리를 하다보면 이거 여기에도 저기에도 어울리겠는데? 하는 메뉴들이 있어요.
이번에 알려드릴 간장양념장이 그러한데요.
도토리묵 양념장 , 두부 양념장 , 콩나물밥 양념장 , 묵사발 양념장 , 부침개 양념장 , 꼬막 양념장 , 잔치국수 양념장 까지!
​
두루두루 잘 어울리는 만능간장이라 대충 들어가는 양념만 기억해두고
입맛에 맞게, 취향에 맞게 만들어 먹으면 좋은 간장양념장 입니다.
​","['쪽파는 깨끗이 씻어 쫑쫑 썰거나 다지면 됩니다.\n그릇 또는 밀폐용기에 바로 양념을 해도 되는데요.\n만약 전(부침개)등을 찍어 먹는 간장양념장을 만든다면 양념의 분량을 줄이고 비율만 맞추면 됩니다.', '그릇에 쪽파 두큰술, 참기름 한큰술, 매실청 반큰술, 들기름 반큰술,\n후추 톡톡, 설탕 한큰술, 고춧가루 1~2큰술, 깨 한큰술, 다진마늘 반큰술, 진간장 3~5큰술 양념을 모두 넣고 섞어주면 완성이예요.\n들기름은 없다면 제해도 되고, 취향대로 여러가지를 빼거나 첨가해 입맛에 맞는 만능간장을 만들어보세요.', '이렇게 만든 간장양념장은 콩나물밥 양념장, 무밥 양념장, 가지밥 양념장 등 각종 영양밥이나\n잔치국수 양념장, 묵밥 양념장, 도토리묵 양념장, 묵사발 양념장, 수제비 양념장, 칼국수 양념장 이나', '파전, 배추전, 감자전 등 간장에 찍어먹는 부침개와\n두부 양념장, 꼬막 양념장, 순두부 등 반찬을 할 때 곁들여도 참 맛있어요.', '특히, 도토리묵 양념장으로 찍어 먹어도 참 맛있는 만능 간장인데요.\n채소와 함께 버무려 도토리묵무침 양념으로 사용해도 너무 맛있답니다!\n여러군데 활용할 수 있으니 넉넉히 만들어두고, 각종 간장양념장으로 사용해보세요 :D']","['양념', '양념장', '간장양념', '간장양념장', '양념장만들기', '만능간장', '콩나물밥양념장', '도토리묵양념장', '두부양념장', '무밥양념장']","['2큰술', '1큰술', '1/2큰술', '1/2큰술', '톡톡', '1큰술', '1~2큰술', '1큰술', '1/2큰술', '3~5큰술']"
261,양념/잼/소스,,,,알토란 만능 냉국 육수 레시피(새콤달콤 맛집처럼 냉국 고민 뚝),https://www.10000recipe.com/recipe/6854439,"37,725",엄마의집밥이야기,2인분,10분 이내,아무나,"['식초', '설탕흰', '소금중간굵은:천일염', '얼음', '물']","여름철 별미로 먹는 새콤달콤 냉국...
알토란에서 만능 냉국 육수 레시피...
만능 냉국에 오이를 넣어주면 오이냉국이 되고,
파프리카를 넣어주면 파프리카냉국이 되고,
재료에 따라서 달라지는 초간단 냉국 육수~~","['새콤달콤 알토란 만능 냉국 육수 재료는 초간단..\n먼저 볼에 식초를 1/2컵 넣어 줍니다.\n* 매실식초를 사용하였어요.\n* 계량은 종이컵(200cc) + 밥숟가락으로 하였어요.', '설탕 4숟가락을 넣어 줍니다.', '소금 1숟가락을 넣어 줍니다.\n* 소금은 중간굵은..천일염으로 사용하였어요.', '물을 2컵 넣고 소금과 설탕을 녹여 줍니다.', '마지막으로 얼음 2컵을 넣어 줍니다.\n* 얼음을 싫어한다면... 물 1컵을 넣어 줍니다.', '잘 저어 주면 알토란 만능 냉국 육수 완성..', '맛을 보니.. 새콤달콤 맛집 냉국 맛입니다.', '만능 냉국 육수에 먹고 싶은 야채를 채썰어 담가 주기만 하면 아삭아삭 새콤달콤 입맛 살리는 냉국이 만들어 집니다..\n초간단 파프리카오이냉국이 만들어졌어요.']","['알토란레시피', '알토란만능냉국육수', '냉국육수', '육수', '냉국', '알토란만능냉국육수레시피', '만능냉국육수', '오이냉국', '여름반찬']","['1/2컵', '흰', '중간굵은:천일염', '2컵', '2컵']"
262,양념/잼/소스,,,,청양고추액기스 만들기,https://www.10000recipe.com/recipe/7079330,345,호수맘,6인분 이상,10분 이내,아무나,"['청양고추', '설탕']",청양고추가 많이 생겼을 때 만들어 두면 정말 유용한 청양고추 액기스 만들기를 소개합니다. 한번 만들어 냉장 보관하면 찌개 국 볶음 요리 무침까지 다양하게 활용할 수 있어. 요리가 훨씬 간편해집니다.,"['청양고추는 깨끗이 씻어 물기를 완전히 말려줍니다.', '고추는 송송 썰어서 설탕과 청양고추 1대1 비율로 넣고 골고루 섞어줍니다', '소독한 유리병에 담아 뚜껑을 닫습니다. 실온에서 2 ~3일 정도 두면서 하루에 한 번씩 저어 설탕을 녹여주세요. 이후 냉장고에서 2 ~3개월 숙성하면 깊은 맛의 청양고추 액기스가 완성됩니다.']","['청양고추액기스', '청양고추보관법', '청양고추요리', '고추액기스', '만능양념']","['500g', '500g']"
263,양념/잼/소스,,,,향긋하게 향이올라오는 얼그레이밀크 스프레드,https://www.10000recipe.com/recipe/6921556,"10,820",epicer,6인분 이상,60분 이내,아무나,"['우유', '생크림', '올리고당', '얼그레이티 백', '설탕']","아침에 빵에슥 발라먹으면 향긋한 얼그레이 향이 좋은 밀크 스프레드에요
만들기도간단하고 맛도 좋아요 만들어 보세요","['냄비에 모든재료를 넣고 섞어 주세요', '센불로 끓이다가 끓기 식작하면 중불로 줄이고\n되직하게 줄여 주세요', '되직하게 줄여 주세요', '병에 담고 식힌후에 뚜겅을 닫아 주세요']","['홍차스프레드', '밀크스프레드', '얼그레이스프레드', '우유쨈', '우유요리', '아침식사', '아침대용']","['500g', '250g', '50g', '2개', '100g']"
264,양념/잼/소스,,,,달래장 요리 레시피,https://www.10000recipe.com/recipe/7072695,"1,181",홈쿡친구,3인분,15분 이내,아무나,"['달래', '청양고추', '고춧가루', '진간장', '매실액', '다진마늘', '들기름', '통깨']","향긋한 양념장, 감칠맛 미쳤어요! 달래장 요리.","['깨끗하게 씻은 달래는 1cm 길이로 자르고, 청양고추도 잘라 주세요.', '믹싱볼에 썰은 달래와 양념들을 모두 넣어 주세요.', '골고루 섞어 마무리 해주세요.']","['달래장', '달래간장', '반찬', '레시피', '홈쿡친구']","['1단', '3개', '3큰술', '1/2컵', '3큰술', '2큰술', '4큰술', '3큰술']"
265,양념/잼/소스,,,,리코타치즈,https://www.10000recipe.com/recipe/6830992,"82,019",Sophie Park,4인분,2시간 이상,중급,"['우유', '생크림', '레몬즙', '소금']",남은 우유로 리코타치즈 만드는 방법이예요,"['냄비에 우유, 생크림을 넣고 한번 섞어준 뒤 중약불에 올려 끓어올린다', '우유가 끓어오르면 레몬즙과 소금을 원으로 둘러가며 넣고 숟가락으로 한번 동그랗게 휘저은 뒤 약불로 줄여 30분간 끓인다\n※ 여러번 휘저을 경우 덩어리지지 않으니 꼭 한번만 휘젖는다', '약 30분 순두부처럼 어느정도 덩어리가 지면 불에서 내려 살짝 식힌다', '채 위에 면보를 올리고 3을 국자로 떠서 조심스레 담아준 뒤 최소 1시간 가량 물기를 제거한다', '남은 물기는 한번 살짝 짜낸 뒤 원하는 모양의 틀에 면보를 입힌 채로 넣어 하루 이상 굳힌다']",[],"['500ml', '250ml', '1.5TS', '1/2ts']"
266,양념/잼/소스,,,,한그릇요리로 딱 시래기비빔장,https://www.10000recipe.com/recipe/6910011,"6,997",해피송가네농장,4인분,20분 이내,아무나,"['삶은시래기', '파', '마늘', '표고', '양파', '물', '액젓', '국간장', '된장', '고춧가루', '들기름', '육수']",시래기로 맛있게 한그릇요리 만듭니다. 짜지 않아 섬유질 많은 시래기를 맛있게 많이 먹을수 있어요.ㅎ~,"['삶은시래기를 쫑쫑 다져줍니다.', '준비 식재료', '삶은시래기가 말랑하지 않아 말랑하게 삶은후 조리할꺼예요.\n물300ml, 액젓0.5Ts, 국간장0.5Ts', '센불에서 물이 끓으면 약불에 놓고 약10분 시래기를 말랑하게 삶아줘요.\n센불-약불\n시래기가 삶겨진 정도에 따라 시간은 다소 차이가 있어요', '시래기가 말랑하고, 국물이 졸아들었으면', '비벼먹기 좋게 쫑쫑 다진 채소들을\n파30g, 마늘5개, 표고30g, 양파30g\n시래기 삶을때 채소들 다져주어요', '시래기에 넣어 볶아줄꺼에요', '재료들 넣어주고요 약 5분 볶아줍니다.\n된장2Ts, 고춧가루1Ts, 들기름2Ts\n약불', '육수 넣고 보글보글 어우러지게 끓여주어요 약1~2분. 뚜껑 열고 수분 날리며\n육수100ml\n중불', '밥위에 얹고 들기름 이나 참기름 추가해서 비벼먹음 굿.', '한그릇음식으로 참 좋습니다.']","['시래기', '비빔장', '한그릇요리']","['300g', '30g', '5개', '30g', '', '300ml', '0.5T', '0.5T', '2T', '1T', '2T', '100ml']"
267,양념/잼/소스,,,,녹차덕후들 기절각!☆ 녹차스프레드,https://www.10000recipe.com/recipe/6880282,"18,074",만개의레시피,6인분 이상,60분 이내,아무나,"['생크림', '우유', '설탕', '녹차가루']","녹차덕후들을 위한 녹차스프레드 레시피 영상!
빵에 찍어먹으면 쥬금..☆ 나 먼저 갈게 친구들..★
세상의 모든 레시피 만개의레시피","['냄비에 우유, 생크림, 설탕을 넣어 끓인다.\n우유 1L, 생크림 500ml, 설탕 150g\n냄비', '끓기 시작하면 녹차가루를 넣어 뭉치지 않게 거품기로 섞는다.\n녹차가루 20g\n거품기', '약불로 걸쭉해 질 때까지 끓여 완성한다..\n약불']","['음식', '요리', '레시피', '달콤', '녹차덕후', '녹차팬', '녹차', '스프레드', '잼']","['500ml', '1L', '150g', '20g']"
268,양념/잼/소스,,,,녹차스프레드/ 식빵과함께! 녹차잼만들기,https://www.10000recipe.com/recipe/6850500,"18,620",해블랑,2인분,60분 이내,중급,"['우유', '생크림', '녹차가루5~10g', '설탕30g']","선물용으로도 손색 없는 녹차잼!
설탕은 줄이셔도 상관없습니다! 2T넣었더니 조금 달더라구요","['재료준비!', '우유 + 생크림을 섞고\n설탕을 넣어준다.', '녹차가루를 넣고 섞어준다.', '약불에서 계속 저어가며 끓여주셔야합니다!', '약불에서 30~40분간', '약1/3정도로 쫄았을 때의 농도가 적당', '완성!']","['녹차스프레드', '오설록', '녹차잼', '잼만들기']","['500ml', '250ml', '5~10g', '30g']"
269,양념/잼/소스,,,,돼지고기볶음고추장 : 만능양념장으로 밑반찬 걱정 뚝!,https://www.10000recipe.com/recipe/6920175,"50,938",핸디B,4인분,10분 이내,아무나,"['돼지고기다짐육', '양파', '대파', '식용유', '다진마늘', '양조간장', '고추장', '올리고당', '고춧가루']","밑반찬 걱정도 덜고 맛있는 볶음밥이 생각날 때 한번씩 만들어두는 음식입니다.
돼지고기 다짐육을 활용한 맛깔난 양념장 하나면 볶음밥, 순두부찌개를 척척 만들 수 있답니다:)","['양파 1.5개, 대파 1/4뿌리를 잘게 썰어주세요.', '넒은 팬을 달구고 식용유 2숟갈 두른 후\n썰어놓은 양파와 파를 넣고 1분 30초간 볶아주세요.\n중~약불', '돼지고기 다짐육 300g, 다진 마늘 1숟갈을 넣고 잘 섞어가며 1분간 볶아주세요.', '양조간장 4숟갈로 먼저 간을 해주면서 재료가 타지 않게 1분간 계속 볶아주세요.\n진간장은 2~2.5숟갈 넣어주세요.', '곧바로 고춧가루 1숟갈, 고추장 4숟갈, 올리고당 1숟갈을 넣고 3분간 더 볶아주세요.', '완성!\n밀폐 용기에 담아 냉장 보관하세요.\n2~3큰술씩 떠서 볶음밥, 순두부찌개,김밥, 쌈밥 양념 등으로 활용하시면 좋습니다.']","['돼지고기', '양념', '만능', '밑반찬', '초간단', '다짐육', '볶음장', '고추장', '볶음밥', '쌈장', '김밥']","['300g', '1.5개', '1/4뿌리', '2숟갈', '1숟갈', '4숟갈', '4숟갈', '1숟갈', '1숟갈']"
270,양식,,,,다이어트 식단 단호박 닭안심 그라탕(에프버전),https://www.10000recipe.com/recipe/7078980,905,얌얌쿡,1인분,20분 이내,초급,"['찐단호박', '닭안심', '양파', '소금', '후추', '다진마늘', '모짜렐라치즈']","에어프라이기로 간단하게 만드는 단호박 닭안심 그라탕!
우유 없는 버전! 다이어트식단으로 부담적지만 포만감있고 맛있게 즐겨봐요","['단호박은 전자레인지 용기에 담아 7분 쪄줍니다', '찐 단호박은 한김 식힌 후 껍질을 벗기고 적당한 크기로 잘라줍니다', '올리브오일 두른 팬에 다진마늘, 양파를 넣고 볶아주세요', '마늘과 양파향이 은은하게 올라오면 미리 잘라둔 닭안심을 넣고 노릇해질 때까지 볶아줍니다', '에어프라이기, 오븐용 그릇에 단호박과 볶은 닭안심을 넣어주세요', '위로 모짜렐라 치즈를 뿌리고 에어프라이기 180도 8분 돌려주세요.']","['다이어트식단', '다이어트레시피', '다이어트간편요리', '단호박요리', '단호박그라탕', '닭안심요리', '단호박닭안심그라탕']","['250g', '160g', '1/2개', '1꼬집', '약간', '1T', '75g']"
271,양식,,,,양배추 오믈렛/다이어트 식단,https://www.10000recipe.com/recipe/7035406,"5,718",잔근육,1인분,15분 이내,초급,"['채썬 양배추', '계란', '소금', '후추', '모짜렐라치즈', '스리라차소스선택재료']",양배추 요리는 칼로리가 낮고 식이섬유가 많아 포만감이 좋 아 한 끼로 든든합니다.담백한 양배추 오믈렛에 스리라차 소 스를 곁들려 살짝 매콤함을 더했어요.,"['양배추는 채썰어 깨끗히 씻어 물기를 제거합니다.\n도마\n,\n조리용나이프\n,\n볼\n,\n채반', '볼에 채썬 양배추2줌, 계란2개,소금2꼬집,후추 톡톡 넣고 밑간합니다.\n볼\n,\n요리젓가락', '잘 섞어 양배추 반죽을 만들어줍니다.', '예열된 팬에 오일 두르고 중약불에서 양배추 반죽을 올립니다.\n프라이팬', '아랫면이 익으면 뒤집어줍니다.\n뒤집개', '모짜렐라치즈를 올립니다.', '반으로 접어 앞,뒤로 노릇 노릇 구워주면 양배추 오믈 렛 완성입니다.', '접시에 두툼한 양배추 오믈 렛 담고 스리라차 소스 뿌려 마무리합니다.소스는 취향에 따라 준비합니다.\n접시', '쭉~늘어나는 치즈로 먹는 재미도 있어요.', '계란,치즈의 고소함과 아삭한 양배추가 듬뿍 들어 푸짐하고 든든해요.']","['양배추오믈렛', '양배추요리', '다이어트식단', '양배추계란요맂.건강식단', '다이어트레시피', '한끼식단', '다이어트양배추요리']","['2줌', '2개', '1꼬집', '톡톡', '60g', '선택재료']"
272,양식,,,,"부드러운 목살 스테이크, 남편이 반한 황금 레시피 !",https://www.10000recipe.com/recipe/7077372,"1,182",homedabok,3인분,30분 이내,초급,"['돼지고기 목살', '후추', '올리브 오일', '양파', '새송이 버섯', '진간장', '케찹', '굴소스', '올리고당', '설탕', '다진 마늘', '버터']","코코에서 목살을 구매했는데, 2인이 먹기에 정말 너무 많더라구요,,ㅎㅎ
냉동 보관 해 놨었는데 뭘 만들면 좋을까 고민하다가 목살 스테이크로 당첨 !
남편한테 처음 해줬는데, 정말 계속 감탄하면서 먹어서 얼마나 뿌듯했는지 몰라요 ㅎㅎㅎ
그 비법, 만개의 레시피에 첫 요리로 등록해 볼게요 :-)","['냉장 보관한 목살은 바로 사용해 주시고, 냉동 보관했다면 하루 전 냉장실로 옮겨 해동해 주세요.\n키친타월로 앞뒤를 여러 번 꾹꾹 눌러 핏물을 제거하면 돼지고기 잡내를 줄이고 더욱 깔끔한 맛을 즐길 수 있어요.', '핏물을 제거한 목살을 도마 위에 올린 뒤, 칼등으로 얖뒤를 여러 번 두드려 주세요.\n힘줄이 뭉쳐 단단한 부분을 중심으로 두드리면 육질이 한결 부드러워지고,\n칼집 사이로 소스도 더 잘 배어들어 맛있게 즐길 수 있답니다.', '칼집을 낸 목살 앞뒤에 올리브 오일과 후추를 골고루 뿌린 뒤, 잘 스며들도록 가볍게 문질러 주세요.\n이후 15분 정도 그대로 두어 밑간이 배도록 해주세요.\n그동안 양파와 새송이버섯은 먹기 좋게 썰어 준비해 주세요.\n(당근 등을 추가하셔도 좋아요)', '달군 프라이팬에 오일을 두르고 목살을 올려 강불에서 구워 주세요.\n윗면에 핏물이 올라오기 시작하면 뒤집어 1분 정도 더 구운 뒤, 중불로 줄여 앞뒤를 30초~1분 정도씩 추가로 익혀 주세요.\n겉은 노릇하고 속은 촉촉하게 완성됩니다.', '다 익은 목살은 따로 덜어두고, 목살을 구운 팬에 올리브오일을 약간 더 둘러 주세요.\n팬에 남은 육즙과 함께 양파, 새송이버섯을 노릇하게 볶아줍니다.', '볶아둔 양파와 새송이버섯에 준비한 소스를 붓고, 한 번 보글보글 끓을 때까지 중불로 끓여 주세요.', '소스가 보글보글 끓어 오르면 버터 25g을 넣어 주세요.\n버터가 녹으면서 훨씬 깊고 고소한 풍미를 느낄 수 있답니다.', '따로 덜어둔 목살을 먹기 좋은 크기로 썬 뒤 접시에 담고,\n완성된 소스를 듬뿍 부어 주세요.\n밥과 함께 먹어도 좋고, 반숙 달걀 프라이와 샐러드를 곁들여도 맛있답니다.\n그럼 오늘도 맛있게 드세요 :-)']","['목살', '돼지고기', '집밥', '저녁메뉴', '손님초대', '고단백', '영양식', '목살스테이크', '목살요리']","['750g', '약간', '약간', '1/2개', '1개', '9T', '15T', '3T', '6T', '5T', '1.5T', '25g']"
273,양식,,,,양배추오믈렛..,https://www.10000recipe.com/recipe/6997077,"38,867",행복한미야미니맘,1인분,5분 이내,아무나,"['계란', '양배추', '소금', '모짜렐라치즈', '카놀라유', '케찹']","간단하게 한끼식사로 먹을수 있는 양배추오믈렛...
담백한게 맛있어요.","['계란 3개에 소금 두꼬집을 넣어 풀어요.', '양배추는 가늘게 채 썰어\n계란물에 넣어 섞어요.', '달궈진팬에 카놀라유 두르고\n영배추반죽물을 넣고\n모짜렐라치즈를 솔솔 뿌려요.', '아랫면이 익으면 반으로 접어\n약불에서 치즈가 녹을때까지 기다려요.', '치즈가 녹으면 접시에 담고', '케첩을 뿌려주면', '완성 ~!']","['양배추오믈렛', '다이어트']","['3개', '1줌', '2꼬집', '적당량', '적당량', '적당량']"
274,양식,,,,시금치 오일 파스타 레시피,https://www.10000recipe.com/recipe/7042590,"5,864",yaongkitchen,2인분,30분 이내,초급,"['시금치', '새우중', '방울토마토', '통마늘', '파스타면500원 동전 크기', '소금', '후추', '참치액', '올리브유']",비타민과 식이섬유가 풍부한 시금치를 건강하고 맛있게 먹을 수 있는 요리를 고민하다가 만든 온 가족이 맛있게 먹을 수 있는 시금치 오일 파스타입니다.,"['냉동새우는 잘 씻어서 키친타올로 물기를 제거하고 소금, 후추로 간해서 재워주세요.\n키친타올\n새우 손질법', '통마늘은 편 썰어주세요. (마늘 좋아해서 많이 넣었어요:))\n도마\n,\n조리용나이프\n통마늘 손질법', '방울토마토도 반으로 잘라서 준비해주세요.\n방울토마토 손질법', '냄비에 물을 넣고 소금과 오일 두 방울 넣고 끓으면 파스타 면을 넣고 7분간 익혀주세요.\n냄비\n,\n요리집게', '팬에 올리브유를 넉넉히 두르고 편 썬 마늘을 넣고 노릇노릇 익혀 주세요.\n프라이팬\n,\n요리스푼', '재워준 새우를 넣고 익혀주세요.', '파스타 면과 면수 한 국자 넣어서 볶아 주세요.\n국자', '참치액 1.5T를 넣고 간을 맞춰 주세요.', '반으로 썰어둔 토마토를 넣어주세요.', '불을 끄고 다듬어둔 시금치를 넣고 살짝만 익혀주세요.']","['시금치', '시금치요리', '시듬치파스타', '오일파스타', '건강밥상', '시금치효능']","['1/3단', '중', '1줌', '1줌', '500원 동전 크기', '1T', '톡톡톡', '1.5T', '넉넉히']"
275,양식,,,,영화속요리 10탄 줄리앤줄리아 속 크림소스 치킨스테이크,https://www.10000recipe.com/recipe/6876875,"145,832",포레스트키친,1인분,30분 이내,아무나,"['닭가슴살', '올리브유', '파슬리', '양파', '버터', '우유', '전분가루', '소금', '후춧가루', '치킨스톡생략가능']","안녕하세요 이번에 도전한 요리는 줄리앤줄리아에 나오는 요리에요
이번 시즌때는 줄리앤줄리아에 나온 요리들이 많이 나오는데요
제가 딱 좋아하는 요리들이 이 영화에 많이 등장하기 때문이에요
이번에 도전한 요리는 크림소스 치킨스테이크인데요
다이어트용으로 사논 닭가슴살을 이용했구요
쉽게 만들 수 있는 크림소스 레시피로 집에서도 즐기기 편하실거에요","['★양파 볶기\n버터를 녹인 후라이팬에 양파를 볶아주세요', '★소스만들기\n양파가 투명해지면 우유와 전분가루, 치킨스톡, 후추, 소금을 넣고 졸여주세요', '★닭가슴살 굽기\n다른 후라이팬에 올리브유를 두르고 닭가슴살을 앞뒤로 구워주세요', '★완성\n접시에 닭가슴살을 담고 소스를 올리고 파슬리를 뿌려주면 완성']","['닭', '닭가슴살', '영화속요리', '영화속음식', '닭가슴살스테이크', '닭가슴살요리', '크림소스', '크림소스재료', '닭가슴살치킨', '치킨스테이크']","['2조각', '적당히', '약간', '1/2개', '1스푼', '1컵', '2스푼', '약간', '약간', '생략가능']"
276,양식,,,,<다이어트 건강식>초간단 두부 치즈 그라탕!!,https://www.10000recipe.com/recipe/7046139,"13,798",바이너스,1인분,10분 이내,아무나,"['두부', '모짜렐라 치즈', '토마토파스타소스', '양파']","*단백질 가득한 초간단 레시피!!!
*불 없이 전자레인지로 간편하게 요리!!!
*고급진 맛에 너무 맛있어서 다이어트 중이라도 행복한 식사 가능!!!
강추해요^^","['두부 반모를 잘라서 흐르는 물에 씻어 놓기.', '물기 제거 후 넓은 그릇( 평소 국수 담는 크기 그릇)에 담아 포크로 두부 으깨기.\n면기\n,\n포크', '양파 반개를 잘게 썰어서 으깬 두부 위에 올려준다.\n도마\n,\n조리용나이프', '토마토 파스타 소스 5스푼을 골고루 발라준다. (저는 오뚜기 토마토 파스타 소스를 사용 했어요!/ 시중에 파는 토마토 소스는 기본 소금, 후추 간이 되어 있어서 따로 간을 하지 않아도 됨! 혹시 100% 토마토 퓨레를 사용할 경우 후추와 소금 한 꼬집씩 넣기!)', '그 위에 모짜렐라 치즈(70g)를 골고루 뿌려준다. (기호에 따라 더 넣으셔도 되세요.)', '랩을 씌운 후, 포크로 듬성듬성 3~4번 찔러서 전자레인지에 5분 돌려준다.\n위생랩\n,\n포크\n,\n전자레인지', ""초간단 영양만점 '두부 치즈 그라탕' 완성!!!""]","['두부치즈그라탕', '두부', '모짜렐라치즈', '두부그라탕', '다이어트식단', '다이어트레시피', '초간단레시피', '저혈당식사', '바이너스', '단백질', '다이어트', 'bynus', '만개의레시피바이너스']","['1/2모', '70g', '5T', '1/2개']"
277,양식,,,,눈사람 함박스테이크 감자샐러드로 홈파티 음식 다진 돼지고기로 간단하게,https://www.10000recipe.com/recipe/7041117,"6,555",열려라쿡,2인분,30분 이내,초급,"['돼지고기 다짐육', '소고기 다짐육', '양파볶은 다진 양파', '빵가루', '간장', '케첩', '달걀', '소금', '후추', '물', '양송이버섯', '양파', '버터', '간장', '설탕', '케첩', '물', '감자삶은 감자', '마요네즈', '파마산치즈가루', '체다치즈', '김', '당근', '검은깨']",홈파티 음식으로 즐기기 좋은 눈사람 함박스테이크를 소개 드려요. 소고기 다짐육과 돼지고기 다짐육을 함께 넣고 동그랗게 빚어 함박스테이크를 만들고 달짝지근한 스테이크 소스까지~~(다진 돼지고기만 이용하여도 괜찮음) 연말 파티 분위기를 내기 위해 감자샐러드를 활용 눈사람을 만들어 함박스테이크 위로 올려보았어요. ​,"['돼지고기 다짐육 200g , 소고기 다짐육 200g에 볶은 다진 양파 2T, 빵가루 2T, 간장 1T, 케첩 1T, 달걀 1개, 소금, 후추 조금 넣고.\n볼\n,\n계량스푼\n양파는 잘게 썰어 기름 두른 팬에 카라멜라이징될때까지 볶아 넣음.', '찰기가 생길 때까지 충분히 치대가며 섞어주세요.', '반죽이 만들어지면 4등분으로 나눠 함박스테이크 모양대로 동그랗게 모양을 잡아주세요.\n접시', '예열된 팬에 식용유를 두르고 함박스테이크를 구워주세요.\n프라이팬', '겉면이 노릇해지면 불은 약불로 줄이고 물 1/3컵 넣고 뚜껑 닫아 수증기로 속까지 익혀주세요.\n뒤집개\n두께가 두껍다 보니 수증기로 익혀야 속까지 골고루 익힐 수 있어요.', '젓가락으로 찔러보고 핏물이 올라오지 않으면 잘 익었다는 뜻!!', '이번엔 함박스테이크 소스를 만들어 볼 차례. 양파와 양송이버섯을 준비해 적당한 크기로 썰어주세요.\n도마\n,\n조리용나이프', '함박스테이크 구웠던 팬 그대로 버터 20g을 넣고 녹여주세요.', '양파, 버섯 순서대로 넣고 달달 볶아주세요.\n요리스푼', '간장 1T(20g), 설탕 2.5T(40g), 케첩 3T(60g), 물 120g을 넣고 센 불에서 저어가며 끓여주세요.', '원하는 농도가 되었을 때 불을 꺼주세요. 식으면서 좀 더 걸쭉하게 변함.', '삶은 감자는 부드럽게 으깨주고.\n볼\n,\n매셔', '마요네즈 적당량 넣고 잘 섞어주세요.', '눈사람 모양에 맞춰 동그랗게 빚어주고 파마산 치즈가루를 골고루 묻혀주세요.', '김, 당근, 검은깨로 눈사람 얼굴을 표현해 주고 체다치즈로 흐르는 눈 모양으로 잘라주었어요.', '접시 위로 함박스테이크 소스를 붓고 함박스테이크를 올리고', '체다치즈를 올려준 후 눈사람 감자샐러드까지 올려주면 눈사람 함박스테이크 완성!!']","['함박스테이크', '홈파티', '스테이크소스', '감자샐러드', '손님초대요리']","['200g', '200g', '볶은 다진 양파', '2T', '1T', '1T', '1개', '조금', '조금', '1/3컵', '1줌', '1/2개', '20g', '1T', '2.5T', '3T', '120g', '삶은 감자', '적당량', '적당량', '4장', '조금', '조금', '조금']"
278,양식,,,,다이어트식단~브로콜리 당근 닭가슴살 스크램블!,https://www.10000recipe.com/recipe/6952367,"38,201",왕눈이의맛있는이야기,2인분,10분 이내,아무나,"['닭가슴살', '당근', '브로콜리 자른것', '계란', '소금', '올리브유']","다이어트를 시작한 아들램을 위해서 닭가슴살을 대량구매를 했는데 갈릭맛으로 잘못구매를ㅜㅜ
그래서 제가 대신 먹고있네요ㅎㅎ
그덕에 저도 다이어트를 하게 되었네요ㅎㅎ","['삶아진 닭가슴살1팩을 준비해주시고 작게 잘라주세요', '브로콜리/당근도 준비후에 작게 잘라주세요', '계란2개에 소금 1꼬집을 넣고 잘풀어주세요', '팬에 올리브유를 넣고 닭가슴살/당근/브로콜리를 넣고 3~5분을 달달 볶아주세요', '풀어둔 계란물을 고루 부어주세요\n*채소는 센불에서 계란물을 넣고는 중약불에서 조리합니다', '계란물이 눌러붙지않게 살살 섞어가면서 볶아주세요', '채소와 단백질이 골고루 섞여진 맛있는한끼~다이어트식단으로 전혀 손색이 없는 그런 스크램블이네요\n채소를 저보다 더 작게 썰어서 만들어주시면 아이들반찬으로도 손색이 없을듯하네요ㅎ']","['다이어트', '비만예방', '아이들반찬', '초간단', '초스피드', '쉬운반찬', '영양반찬', '갈릭닭가슴살']","['1팩', '1/3등분', '1줌', '2개', '1꼬집', '1큰술']"
279,양식,,,,허니갈릭 연어,https://www.10000recipe.com/recipe/6910345,"30,031",제줌마,2인분,30분 이내,초급,"['연어', '소금', '후추', '올리브오일혹은 식용유', '물', '간장', '꿀', '옥수수 전분']",간단하지만 너무 맛있는 허니갈릭 연어에요 :),"['소금과 후추를 이용해 연어 밑간을 해줄게요', '팬에 올리브 오일을 넉넉히 둘러주세요', '중간불에 밑간을한 연어를 양쪽 다 익혀줄게요', '다 구워진 연어는 그릇에담아 따듯함을 유지할 수 있게 호일로 덮어주세요', '다진마늘을 넣고 30초만 볶아줄게요', '그 후, 물 5T와 간장 5T와, 꿀 3T을 넣어줄게요', '옥수수전분과 물을 잘 섞어줄게요', '옥수수전분을 양념에 넣어 농도를 맞춰주세요', '양념이 끓으면 연어를 넣고 조려줄게요', '양념을 연어에 끼얹어 주세요', '그릇에 담으면 완성입니다']","['연어', '연어요리', '허니갈릭연어', '초간단', '밑반찬', '다이어트', '생선']","['3덩이', '1꼬집', '1꼬집', '혹은 식용유', '5T', '5T', '3T', '2T']"
280,양식,,,,노오븐 홈메이드 간식 '생딸기오믈렛'초간단 레시피,https://www.10000recipe.com/recipe/6904722,"44,613",뽀유TV,2인분,15분 이내,아무나,"['핫케이크가루', '달걀', '우유', '딸기', '생크림', '슈가파우더']",한때 생딸기 오믈렛이 정말 인기가 많았는데요. 오늘은 핫케이크 가루를 활용해 No오븐 홈메이드 꿀맛 디저트'생딸기 오믈렛'을 만들어 봤습니다.,"['먼저 딸기는 꼭지를 제거하고 깨끗이 세척해 반으로 잘라 놓습니다.', '핫케이크 가루에 계란과 우유를 넣어 얅간 묽게 반죽해줍니다.우유는 처음부터 많이 넣지 마시고 반죽 농도를 보시면서 조절해주세요.', '달궈진 팬에 기름을 최소화해서 두르시고 반죽을 한 국자씩 떠서 올려줍니다.급하게 뒤집지 마시고 기포가 뽀글뽀글 생기면 그때 조심히 뒤집어 주셔요.', '핫케이크가 뜨거울때 모양을 살짝 구부려 줍니다.식은 후 하려고 하면 핫케이크가 부서지니 주의하셔요.', '생크림을 위생봉투에 넣고 끝 부분을 살짝 구멍을 내주신뒤 핫케이크 가운데 가득 짜 줍니다.그 다음 생크림 위에\n딸기를 2개정도 올려 줍니다. 그위에 슈가 파우더를 솔솔 뿌려주시면...', '핫케이크 가루로 오븐없이 만들어본 홈메이드 생딸기 오믈렛이 완성되었습니다.', '슈가파우더는 그냥 일반 흰설탕을 믹서기에 곱게 갈아주신뒤 체에 받쳐 흩날리듯 뿌려주심 됩니다.', '한입 먹어보니 오!!!입안가득 퍼지는달콤하고 부드러운 생크림에 상큼한 딸기, 핫케이크의 조합이라진짜 말이 필요없는 꿀맛이더라구요!!!']","['생딸기오믈렛', '간식', '디저트', '노오븐', '노오븐요리', '홈메이드', '홈메이드간식', '홈메이드디저트']","['1종이컵', '1개', '적당히', '적당히', '적당히', '적당히']"
281,양식,,,,10분 만에 초간단 명란 버터 파스타 만들기,https://www.10000recipe.com/recipe/7069914,942,밀집,2인분,10분 이내,아무나,"['파스타면1인분에 100g', '버터', '명란', '레몬즙', '후추', '건파슬리', '물', '소금']","밥하기는 귀찮고, 그렇다고 평범한 한식은 당기지 않을 때 부담 없이 즐길 수 있는 파스타가 생각나더라고요. 그래서 10분이면 후다닥 완성되는 고소하고 짭잘한 버터명란파스타를 만들어 봤답니다 :)
재료는 간단하지만 한 입 먹으면 은근히 중독되는 맛!","['중강불에서 물 1L에 소금 7g을 넣고 끓여준 뒤, 물이 팔팔 끓으면 파스타 면을 넣어 8분간 삶아주세요.\n8분 정도 삶으면 너무 딱딱하지 않으면서도 쫀쫀함이 살아 있는 세미 알단테 식감\n* 파스타면은 2인분 기준으로 200g을 사용했어요.\n(보통 1인분에 100g을 사용하지만, 위가 작은 분들이라면 80g 추천!)\n물 , 소금, 파스타면\n파스타냄비\n중강불', '파스타가 삶아지는 동안 명란은 껍질을 미리 까서 준비해 주세요.\n명란 껍질이 은근히 질긴 편이라 이렇게 속만 발라두면 먹기도 훨씬 편하고 식감도 좋아요.\n명란\n칼', '면이 다 삶아지면 큰 볼에 파스타를 옮겨 담고, 면수 한 국자를 넣은 뒤 버터와 함께 재빠르게 비벼주세요\n조금 뻑뻑하다 싶으면 면수를 조금씩 추가해 섞어 주시면 되어요\n버터 40g', '면에 버터가 어느 정도 잘 코팅되면 후추, 파슬리 그리고 레몬즙 2/3큰술을 넣고 한 번 더 가볍게 비벼줍니다.\n건파슬리, 레몬즙', '마지막으로 그릇에 파스타를 담고 위에 명란을 한 스쿱 올려주면 초간단 버터 명란 파스타 완성!\n버터의 고소함과 명란의 짭짤함이 조화롭게 어우러져, 간단하지만 맛은 최고인 메뉴\n명란']","['명란버터파스타', '명란파스타', '명란', '명란요리', '버터파스타', '간단파스타']","['1인분에 100g', '40g', '2개', '2/3T', '약간', '2T', '1L', '7g']"
282,양식,,,,어니언링 만들기 겉은 바삭하고 양파는 촉촉해요!,https://www.10000recipe.com/recipe/7005355,"8,679",cocokevin,1인분,15분 이내,초급,"['양파', '달걀', '튀김가루', '빵가루', '파슬리가루', '식용유']",양파 하나만 있으면 바로 집에서 요리할 수 있도록 재료들이 간단하고 과정도 그렇게 많지 않아 쉽게 따라 할 수 있는 요리에요!,"['양파는 큰 것으로 1개 준비하여 링 모양으로 두께는 2cm정도로 썰어줘요.\n도마', '두께 2cm 정도로 썬 것을 한 겹씩 떼어줘요.\n이때 힘을 세게 주면서 떼어내면 링 모양의 양파가 끊어질 수 있으니 조심스럽게 떼어내줘요!', '빵가루와 파슬리가루를 볼에 넣고 서로 잘 섞이도록 해줘요.', '달걀을 풀어 준비해줘요.', '링 모양의 양파를 튀김가루에 골고루 묻혀주세요.', '계란물에 튀김가루 묻힌 양파를 넣어줘요.', '빵가루와 파슬리가루 섞은 것을 마지막에 묻혀줘요.', '어니언링 하나하나 튀김옷을 입히는 동안 전골팬이나 웍에 식용유를 붓고 약 180도 정도로 예열해줘요.\n웍\n,\n전골팬', '예열된 기름에 튀김옷 입힌 양파를 넣고 노릇노릇하게 튀겨줘요. 다 튀긴 어니언링은 키친타월이나 채반에 잠시 놓아 기름이 빠지도록 잠시 놔두세요. 그래야 바삭함을 오래 유지할 수 있답니다.\n180도 예열된 온도\n양파는 금방 익기 때문에 색이 노릇해지면 앞, 뒤로 뒤집어 튀겨주면 돼요.']","['양파', '술안주', '간식']","['1개', '3알', '1/2컵', '1컵', '1스푼', '적당량']"
283,양식,,,,치아바타 샌드위치,https://www.10000recipe.com/recipe/7079406,503,호수맘,1인분,10분 이내,아무나,"['치아바타빵', '슬라이스치즈', '양상추', '햄', '토마토', '계란', '딸기쨈', '데리야끼소스']",치아바타 샌드위치는 바삭한 겉면과 쫄깃한 속살이 특징인 치아바타와 신선한 채소와 햄 치즈 등을 넣고 간단하면서 든든하게 즐길 수 있는한끼식사입니다,"['치아 바타는 반으로 갈라 버터나 올리브유를 살짝 바른 뒤 팬 에 노릇하게 구워주세요.', '구운 치아바타 안쪽에 소스를 바른 뒤 양상추 치즈 계란은 3등분해서 올려 주세요.', '토마토도 썰어서 올려 주시고 햄은 구워서 올려주시고 햄 위에 데리야끼 소스를 살짝 발라주고\n치아 바타빵을 올려주시면 맛있는 치아바타 샌드위치 완성입니다.']","['치아바타', '샌드위치', '브런치', '홈카페.', '도시락메뉴']","['1개', '1장', '2장', '1장', '2/1개', '1개', '1T', '1T']"
284,양식,,,,#새우 브로콜리볶음 #크리스마스음식 만들어놓으면 순십간에 사라지는 요리,https://www.10000recipe.com/recipe/7016404,"6,596",청담거사,아무나,,,"['새우', '브로콜리', '마늘', '생강', '전분', '물', '굴소스', '소금', '설탕', '참기름', '후추']",#새우 브로콜리볶음 #크리스마스음식 만들어놓으면 순십간에 사라지는 요리,"['새우가 크면 좋겠는데 재래시장이나 마트에 적당한 크기의 새우들 잡아오시면 됩니다. 살아있는 새우도 냉동 새우도 가능하구요.', '새우 사오시면 제일먼저 흐르는 물에 한번씻어 껍질을 까 줍니다. 배에서 겁질을 잡고 윗쪽으로 제쳐주면 되구요.', '그런다음 등쪽에 내장을 제거합니다. 꽁지부분 껍질은 놔두시고~~\n이쑤시개', '브로콜리는 기둥 하나에 가지를 하나하나 잘라 주고 반 정도만 사용할겁니다.\n도마\n,\n조리용나이프', '식초 1수저 푼 물에 10분정도 담가두세요. 불순물과 먼지가 가라앉거나 뜨게 됩니다.\n믹싱볼', '그런다음 소금 한스푼넣고 끓인 물에 휘리릭~~30초만 데쳐 주시고\n냄비\n,\n요리스푼', '기본 재료를 준비 합니다.', '마늘은 편 썰고 생강은 필히.. 새우 맛이 달라 지지요.', '손질한 새우와 브로콜리는 키친타올로 반드시 물기를 제거 해주세요.\n키친타올', '새우에 전분가루를 뭍혀주고', '기름 두른 팬에 새우를 넣고 후추를 뿌려준 후 뛰기듯 지져 줍니다.\n궁중팬', '지글지글~~ 등이 굽어진채로 지져줍니다.', '한번 더 구워줄꺼니 살짝만 굽다가\n요리젓가락', '그릇에 따로 담아 냅니다.', '올리브기름 두른 팬에 중불로 편 썰어둔 마늘과 생강을 넣고 볶다가', '한번 볶아낸 새우와 브로콜리를 넣고 간 을 할겁니다.', '일단 맹물 한수저를 넣어 주세요.굴 소스 한수저 가득 넣어주고 소금 1/3수저를 넣고, 설탕은 반수저만~~참기름 1수저를 넣고 간 은 마무리~~양념이 잘 섞이게 복아주다 마지막은 강불로 올리고 휘리릭~~ 끝.\n요리스푼', '특별한 음식은 특별하게 셋팅해야죠~~ 브로콜리 드문드문 놓고 새우는 갈라진 면이 보이게 꼬리는 위로~', '크리스마스 이브에는 조촐하게 사부님과 어른들만 한잔하며 보냈는데요. 아이들이야 크리스마스를 즐기느라 행복한 시간들을 보내고 있을테지만 차분하게 보내는것도 참 좋은것 같네요.\n완성접시']","['새우브로콜리볶음', '성탄절', '성탄절음식', '파티', '전채요리', '크리스마스', '음식', '새우브로콜리볶음레시피', '입맛돋는음식', 'MarryChristmas', '만두', '댕댕이', '슬기로운주방생활', '게미진맛', '집밥', '집밥맛집', '브라보청다미라이프', '청담거사', '청다미', '유쾌상쾌통쾌']","['10~15마리', '1/2개', '5개', '1스푼', '조금', '1숟가락', '1숟가락', '1/3숟가락', '1/2숟가락', '1숟가락', '조금']"
285,양식,,,,감자구이 오믈렛,https://www.10000recipe.com/recipe/3874774,"152,248",쿡라이프,2인분,15분 이내,초급,"['감자(소)', '달걀', '양파', '모짜렐라치즈', '슬라이스치즈', '소금', '후추']",이색적인 브런치 감자구이 오믈렛입니다.,"['감자는 0.2cm 정도의 두께로 통썰기 합니다.', '양파는 채썰어 달구어진 팬에 기름을 두르고 볶습니다.', '달걀을 깨뜨려 그릇에 담은 다음 소금, 후추로 간을 합니다.', '감자는 여러번 물에 헹군 다음 달구어진 팬에 기름을 두르고 감자를 넣고 앞, 뒤 노릇노릇하게 굽습니다.', '볶아두었던 양파를 조금 넓게 골고루 편 다음 달걀물 1/3만 붓습니다.', '그 다음 구워 두었던 감자를 놓고 달걀물을 마저 부은 다음 뚜껑 닫고 약불에서 천천히 익힙니다. 다 익어갈때쯤 모짜렐라치즈와 슬라이스치즈를 뿌립니다.']",[],"['2개', '3개', '1/4개', '조금', '1장', '약간', '약간']"
286,양식,,,,[무드앤쿡#.73] 연어 시리즈 4편 : 고소한 크림 소스에 빵을 푹 찍어 먹으면 GOOD! <연어크림스튜>,https://www.10000recipe.com/recipe/6965695,"4,174",무드앤쿡,1인분,60분 이내,초급,"['연어', '양파', '시금치', '방울토마토선택', '생크림', '치킨 육수', '소금', '후추']",고소한 크림소스와 연어가 너무 잘 어울리는 스튜랍니다! 근사한 비주얼 덕분에 손님용 요리로도 좋아요 :) * 이 레시피는 2020년 10월 식품의약품안전처 sns 요리 컨텐츠로 제공한 레시피입니다 *,"['스테이크용 연어를 구워줍니다', '다진 양파를 팬에서 볶아줍니다.\n이때 버터를 한 스푼 넣으면 풍미가 좋아집니다.', '구운 연어, 볶은 양파, 육수, 생크림, 시금치, 방울 토마토를 넣고 약불에서 졸여 줍니다.', '소금, 후추를 기호껏 뿌리고 빵을 곁들여 먹습니다.']","['연어', '연어스튜', '연어크림스튜', '피부', '미용', '오메가3', '환절기', '비타민', '크림스튜', '스튜']","['1토막', '1/2개', '1줌', '선택', '150ml', '150ml', '약간', '약간']"
287,양식,,,,허니갈릭또띠아피자 레시피,https://www.10000recipe.com/recipe/7036196,"2,263",평범한흔남,2인분,20분 이내,아무나,"['또띠아', '다진마늘', '꿀', '올리브유', '모짜렐라치즈']",허니갈릭또띠아피자 레시피 입니다.,"['마른팬에 또띠아를 앞,뒷면 살짝 구워주세요.\n프라이팬\n,\n뒤집개', '구운 또띠아는 도마 위에 올려놔주세요.\n도마', '팬에 올리브유 1T 둘러주세요.', '다진마늘 2T 넣습니다.', '마늘향이 잘 올라올 때까지 볶아 줍니다.\n프라이팬\n,\n요리스푼', '잘 볶은 마늘을 또띠어 위에 올려주세요.', '꿀 1T 뿌려줍니다.', '다진마늘과 꿀을 잘 펼쳐주세요.', '키친타월을 이용해서 팬을 한번 닦아 주세요.\n키친타올', '또띠아를 팬에 올리고, 그 위에 모짜렐라치즈 2T 가량 골고루 뿌려 주세요. 뚜껑을 덮고, 약불로 서서히 치즈를 녹여줍니다.', '치즈가 다 녹으면 완성입니다.']","['또띠아', '또띠아피자', '허니갈릭또띠아피자', '또띠아피자만들기', '또띠아피자레시피']","['1장', '2T', '1T', '1T', '2T']"
288,양식,,,,시금치오믈렛 ♧ 치즈 들어간 초간단 야식 ♧,https://www.10000recipe.com/recipe/6921432,"36,032",요리조이,1인분,5분 이내,초급,"['시금치', '달걀', '치즈']","신선한 시금치 넣고 달걀로 오믈렛 만들어서 야식으로 먹었어요 ~#
너무 간단해서 만들기 참 참 참 쉬워요 ~#","['시금치의 부드러운 끝부분 준비해요 적당한 크기로 채썰어요', '치즈 준비하고', '달걀 2개를 젓가락 으로 잘 풀어주고', '젤 작은 달걀 후라이용 팬에 기름 두른 후 계란물 올리고 조금 있다가 썰어 놓은 시금치를 그 위에 올려놓고', '센불을 키고 곧 중약불로 줄이고 시금치는 잘 펴줘요', '그 위에 치즈 올려서', '달걀이 응고되가고 있으면\n반으로 접어요', '불 끄고 접시에 담아서\n냠 냠']","['인기반찬', '인기메뉴', '추천반찬', '추천메뉴', '황금레시피', '시금치', '오믈렛', '건강식', '간식', '야식', '초간단식', '아침식사']","['1줌', '2개', '1개']"
289,양식,,,,<다이어트 건강식>초간단 닭가슴살 토마토 스튜,https://www.10000recipe.com/recipe/7046634,"2,402",바이너스,1인분,15분 이내,아무나,"['닭가슴살', '토마토', '브로콜리', '통마늘', '소금', '굴소스', '올리브유', '다진마늘']","프랑스 스타일의 스타일리쉬한 영양 만점 저속노화 스튜 입니다.
고급스런 맛과 건강한 맛의 조화~ 너무 맛있어서 자꾸 먹고 싶은 요리 입니다! 강추!!!","['브로콜리는 깨끗한 물에 식초 1스푼 넣고, 머리 부분 잠기게 해서 5분 담가 놓기.\n볼\n브로콜리 손질법', '흐르는 물에 헹궈서 칼로 갈래갈래 썰어 준 후, 팔팔 끊는 물에 1분 이내로 데쳐 준다.\n도마\n,\n조리용나이프\n,\n냄비', '데친 후, 체에 걸러 찬물에 헹궈 준다.(색이 선명해져요!)\n채반', '토마토는 깨끗한 물에 식초 1스푼 넣고, 2분이내 담갔다가 꺼내어 흐르는 물에 깨끗이 씻은 후, 크게 깍뚝 썰어 놓기. (방울 토마토 대체 가능)\n토마토 손질법', '닭가슴살 100g은 고기결대로 잘게 썰어 놓기. (닭고기는 고기결대로 썰어야 더 연해요! 참고로 저는 직화구이 닭가슴살 팩을 사용 했어요.)\n접시', '통마늘 10개는 깨끗이 씻은 후, 편 썰어 놓기. (편 썰기 힘들면 그냥 넣어도 상관은 없어요! 그리고 마늘은 기호에 따라 양 조절 하세요~)', '다진 마늘은 한 큰술 준비!', '이렇게 모든 재료 준비 해 놓기. (재료 준비 총 10분 이내로 끝내면 조리 5분으로 음식 완성 됩니다^^)', '웍에 올리브유 2스푼 두른 후,약불에서 다진 마늘 볶아 주기. (올리브유로 조리시는 강불 조리는 영양소 파괴되니 약불에서만 조리해 주세요~그리고 프라이팬 보다 웍으로 조리 하는 게 더 쉬우니 참고 하세요.)\n궁중팬', '그리고 다진 마늘 노릇해지면 썰어 놓은 마늘 넣고, 같이 볶아 주세요.\n조리주걱', '썰어 둔 토마토 넣고, 빠르게 같이 볶아 준다. (토마토에서 수분이 나오면서 맛있는 냄새가 나기 시작해요~)', '토마토가 흐물거릴 때 쯤에 브로콜리 넣는다. (브로콜리에서도 수분이 뺘져나와 자연스럽게 국물이 만들어져요~절대 물 추가로 넣지 마세요!)', '재료들 수분이 빠져나와 자작해질 때 소금 2꼬집과 굴소스 1 큰술 넣고, 빠르게 섞어 주세요. (전체적인 간을 맞추는 구간이라 담백하게 드실 분은 소금 살짝 ""툭"" 느낌으로 뿌려 주세요~^^)', '바로 닭가슴살 넣고, 중불에서 재료 골고루 섞어 주세요~ 맛있는 냄새가 날 거예요^^', '이 때 국물이 자작할 정도로만 조리면 완성!!! (국물이 사라질 때까지 졸이실 경우 재료 식감이 떨어지니 주의 하세요!)', ""프랑스 스타일의 스타일리시한 '닭가슴살 토마토 스튜' 완성!\n스프볼""]","['닭가슴살토마토스튜', '다이어트레시피', '토마토스튜', '닭가슴살레시피', '건강식요리', '스튜레시피', '초간단레시피', '쉬운요리레시피', '간단한음식레시피', '만개의레시피바이너스', 'bynus', '저속노화레시피', '저속노화스튜']","['100g', '1개', '1개', '10개', '', '', '', '']"
290,양식,,,,가지 그라탱 / eggplant Gratain,https://www.10000recipe.com/recipe/6906406,"64,418",요알남Mingstar,2인분,30분 이내,아무나,"['가지', '양파', '토마토소스', '모짜렐라 치즈', '버터', '마늘', '소금', '후추', '바질']","가지를 싫어하는 아이도 맛있게 먹을 수 있는 요리입니다
가지를 색다르게 먹어보세요~
본 게시물은 저작권 보호를 받고 있습니다. 저작자의 사전 동의 없이 이미지 및 문구의 무단 도용 및 복제를 금합니다. 무단으로 사용할 경우 법적 책임을 질 수도 있습니다.
This post is copyright protected. Unauthorized theft and reproduction of images and phrases is prohibited without prior consent from the author. You may be liable for unauthorized use.","['가지는 적당한 크기의 주사위 모양으로 자르고,\n마늘은 다져 준다.', '양파는 적당한 크기로 다져 준다.', '양파를 넣고, 소금, 후추를 넣은 뒤 가지를 넣어준다', '야채가 살짝 숨이 죽을 정도로 볶아준 뒤 토마토소스를 넣는다', '오븐 그릇에 (4)를 담아준 뒤, 모차렐라 치즈를 뿌려준다', '180도 오븐에 10분간 굽는다\n오븐', '(6)에 바질가루를 뿌려준다']","['가지요리', '가지', '간식', '가지그라탱', '가지그라탕', '그라탕', 'eggplant', 'Gratain', 'eggplant', '요알남', 'mingstar']","['2개', '1개', '7Ts', '200g', '10g', '2쪽', '3g', '3g', '3g']"
291,양식,,,,쫄깃한 식감과 버터의 풍미가 느껴지는 닭고기스테이크,https://www.10000recipe.com/recipe/7002443,"13,853",만개의레시피,2인분,30분 이내,아무나,"['닭다리살 정육', '소금', '후추', '바질가루', '버터', '올리브유', '감자', '아스파라거스', '간장', '올리고당', '케찹', '후추']","닭다리살을 활용한 닭고기스테이크 큼직한 닭다리살과 가니쉬를 노릇하게 굽고 간장과 케찹을 활용한 소스를 뿌려주면 완성! 촉촉하고 쫄깃한 닭다리살과 버터의 풍미가 매력적인 한끼, 닭고기스테이크","['닭다리살은 소금, 후추, 바질가루를 뿌려 재료 준비하는 동안 재워요.', '감자, 아스파라거스는 먹기 좋게 손질해서 준비해요.\n가니쉬는 기호에 따라 좋아하는 채소들로 준비해 주세요.\n감자 손질법 레시피', '예열된 팬에 올리브유를 넣고 밑간한 닭고기를 넣어요.\n닭고기 구울 때는 껍질부터 구워주세요.', '감자는 익는 시간이 길어 고기와 함께 넣어 익혀요.', '약 1분간 센불에서 굽고 뒤집어 한쪽을 1분간 더 구워요.', '약불로 줄이고 준비한 채소, 버터를 넣어 함께 익혀요.(약 5분)\n뚜껑을 닫아 속까지 익혀 주세요.', '아스파라거스는 빨리 꺼내고 감자와 닭고기는 2~3분 더 익혀내요.', '익혀진 재료를 모두 꺼내고 소스 재료를 넣어 살짝 끓여 내요.', '접시에 익혀낸 재료들을 담고 소스를 뿌려 완성해요.']",['닭고기스테이크'],"['300g', '약간', '약간', '약간', '1숟가락', '3숟가락', '', '', '3숟가락', '3숟가락', '1숟가락', '약간']"
292,양식,,,,전자렌지 '가지 라자냐'초간단 레시피!가지 싫어해도 반할각!,https://www.10000recipe.com/recipe/6911891,"75,783",뽀유TV,2인분,10분 이내,아무나,"['가지', '토마토스파게티소스', '모짜렐라 치즈', '파슬리가루']",가지를 싫어하는 사람도 반할만한 전자렌지 가지 라자냐 초간단 레시피를 소개하겠습니다^^,"['먼저 깨끗이 씻은 가지는 감자칼로 얇게 슬라이스 해줍니다.두께가 얇아야 빨리 익을 뿐 더러 소스 간이 잘 베이더라구요. 얇게 슬라이스 한 가지는 먹기좋게 한입 크기로 잘라 줍니다.', '전자렌지 가능한 용기에 가지를 얇게 깔아 줍니다. 가지를 구워서 사용하기도 하지만 가지 두께가 얇게 때문에 굽지 않아도 괜찮더라구요', '가지위에 토마토 스파게티 소스를 발라주시고 그위에 모짜렐라 치즈를 골고루 뿌려줍니다. 이 과정을 2-3번 똑같이 반복하면서 쌓아줍니다.', '마지막 윗면 피자치즈는 본인 기호대로 풍성하게 뿌려주세요. 이 상태로 랩을 씌워 5-6분 돌려주시되 한번에 다 돌리지 마시고 2분씩 끊어 돌려주시면 됩니다.\n전자레인지', '전자렌지 가지 라자냐가 완성되었어요. 냄새가 너무 맛있게 나는데요.', '한입 먹어보니 어머낫! 쫄깃쫄깃한 가지에 고소한 치즈가 만나 넘 맛있네요!진짜 평소에 가지를 싫어하셨더라도 이건 반할각이랍니다ㅎ무엇보다 전자렌지로 간단하게 만들수 있어 좋아요']","['가지라자냐', '가지', '가지요리', '라자냐', '전자렌지요리', '간식', '간단요리', '야식']","['1개', '', '적당량', '']"
293,양식,,,,[스카치에그] 메추리알로 스카치에그만들기! 간식&술안주! -양싸,https://www.10000recipe.com/recipe/6835328,"50,781",양싸,2인분,15분 이내,아무나,"['메추리알', '달걀', '굵은소금', '돼지고기갈은것', '식용유', '계란물', '튀김가루', '빵가루']","스카치에그는 소세지나 갈은 돼지고기로
달걀을 감싸 밀가루와 계란물 빵가루를 묻혀
튀겨낸 영국 간식이래요~
계란으로 만들어도 되고
메추리알로 만들어도 되고
아무래도 메추리알로 만들면 조그만게
깜찍해서 더 아이들이 좋아할것같애요
안에 메추리알이 들어있는걸 안다면 놀라지않을까요?^^
간단한 맥주안주로도 좋더라구요
계란은 8분정도만 삶아 반숙상태로
돼지고기 감싸 튀겨내니 잘랐을때 진짜 비주얼 최고!!
그자리에서 훌렁 제가 먹어버렸어요 ㅋㅋ","['메추리알과 계란은 10분 삶아주세요\n계란반숙을 원하시면 8분만~\n차가운물에 식혀 껍질까서 준비해주세요', '*계란을 풀어 계란물을 준비해주세요\n*튀김가루와 빵가루도 준비해주세요\n*돼지고기 갈은것도 준비해주세요', '식은 메추리알을 까서 준비해줍니다', '돼지고기를 적당히 떼어내서 얇게 펴줍니다', '메추리알 하나 넣고', '사라락 감싸서 슬슬 여며주세요 갈은 돼지고기라서 잘 붙어요~^^', '튀김가루에 뒹구르르 굴려주고', '계란옷 입혀주고', '마무리로 빵가루옷도 입혀주세요', '식용유는 빵가루나 나무젓가락 넣어 기포가 뽀르르~ 올라오면 재료를 넣고 노릇 노릇 튀겨주세요', '완성!\n꽉찬 느낌~!\n정말 귀엽죠?\n아이들도 이게뭐냐면서 물어볼것같네요 ~\n말안해주면 모르지~^^']",[],"['10개', '2개', '1ts', '갈은것', '', '', '', '']"
294,양식,,,,시금치프리타타 다이어트레시피,https://www.10000recipe.com/recipe/6940834,"66,805",신땡쿡,1인분,15분 이내,중급,"['계란', '시금치', '방울토마토', '파프리카', '슬라이스햄', '우유']","시금치와 토마토, 계란만 있으면 뚝딱
영양 만점, 맛도 만점인 다이어트 레시피","['계란2개, 시금치, 파프리카, 방울토마토, 햄조금, 우유를 준비해주세요', '파프리카와 햄은 다져주세요', '방울토마토와 다진 채소를 볶아주세요', '시금치를 넣고 볶아주세요', '우유반컵 + 계란 두개를 풀어주세요', '시금치 숨이 살짝 죽으면\n우유+계란 물을 살살 부어주세요', '반토막으로 자른 방울토마토를 추가하고 겉까지 익어오를 때까지 약불로 익혀주세요(뚜껑을 덮으면 더 좋습니다)', '유럽식 계란찜 프리타타 완성', '파마산치즈가루와 핫소스를 곁들이면 더욱 맛있습니다', '시금치를 반 잘라주시는 게 더 좋을 것 같아요! 한끼 해결!']",[],"['2개', '3뿌리', '20~25알', '1줌', '2장', '1/2컵']"
295,양식,,,,"닭가슴살로 만드는 이탈리아식 오믈렛, 치킨프리타타 만들기",https://www.10000recipe.com/recipe/6918375,"31,717",레미키친,2인분,30분 이내,아무나,"['닭가슴살', '대파', '양파', '계란', '파마산치즈', '체더치즈', '모짜렐라치즈', '파슬리', '치킨스톡', '후추']","다이어트에 열을 올리고 계신 많은 분들을 위해
닭가슴살을 안 퍽퍽하고 더 맛있게 먹을 수 있는 레시피를 준비했어요!
(물론! 영상에 나오는 올리브유, 치즈를 덜 넣을수록 다이어트에 도움이 많이 되겠죠?? :D)
치팅데이에도 근사하고 건강하게 먹을 수 있어서 너무 좋은 것 같더라구요!
포근포근한 식감과 오래 씹을수록 더 맛있는 치킨 프리타타!
대단한 재료들도 필요 없어서 어디에서도 쉽고 간단하게 만들어 먹을 수 있을 것 같네요 :)","['양파와 대파를 먹기 좋게 다져주세요!', '닭가슴살은 먹기 좋은 크기로 찢어주세요', '달궈진 팬에 대파부터 볶다가 후추를 약간 넣어줍니다.\n저는 올리브유를 사용했지만 적게 사용할수록 좋겠죠?', '양파를 넣고 같이 볶아주다가 닭가슴살을 넣어주세요', '계란을 풀고 파마산 치즈를 넣어준 뒤 잘 섞어주고\n계란물을 부어주세요', '치즈를 올리고 뚜껑을 덮은 뒤\n약불에서 4분 정도 치즈를 녹여주세요', '그릇에 옮겨담고 파슬리를 뿌려내면 완성이예요! :)']","['프리타타', '다이어트', '오믈렛', '계란요리', '닭가슴살', '브런치', '술안주', '치팅데이', '건강식', '닭고기']","['1인분', '1개', '1개', '4개', '2~3T', '약간', '약간', '약간', '2~3T', '약간']"
296,양식,,,,[1분영상](혼자 잠깐 프랑스 다녀오기) 우아한 맛의 연어 파피요트 만들기 1분 레시피 영상 와인안주 추천,https://www.10000recipe.com/recipe/6964124,"14,931",요리스1분영상,2인분,60분 이내,초급,"['연어', '레몬', '타임', '아스파라거스', '방울토마토', '양송이버섯', '화이트와인', '올리브오일', '소금', '후추', '버터']","[1분 레시피 영상] https://youtu.be/zL5ZEueyJOk
엄청 쉬운데 있어보이는 그런 요리이다 맛도 있다
화이트와인+연어의 조합
레몬+허브+버터의 조합
모든걸 아우르는 좋은 올리브유+버터의 풍미","['재료손질하기\n-아스파라거스 : 질긴 밑동을 자르고 필러로 거친 부분을 벗겨준다.\n-방울토마토 : 반으로 자른다.\n-양송이버섯 : 4등분한다.\n-레몬 : 중앙부 4개 정도 슬라이스 하여 데코용으로 이용하고, 꼬다리는 즙을 낸다.', '연어 표면 물기를 키친타올로 제거한 후 레몬즙, 소금, 후추로 밑간한다.', '종이호일을 깔고 재료를 올린다.\n1)아스파라거스 밑에 깔기\n2)연어 올리기\n3)방울토마토, 양송이버섯을 주변에 놓기\n4)전체적으로 올리브오일 넉넉하게 뿌려주기(4~5T)\n5)연어 위에 슬라이스레몬 - 타임 - 버터 순으로 올리기', '종이호일을 덮고 가장자리를 손으로 말아 밀봉한다. 이 때 마지막 밀봉하기 전에 화이트와인 4~5T를 넣어준다.', '190도씨로 예열된 오븐에 30분 정도 익힌다.\n오븐', '완성!! 위에 덮여있는 종이호일을 찣어준다', '예쁘게 담아 먹는다\n화이트와인을 곁들여 먹어도 좋다']","['연어파피요트', '파피요트', '프랑스요리', '프랑스가정식', '홈파티음식', '와인안주', '다이어트', '키토제닉', '오븐', '간단']","['300g', '1개', '적당량', '6개', '5개', '2개', '4~5T', '4~5T', '적당량', '적당량', '20g']"
297,양식,,,,뢰스티 ♥ 새로움을 원한다면?,https://www.10000recipe.com/recipe/6894332,"32,954",만개의레시피,2인분,30분 이내,초급,"['감자', '베이컨', '밀가루', '소금', '후추', '피자치즈', '파슬리가루', '달걀']","색다른 요리를 해먹고 싶은날!
요거요거 추천해요~ 뢰스티 레시피!!
세상의 모든 레시피 만개의레시피","['감자는 얇게 채 썰어 준비한다.', '채 썬 감자에 소금, 후추로 간을하고 밀가루 3숟가락을 넣어 반죽한다.', '예열된 팬에 베이컨을 바삭하게 구워 다진다.\n팬', '예열된 팬에 올리브유를 두르고 감자를 올려 노릇하게 굽는다.\n팬', '한쪽이 바삭하게 익으면 뒤집어 피자치즈 파슬리가루, 다진 베이컨을 올려 한쪽도 바삭하게 구워 완성한다.\n취향에 따라 달걀 후라이를 곁들여도 좋아요.']","['뢰스티', '감자', '베이컨', '간단', '안주']","['2개', '1줄', '3숟가락', '약간', '약간', '2숟가락', '약간', '1개']"
298,양식,,,,닭가슴살 볶음밥 그라탕,https://www.10000recipe.com/recipe/6842996,"116,171",시크제이맘,1인분,15분 이내,초급,"['닭가슴살', '양파', '새송이버섯', '파프리카', '밥', '버터', '피자치즈', '토마토 스파게티 소스', '우스터소스', '소금', '후추']",담백하고 고소한 치킨 그라탕이랍니다.,"['닭가슴살, 양파, 새송이버섯, 파프리카를 먹기 좋은 크기로 잘라서 준비해주세요.', '오목한 팬에 기름을 살짝 두르고 양파 먼저 볶아주세요.', '양파가 어느정도 익으면 닭가슴살을 넣고 함께 볶아주심 된답니다.', '그다음 새송이버섯, 파프리카를 넣어 함께 볶아주세요.', '어느정도 재료가 익었을때 우스터소스를 한스푼 넣어주세요. 우스터소스가 없을경우엔 간장이나 참치액 넣어도 괜찮을것 같아요.', '그리고 토마토스파게티소스를 3스푼 넣어주세요. 혹시 토마토스파게티소스가 없으면 케찹을 넣으셔도 상관없어요.', '잘 볶아진 재료에', '밥을 넣어주세요. 그리고 버터도 조금 넣어 함께 볶아주심 볶음밥이 감칠맛이 나면서 더욱 맛있답니다.', '마지막으로 피자치즈를 넣고 볶아주세요. 생크림이나 우유를 살짝 넣어주심 휠씬 부드러운 그라탕을 맛볼수 있답니다. 여기에 소금,후추로 간을 살짝 해주심 좋아요.', '완성된 닭가슴살 볶음밥을 그릇에 담고 모짜렐라 치즈를 듬뿍 올려 오븐이나 전자렌지를 이용해 치즈를 녹여주심 된답니다. 전 전자렌지를 사용했어요 3분정도 돌렸네요. 집집마다 틀리니깐 전자렌지 사용시 중간 중간 체크해 주세요.\n오븐\n,\n전자레인지', '완성된 치킨 그라탕. 담백하고 고소한 치킨 그라탕. 밥을 볶을때 치즈랑 우유를 넣고 함께 볶았더니 부드럽고 좋아요. 대신 너무 뜨거워요. 호호호 불며 식혀드세요. 첨에 그냥 먹었다가 깜짝 놀랬다는요.']","['치킨그라탕', '닭가슴살볶음밥', '닭가슴살요리']","['100g', '', '', '', '', '조금', '', '3숟가락', '1숟가락', '', '']"
299,양식,,,,백종원 두부스크램블은 영양가 만점!!,https://www.10000recipe.com/recipe/6868053,"79,767",황금사과,1인분,10분 이내,아무나,"['두부', '계란', '소금', '후추', '버터']","집밥백선생의 요리는 우리에게 희망을 가져다 줍니다.
아침식사를 걸르는 분들이 계시면 영양가도 따로 챙기실 필요 없으시구요 아침시간에 바르게 식사를 해결할 수 있어요..","['이렇게 재료를 준비를 해두시고요..\n그리고 버터까지요. ㅎ', '이제 요리 시작해봅시당..\n1.두부는 키친타월로 물기를 제거해주시구요..', '2. 계란은 잘 풀어 놓으시구요.', '3. 두부를 칼로 잘 으깨어 놓으시구요.\n두부 으깨는 것은 너무 재미있어요..', '4. 으깬두부를 풀어놓은 계란물에 넣어주시고요..', '5.그리고 소금 한꼬집을 넣어주시구요..\n이제 팬에 불을 켜주시구요..', '6. 버터를 팬에 올려요.', '7. 그 위에 두부를 슬며시 올려요.\n그냥 다 올리지 마시구요.\n버터 위에 조금씩 올리면서 젓가락으로 돌려주시면 되세요.', '8. 젓가락으로 휘릭 계속 저어 주셔서\n계란과 두부를 익혀주셔요..', '9. 후추를 솔솔 뿌려서 한번더 젓가락으로 휘익\n저어 주시구요..\n그리고 불을 꺼주시면 되세요^^', '이렇게 접시에 담아보니 너무 이쁘네요..\n드시면 되시겠죠??\n10분도 안걸리는 두부스크램블인데요.\n아침에 영양가나 맛을 잃지 않도록\n간단하게 챙기는데 최고일 것 같습니다.', '파슬리가루를 솔솔 뿌려 주었어요.\n파슬리가루가 없으면 안 뿌리셔도 되시겠죠??\n아침식사 간단하게 해보셔요..']","['영양식', '두부스크램블', '백종원']","['1모', '2개', '1꼬집', '약간', '1조각']"
300,샐러드,,,,참외샐러드 만드는법,https://www.10000recipe.com/recipe/7081962,197,호수맘,4인분,20분 이내,아무나,"['블루베리', '요거트', '샐러드드레싱', '올리브유오일', '레몬즙', '꿀', '소금', '후추']","참외로 간단하고 맛있는 참외샐러드 만들어봤어요
참외의 달콤한 맛에 새콤한 드레싱이 더하면 입맛 살려주는 상큼한 샐러드가 완성됩니다.","['참에는 깨끗이 씻은뒤 껍질을 벗기고 반으로 잘라 씨를 제거해주세요.', '제거한씨는 채반에받처 과즙을 짜주세요\n과즙에 올리브오일2T/레몬즙 1T/꿀1T/소금한꼬집 /후추가루톡톡넣고 드레싱을만들어주세요', '시를 제거한 참외는 먹기 좋은 크기로 도톰하게 썰어 주세요\n한쪽은 요거트넣고 블루베리 올려주시고 다른한쪽은 드레싱를넣고 드셔보시면 참외의 두가지맛의셀러드를 드실수있습니다']","['참외샐러드', '참외요리', '참외레시피', '과일샐러드', '샐러드레시피']","['10알', '약간', '', '2T', '1T', '1T', '1꼬집', '약간']"
301,샐러드,,,,대패삼겹살 영양부추 샐러드,https://www.10000recipe.com/recipe/6828951,"243,825",푸름이맘혀니,2인분,30분 이내,초급,"['구매', '양파', '영양부추', '간장', '식초', '참기름', '다진 마늘', '설탕', '고춧가루', '소금', '후추']",영양부추샐러드는 보통 차돌박이를 많이 이용해서 샐러드를 만드는데요~ 대패삼결살을 이용해 만들어봤어요.,"['대패삼겹살에 소금, 후추로 간해주세요.', '영양부추는 3~4cm 정도의 길이로 잘라줍니다.', '양파 반개는 채썰어주고, 매운맛이 강하다면 찬물에 담궈 매운맛을 제거해주세요', '간장 3큰술, 식조 2큰술, 참기름 1큰술, 다진마늘 1큰술, 설탕 1큰술, 고춧가루 1작은술 넣고 잘 섞어줍니다.', '소금, 후추 간을 한 고기는 노릇노릇하게 구워줍니다.', '대패삼겹살에서 나오는 기름은 키친타올로 제거해주면서 구워주세요.', '썰어놓은 영양부추와 양파 그리고 드레싱을 뿌려 야채 먼저 버무려줍니다.', '다 버무려진 야채위에 잘 구워진 대패삼겹살 넣고', '남은 소스 한큰술정도 넣고', '다시한번 살짝 버무려 주면 완성입니다.']",[],"['', '', '', '3큰술', '2큰술', '1큰술', '1큰술', '1큰술', '1작은술', '', '']"
302,샐러드,,,,여름에 잘 어울리는 미역초샐러드! 와사비 넣어 더 상큼하게,https://www.10000recipe.com/recipe/6891823,"72,848",아름다울가,1인분,30분 이내,아무나,"['미역1인분', '오이', '양파작은것', '통깨', '간장', '물', '식초', '설탕', '연와사비', '냉동새우', '미림', '해물믹스']","여름이라 옷은 얇아지고 맛있는 건 먹고 싶고!
다이어트가 고민될 때 있으시죠?
이럴때 한끼 든든하게 먹을 수 있는 간단한 미역초샐러드 소개해요 간장드레싱에 와사비를 풀어 상큼하게 즐길 수 있는 샐러드랍니다","['오이는 굵은 소금을 발라 깨끗이 씻어주고 냉동새우살은 물에 담가 해동해주세요 미역은 자른 미역으로 준비해요', '양파는 최대한 얇게 썰어주시고\n오이는 반달모양으로 썰어주세요\n양파는 찬물+식초 두2~3방울에 담가 아린맛을 제거해주는게 좋습니다', '미역을 물에 불려줍니다', '해동한 냉동새우살은 맛술(미림)을 살짝 둘러주어 비린맛을 없애주세요', '새우살을 2~3분간 데쳐주고', '불린 미역도 2분 정도 데쳐\n찬물에 헹구워줍니다', '간장5스푼, 물 5스푼, 식초 3스푼, 설탕1스푼에 와사비를 취향껏 넣어 드레싱을 만들어 줍니다', '준비된 재료들을 한데 넣고\n드레싱을 부어가며 버무려주면 완성!\n접시에 낼땐 통깨를 뿌려주세요']","['미역요리', '미역초샐러드', '미역', '피부미용', '다이어트', '샐러드', '다이어트요리', '한끼대용']","['1인분', '1/2개', '작은것', '조금', '5스푼', '5스푼', '3스푼', '1스푼', '취향껏', '4-5마리', '1스푼', '적당량']"
303,샐러드,,,,♥[신혼밥상] 닭가슴살양배추말이,https://www.10000recipe.com/recipe/6913806,"84,089",행복한윤블리네,2인분,15분 이내,초급,"['닭가슴살통조림', '양배추', '당근', '오이', '칠리소스']","여름 휴가 대비!
칼로리는 다운↓ 배는 빵빵↑ 메뉴 추천
체중감량의 단골손님 '닭가슴살'
위를 보호해주는 '양배추'
포만감 가득한 '오이'랑 '당근'랑
s라인 만들기 프로젝트 돌입!
지금부터 건강식 다이어트레시피를 소개합니다.","['양배추, 당근, 오이를 깨끗하게 씻어주세요.\n파프리카나 양배추를 채썰어 사용해도 좋아요.\n즐겨먹는 야채 듬뿍듬뿍!', '양배추가 너무 흐물흐물 거리지 않도록\n약 7분~10분정도 쪄줍니다.\n아삭함이 조금 사라질 만큼 돌돌 잘 말릴 정도로만 찌기!', '양배추가 익는동안 오이랑 당근은 채를 썰어 준비.', '먹을 수 있는 만큼 양배추 잎을 한장한장 떼어주세요.\n남은 양배추는 된장에 밥이랑 싸드셔도 좋아요.\n일명 양배추쌈밥 추천!', '양배추 잎에 오이, 당근, 닭가슴살을 올려 돌돌돌 말아주세요.', '먹기 좋은 크기로 잘라주세요.', '요즘은 양배추가 달아서 그냥 드셔도 좋겠지만,\n야채만 먹기 거북하다면 칠리소스에 살짝 찍어 냠냠!\n모두 건강한 S라인 만들기 성공하세요 ♡~']","['신혼밥상', '다이어트', '다이어트메뉴', '양배추', '닭가슴살', '닭가슴살양배추', '칼로리낮은음식', '다이어트식단', '야채말이', '초간단레시피']","['1개', '1/4', '1개', '1개', '3스푼']"
304,샐러드,,,,연두부 샐러드,https://www.10000recipe.com/recipe/6842280,"253,753",가는동자꽃,4인분,5분 이내,아무나,"['연두부', '어린잎채소', '파프리카', '양파', '간장', '식초', '설탕', '다진마늘', '참기름', '통깨']","초간단 초스피드~ 레시피로 맛은 물론 비쥬얼도 최고~ 손님상에도 너무나 잘어울리는 연두부 샐러드.
눈도 입도 즐거운 연두부 샐러드 한번 드셔보시겠어요?? ^^","['연두부를 접시에 뒤집어 올려줍니다.', '어린잎채소나 새싹채소를 연두부위에 올려줍니다.', '분량의 양념장에 양파,파프리카를 다져넣고 연두부위에 뿌려주면 완성.']","['연두부샐러드', '연두부', '샐러드', '손님상', '집들이', '다이어트']","['1팩', '1/2줌', '약간', '약간', '2.5T', '1.5T', '1T', '1T', '1t', '약간']"
305,샐러드,,,,"차돌박이 참나물 샐러드 , 쉽고 간단하지만 폼나고 맛있다.",https://www.10000recipe.com/recipe/6841304,"98,023",달콤한꿀호떡,4인분,15분 이내,아무나,"['참나물', '차돌박이', '다진마늘', '참기름', '간장', '멸치액젓', '식초', '고춧가루', '설탕', '깨']","너무나 쉽고 간단하게 완성되는 차돌박이 참나물 샐러드
만드는 과정에 비해 모양새나 맛이 좋아 언제 만들어도 인기만점인 레시피 :)","['참나물은 최대한 찬물로 헹구듯 씻어\n채에 받쳐 물기를 빼준 뒤', '먹기좋은 크기로 썰어 준비한다.', '볼에 다진마늘 1스푼 , 간장2스푼 , 멸치액젓 1.5스푼 , 식초2스푼 , 참기름 2스푼 , 고춧가루 1스푼 , 설탕1스푼을 넣어 잘 섞어주고', '준비한 참나물을 섞어둔 양념에 넣어 뭉개지지 않도록 살살 버무려준다.', '버무린 참나물에 깨를 듬뿍 뿌려 준다.', '그릇에 담기 전 차돌박이를 팬에 바짝 구워 참나물과 함께 곁들여내기만 하면 끝 -', '완성된 차돌박이 참나물 샐러드 !\n( 사진은 완성된 음식의 절반만 담은 모습 )']","['참나물', '참나물무침', '참나물샐러드', '차돌박이', '차돌박이샐러드', '샐러드', '참나무차돌박이샐러드', '초간단']","['400g', '300g', '1스푼', '2스푼', '2스푼', '1.5스푼', '2스푼', '1스푼', '1스푼', '약간']"
306,샐러드,,,,초간단 오이만 있으면 완성~ 깨소금오이샐러드,https://www.10000recipe.com/recipe/7013219,"48,051",만개의레시피,1인분,10분 이내,아무나,"['오이', '깨소금', '고운소금', '참기름', '고춧가루', '후추']",간단하지만 감칠맛 가득! 시원 아삭해서 입맛 없을 때나 샐러드가 질릴 때 포만감 있게 먹기 좋을 메뉴~^^,"['깨소금 대신에 통깨를 사용해도 괜찮아요~^^', '오이는 필러로 껍질을 듬성듬성하게 잘라 준비해요.\n주방필러\n기호에 따라 껍질 제거 없이 사용해도 괜찮아요.', '오이를 도톰하게 1.5cm 두께로 잘라요.\n도마\n,\n조리용나이프', '가지런하게 접시에 담아요.\n완성접시', '분량의 재료들을 섞어 소스를 만들어요.\n소스볼\n,\n계량스푼', '소금이 모두 녹도록 잘 저어서 준비해주세요.', '접시에 담아둔 오이 위에 뿌려서 완성!', '간단하지만 포만감 가득해서 샐러드 대용으로도 좋아요~']","['깨소금오이샐러드', '오이샐러드']","['1개', '3숟가락', '1/2숟가락', '2숟가락', '약간', '약간']"
307,샐러드,,,,KFC도 울고갈 코울슬로 연말파티 사이드 메뉴로 최고,https://www.10000recipe.com/recipe/6994253,"5,278",븟린이,6인분 이상,15분 이내,아무나,"['양배추', '노란파프리카', '빨강파프리카', '양파', '옥수수캔', '마요네즈', '식초', '설탕', '레몬즙', '후추']","햄버거나 치킨을 먹으면 큰 아빠 숟가락으로 아낌없이 팍팍 퍼먹고 싶은 코울슬로!
연말파티 사이드 메뉴로도 최고의 메뉴예요
KFC에서 먹는 것과 정말 똑 닮았어요","['양배추를 옥수수 한 알 크기 정도로 다져주세요', '씨를 뺀 파프리카도 옥수수 한 알 크기 정도로 다져주세요\n양파도 같은 크기로 다져주세요\n어린이들이 먹을꺼 라면 양파만 찬물에 10분정도 담궈놨다가 물기를 털고 사용해주세요', '캔 옥수수는 채에 받쳐 물기를 모두 빼주세요\n물기가 남아있으면 완성 되었을 때 맛이 연해져요', '모든 재료를 볼에 넣어주세요', '준비된 소스 분량 (마요네즈 9큰술, 식초 2큰술, 설탕 3큰술, (생략가능) 레몬즙 1큰술) 을 섞어주세요\n설탕이 녹을 때까지 잘 섞어주셔야해요', '준비한 재료와 소스,\n후추도 톡톡톡톡 뿌려 섞어주세요', '완성입니다.\n모닝빵에 올려 먹어도 맛있고 연말 홈파티 고기와도 햄버거 치킨과도 잘 어울려 한번 만들때 이정도의 분량을 만들어 놓으면 활용하기에 너무 좋아요']","['홈파티', 'KFC', '코울슬로', '콘슬로우', '콘샐러드', '샐러드', '양배추', '치킨', '옥수수', '콘']","['1/4개', '1/2개', '1/2개', '1/2개', '2/3캔', '9큰술', '2큰술', '3큰술', '1큰술', '톡톡']"
308,샐러드,,,,【맛있는 다이어트】초간단으로 닭가슴살 냉채 만들기~♥,https://www.10000recipe.com/recipe/6882634,"143,962",조밍키♥,3인분,15분 이내,아무나,"['닭가슴살', '양파', '오이', '당근', '빨간 파프리카', '노란 파프리카', '초록 파프리카', '겨자', '양조간장', '식초', '설탕', '매실액', '다진마늘']","다이어트 음식도 맛이 있을수 있죠^~^!
완전 쉽고 과정에 비해 맛도 좋아용^~^
초간단으로 후다닥 만들어 보아요~:-)","['닭가슴살은 집에 있는 향신료 넣고 속까지 익겠금 잘 삶아 주셔요~ 비린내가 나지않게 통후추,월계수잎,파뿌리,양파껍질,대파,마늘,생강 등등 아무거나 넣으시면 되셔요^^\n(익혀진 닭가슴살캔 같은거는 이과정도 필요 없으니 더초간단~!)', '야채는 냉장고 사정에 맞게 채썰어 주세요~ 오이하나,파프리카3개를(색깔별로)반개씩,양파반개,당근 2센티정도 준비했어요^^\n맛살,깻잎,부추등등 있으신거 채썰어서 쪼름히 색깔별로 놓으심 되셔요^^', '소스는 겨자(취향껏)1.5T,양조간장4T,식초4T,설탕1.5T,매실액1.5T,다진마늘1.5T넣었어요^^\n(매실액기스는 설탕보다 왠지 살이 덜찔꺼 같아 넣었지만(ㅋㅋ) 생략가능 하구요~ 생략하실땐 설탕을 더넣어 주셔요~ 야채의 양이 틀리기 때문에 소스양은 맛을 보시면서 야채양에 따라 가감 해주세요~^^ 마늘은 다져진 마늘보다 통마늘을 바로 다져서 넣는게 더맛나용^^)', '삶은 닭가슴살을 찢어서 올리고', '소스 뿌리심 끝이에요^^\n(배가 너무 고파서 사진 보시면 아시겠지만 정말 대충 채썰었거든요~ 오이도 씨부분 그대로~ 파프리카도 아래위 안자르고 그대로~ㅋㅋ 근데도 색감때문인지 보기엔 괜찮죠?!^^;;)\n썰기만 하면 되는거니 완전 편하고 맛있어요^^', '비닐장갑 끼고 조물조물 한다음 한입 먹음~! 겨자의 쏴~한맛에 새콤달콤 야채의 상큼한맛~! 엄지척~척~입니다ㅎㅎ']","['닭가슴살', '다이어트', '닭가슴살냉채', '간단', '메인메뉴', '저칼로리', '간단메뉴', '저녁메뉴', '인기반찬', '인기메뉴', '간단저녁', '손님접대']","['200g', '1/2개', '1개', '2cm', '1/2쪽', '1/2쪽', '1/2쪽', '1.5T', '4T', '4T', '1.5T', '1.5T', '1.5T']"
309,샐러드,,,,다이어트는 내일부터!!!! 내일 아침은 바로 이녀석 고구마에그슬럿 ★,https://www.10000recipe.com/recipe/6912205,"141,184",만개의레시피,2인분,30분 이내,아무나,"['고구마', '달걀', '견과류', '저지방 우유', '소금', '후추', '모짜렐라 치즈또는 저지방 체다치즈']",영양과 맛까지 포기할수 읍서!!!!!,"['고구마는 찌거나 삶고 껍질을 벗겨 준비한다.\n군고구마는 칼로리가 더 높아요!', '볼에 고구마와 저지방 우유, 견과류를 넣어 섞는다.\n볼', '전자레인지용 그릇에 고구마 퓨레를 넣는다.\n전자레인지\n,\n그릇', '고구마 퓨레 위에 달걀을 올리고 소금, 후추를 뿌린다.', '달걀 노른자에 이쑤시게나 포크로 구명을 낸 뒤 전자레인지에 넣어 약3분간 가열 하여 완성한다.\n전자레인지\n,\n포크\n모짜렐라 치즈나 저지방 체다치즈를 달걀 위에 올려 가열하면 더 맛이 좋아요.']","['다이어트', '다이어트레시피', '에그슬럿', '고구마에그슬럿', '고구마레시피', '다이어트요리', '간단', '달걀', '계란', '고구마']","['4개', '2개', '1/2줌', '1/2종이컵', '약간', '약간', '또는 저지방 체다치즈']"
310,샐러드,,,,톡!쏘는맛이 중독적인 닭냉채 만드는법,https://www.10000recipe.com/recipe/6909125,"77,516",오박사닷컴,3인분,15분 이내,초급,"['닭가슴살', '파프리카', '오이', '굵은소금', '땅콩분태', '양파', '설탕', '식초', '간장', '연겨자', '다진마늘']","닭가슴살과 갖은 채소들을
톡 쏘는 겨자소스에 버무렸어요~
알싸함에 자꾸만 손이 가네요","['파프리카, 당근, 양파등 채소들을 채썰어 주세요', '오이는 반으로 잘라\n어슷썰기 해줍니다', '굵은소름 1큰술을 뿌려 오이를 절여주세요', '닭가슴살도 먹기좋게 찢어주세요', '분량의 소스들을 넣어\n냉채소스를 만들어 주세요', '오이는 흐르는 물에 씻어 물기를 꼭 짜서 준비합니다', '큰볼에 재료들을 넣고\n소스와 버무려 주세요\n마지막에 땅콩가루 뿌려서 고소함을 더 해줍니다']","['닭가슴살', '냉채', '겨자냉채', '냉채소스', '닭가슴살샐러드', '샐러드', '손님초대요리', '다이어트', '초계탕', '오다닭']","['100g', '1/2개', '1개', '1큰술', '2큰술', '1/2개', '2큰술', '5큰술', '1큰술', '1큰술', '1큰술']"
311,샐러드,,,,푸실리메추리알샐러드(냉파스타만드는법),https://www.10000recipe.com/recipe/6900822,"52,332",오박사닷컴,2인분,10분 이내,초급,"['푸실리', '깐 메추리알', '베이비채소', '소금', '간장', '올리브오일', '식초', '올리고당', '소금']","산뜻하게 즐길 수 있는 냉파스타
메추리알과 함께 즐기며 단백질까지 챙기세요~","['간장드레싱을 먼저 만들어 냉장고에 식혀주세요', '끓는물에 소금 약간 넣고 푸실리를 삶아줍니다\n8~10분정도 삶아주세요', '잘 삶아진 푸실리를 체에 받쳐 물기를 빼주세요\n올리브유에 살짝 버무려두시면 달라붙지않고 좋아요', '채소담긴 그릇에 푸실리를 넣어주고', '메추리알도 올려주세요\n깐메추리알을 이용해 손쉽게 만들 수 있어요', '식혀둔 간장 드레싱을 뿌려 드시면 됩니다 ~']","['푸실리파스타', '푸실리샐러드', '냉파스타', '푸실리냉파스타', '파스타샐러드만들기', '다이어트파스타', '샐러드파스타', '다이어트레시피', '메추리알', '오박사닷컴']","['1컵', '10알', '1줌', '약간', '2T', '2T', '2T', '2T', '약간']"
312,샐러드,,,,입맛돋궈주는 새콤아삭 콩나물냉채,https://www.10000recipe.com/recipe/6869920,"144,878",뚱이네♡,4인분,15분 이내,아무나,"['콩나물', '맛살', '당근', '양파', '오이생략가능', '설탕', '다진마늘', '간장', '식초', '매실액기스올리고당 대체가능', '참기름', '깨', '겨자']","새콤달콤 아삭아삭 입맛돋우는 반찬으로 정말 좋은
콩나물냉채!
콩나물 안좋아하는 아이들도 순식간에 먹어치운답니다^^","['콩나물은 깨끗하게 씻어서 준비해주세요', '양파는 얇게 채썬후 찬물에 담궈 매운기를 빼주세요', '크래미나 맛살을 3등분한후 손으로 쭉쭉 찢어주세요', '당근과 오이도 채썰어주세요', '물이 끓으면 소금 한스푼 넣고 콩나물을 넣고 끓여주세요\n3분정도 데쳐주면 적당해요!', '3분후 찬물에 바로 담구면 아삭해져요', '양파도 체에 받쳐 물기를 빼주세요', '야채를 물기빠지는 동안 소스를 만들어주세요\n겨자는 취향에 맞게 조절해주시면 되요^^', '야채와 소스를 넣고 젓가락으로 살살 섞어주세요']","['입맛돋우는음식', '간단반찬', '새콤달콤반찬', '밑반찬', '콩나물냉채']","['200g', '4T', '조금', '1/4개', '생략가능', '4.5T', '0.5T', '2T', '5T', '올리고당 대체가능', '적당히', '솔솔', '1.5T']"
313,샐러드,,,,버섯 샐러드(파사파사 샐러드),https://www.10000recipe.com/recipe/6829454,"88,647",숄02,2인분,15분 이내,초급,"['버섯한입 크기로 썰어서', '마늘다진 것', '래디쉬옵션', '시금치', '비타민채소', '양상추', '로메인', '간장', '맛술', '설탕', '물엿', '생강가루옵션', '후추', '발사믹 식초', '올리브오일']",데리야끼 소스에 조린 버섯에 발사믹 드레싱을 곁들이는 파사파사 샐러드 만들어봤어요.,"['소스의 재료를 섞어 데리야끼 소스를 만들어 둔다. 생강가루 대신 생강을 쓸 경우 갈아서 즙만 내어쓰면 된다.', '버섯은 한입 크기로 썬다.', '팬에 오일을 2T정도 두르고 다진 마늘을 볶아 향을 낸다.', '버섯은 단단한 것을 먼저 넣고 볶는데 너무 뒤적이지 않아야한다. 중불 정도에서 버섯이 노릇해질 정도로만 볶아준다. 이때 소금, 후추를 넣어 살짝 간한다.', '버섯이 볶아지면 아까 만들어 둔 데리야끼 소스를 넣는데, 버섯양에 따라 넣는 양이 달라지므로 1-2T 정도를 넣어 볶아보고 싱거우면 더 넣는 식으로 간을 맞추면 된다.', '적당히 버섯에 윤기가 돌고 간이 맞으면 된다.', '래디쉬는 슬라이스 하고, 잎채소는 깨끗이 씻어 물기를 탈탈 털어 준비.', '잎채소와 래디쉬를 접시에 깔아준다.', '그 위에 버섯을 올리면 완성.', '아까 남겨둔 데리야끼 소스 1/2T에 발사믹 식초 1T, 올리브오일 1T를 넣고 잘 섞어서 위에 뿌린다. 이것대신 발사믹 크림을 예쁘게 뿌려도 됨.']",[],"['한입 크기로 썰어서', '다진 것', '옵션', '', '', '', '', '2T', '1T', '1T', '1/2T', '옵션', '약간', '1T', '2~3T']"
314,샐러드,,,,토마토샤브샐러드♡홈파티에 좋은 고급요리,https://www.10000recipe.com/recipe/6902079,"129,414",손큰언니,5인분,60분 이내,중급,"['토마토', '소고기불고기감', '양파', '꽈리고추', '간장', '올리브유', '식초', '설탕', '통깨']","빨간 토마토, 갈색 소고기, 하얀 양파, 초록 꽈리고추의 색깔이 참 예쁘죠? 여기에 새콤달콤한 소스가 어우러져 환상적인 맛을 낸답니다. 보암직도 하고 먹음직도 해서 파티 음식으로 최고랍니다. 아가부터 어른까지 모두 즐길 수 있어요.^^","['재료를 준비해요.', '꽈리고추는 채 썰어 씨를 빼고 물에 담궈 매운 맛이 빠지게 30분 정도 물에 담궈놓아요. 양파도 한 개를 채 썰어 30분 물에 담궈요.\n그 후, 체에 받쳐 물기를 빼주세요.', '팬바닥에 양파 2개를 편썰어 깔아주세요.', '양파 위에 소고기를 놓고 소금, 후추를 뿌려주세요. 팬의 뚜껑을 덮고 중불에서 15분 가열해요.', '소고기가 잘 익었어요. 양파즙에 익혀서 더 향긋해요.', '토마토를 썰어 동그랗게 놓고 익힌 소고기를 펴서 놓아주세요. 준비해둔 소스의 반을 고기 위에 고루 뿌리고 양파를 올려주세요.', '꽈리고추까지 층층이 올려주세요.', '나머지 소스를 뿌려주면 완성입니다.']","['토마토샤브샐러드', '손님초대음식', '홈파티요리', '새콤달콤', '건강요리']","['3개', '불고기감', '3개', '20개', '5T', '5T', '5T', '2T', '2T']"
315,샐러드,,,,새우 파스타 샐러드,https://www.10000recipe.com/recipe/6846157,"120,715",오늘의요리,2인분,60분 이내,아무나,"['샐러드 야채', '새우', '파스타', '방울토마토', '소금', '후춧가루', '올리브유', '식초', '간장', '쯔유', '올리고당', '매실청', '다진마늘', '참기름', '소금', '후춧가루']","오늘은 영양이 가득한 새우 파스타 샐러드를 만들어 보았어요^^
비타민, 식이섬유, 단백질, 탄수화물 등의 영양소가 한그릇에 담겨있어 아주 건강한 메뉴랍니다~ 쯔유와 간장을 베이스로 만든 소스라 어르신들 입맛에도 합격이지요~~^^","['1. 샐러드야채와 방울토마토는 흐르는 물에 깨끗이 씻어 먹기좋은 크기로 잘라주세요.', '2. 드레싱 재료들(식초 2큰술, 간장 3큰술, 쯔유 2큰술, 올리고당 1큰술, 매실청 1큰술, 다진마늘 1/4큰술, 참기름 2큰술, 소금 약간, 후춧가루 약간)을 잘 섞어 준비해주세요.', '3. 중불로 달군 팬에 올리브유 1큰술을 두른 후 새우를 넣어 완전히 익혀주세요.', '4. 끓는물에 소금 1/4큰술과 후춧가루, 올리브유 1큰술을 넣은 후 파스타를 넣고 8-10분정도 삶은 후 찬물에 씻고 물기를 제거해주세요.', '5. 볼에 파스타면, 샐러드야채, 방울토마토, 새우, 드레싱을 모두 넣은 후 골고루 버무려 완성해주세요.']","['요리하기좋은날오늘의요리', '홍서우테이블', '오늘의요리', '파스타샐러드', '새우파스타샐러드', '브런치요리', '브런치메뉴', '주말메뉴', '브런치만들기', '브런치', '신혼집밥', '집밥', '홍서우레시피', '초간단', '황금레시피', '샐러드', '새우', '파스타', '식이섬유', '단백질', '비타민']","['2줌', '6마리', '160g', '6개', '약간', '약간', '1큰술', '2큰술', '3큰술', '2큰술', '1큰술', '1큰술', '1/4큰술', '2큰술', '약간', '약간']"
316,샐러드,,,,연두부 채소 샐러드,https://www.10000recipe.com/recipe/6870997,"31,643",815요리사랑,1인분,5분 이내,아무나,"['연두부', '베이비 채소', '다진 마늘', '쪽파', '홍고추', '양조간장', '설탕', '고춧가루', '참기름', '깨소금']",부드러운 연두부 채소 샐러드~ 맛있는 간장소스 레시피,"['베이비 채소는 씻어 물기제거하고, 양념장 마늘, 쪽파, 홍고추, 간장,설탕, 고춧가루, 참기름, 깨소금 넣어 양념장을 만들어 주고요', '연두부 잘 꺼내는 요령- 연두부 팩 비닐을 벗기고 도마위에 뒤집어 놓고 칼 등으로 톡톡톡 두드리거나 양 끝 모서리 대각선으로 칼로 두 군데를 살짝 끝을 날려주고 두드려 꺼내면 모양이 흐트러 지지 않게 꺼낼 수 있어요', '담기- 물기 제거한 베이비 채소를 완성 접시에 담고 연두부 올린 후 양념장을 끼얹어 냅니다']","['연두부샐러드', '연두부채소샐러드', '샐러드', '간편요리', '채소샐러드', '두부요리']","['1팩', '1/2팩', '1/2t', '1', '1/3개', '1T', '1t', '1t', '1t', '1t']"
317,샐러드,,,,건강하고 맛있는 ‘브로콜리 에그마요 샐러드’,https://www.10000recipe.com/recipe/7062176,"7,565",마쫌바,2인분,20분 이내,아무나,"['달걀', '브로콜리', '베이컨', '갈은 깨', '간장', '알룰로스', '마요네즈']","브로콜리 싫어하는 아이도,
다이어트 식단이 질리고, 클린식 먹고싶은 어른도
쉽고 맛있게 즐길 수 있는
브로콜리 달걀 베이컨 샐러드 입니다 ო̤̫","['1. 달걀은 중강불에 13분 완숙으로 삶아주세요.\n2. 그 사이에 베이컨은 취향껏 썰어 팬에 바싹 구워주세요.\n3. 다 삶아진 달걀은 4등분으로 썰어주세요.', '3. 데친 브로콜리는 물기 빼고 먹기 좋게 썰어주세요.\n4. 넓은 그릇에 썰어낸 재료들을 넣어주세요.', '5. 알룰로스 1스푼, 간장 1스푼, 마요네즈 2-3스푼, 갈은 깨 2-3스푼 넣어주세요.', '6. 살살 섞어주며 잘 비벼주면 끝! (노른자가 으깨지거나 빠져도 상관 없어요)']","['브로콜리샐러드', '달걀샐러드', '베이컨샐러드', '브로콜리계란샐러드', '브로콜리달걀샐러드', '다이어트샐러드', '유아식', '베이컨계란샐러드', '오픈샌드위치', '맛있는샐러드']","['4개', '취향껏', '3줄', '2~3스푼', '1스푼', '1스푼', '2~3스푼']"
318,샐러드,,,,톡쏘는 여름별미 닭가슴살콩나물겨자냉채,https://www.10000recipe.com/recipe/6871871,"56,715",베이비디어,2인분,30분 이내,초급,"['닭가슴살', '게맛살', '오이', '파프리카', '콩나물', '당근', '양파', '겨자', '간장', '설탕', '두배식초', '다진마늘', '소금']","요즘 더운 날씨에 점점 입맛을 잃어가는 계절에 딱맞는 요리가 있어요
칼로리도 적으면서 톡쏘고 알싸한 맛이 일품인
닭가슴살 콩나물 겨자냉채예요
맛있는 다이어트 음식이랍니다 ^^","['닭가슴살은 우유에 2시간 정도 담가두어요\n우유에 담가두면 육질도 부드러워지고 닭냄새도 잡아줘요.', '부드럽게 삶아줍니다.', '준비된 야채들은 채썰어주세요.', '콩나물은 머리제거하고 뜨거운 물에 3분 삶고 재빨리 헹군 후 찬물에 3분 담가둡니다.\n오이는 돌려깍기로 심을 제거하고 껍질부분만 채썰어줍니다.', '겨자 양념장을 만들어줍니다.\n(겨자1, 간장1, 설탕0.5, 두배식초1, 다진마늘 약간, 소금 약간)', '준비된 닭가슴살 & 야채에 겨자양념장을 넣고,', '깨소금도 넣고,', '조물조물 버무려줍니다.', '양념이 고르베게 맛있게 버무려졌어요.', '톡쏘는 겨자, 알싸한 마늘, 새콤한 식초 양념이 어우러져 침샘을 마구마구 자극하는 여름 별미가 완성되었어요']","['닭고기요리', '다이어트', '여름별미', '접대요리', '냉채']","['', '', '', '', '', '', '', '1', '1', '0.5', '1', '약간', '약간']"
319,샐러드,,,,가지말이 샐러드 만들기,https://www.10000recipe.com/recipe/6829386,"233,675",세미짱,4인분,30분 이내,초급,"['가지', '닭가슴살', '파프리카', '새싹채소', '올리브유', '간장', '다진 마늘', '후춧가루', '소금', '통깨']",가지가 제철이라 한창 많이 나와있는 요즘 가지말이 샐러드는 더운 여름 불안쓰고 고급스럽게 먹을수 있어 좋답니다. 아삭아삭 씹히면서 담백하니 건강해서 더 좋은 가지말이 샐러드였어요.,"['가지는 약0.5cm 두께로 슬라이스 해주세요. 채칼을 사용해도 되구요.', '파프리카는 길게 채썰어주세요.', '닭가슴살은 훈제닭가슴살을 이용하거나 익혀서 잘라주세요.', '후라이팬에 기름을 두르지 않고 슬라이스한 가지를 구워주세요.', '구운 가지 위에 파프리카, 훈제닭가슴살, 새싹샐러드를 올려 돌돌 알아주면되요.', '샐러드 소스 분량대로 만들어 찍어먹어도 되고 간편하게 가지말이샐러드 위에 뿌려 나가도 된답니다.']",[],"['3개', '200g', '2가지', '50g', '3T', '1T', '0.5T', '약간', '약간', '조금']"
320,샐러드,,,,오이크래미연겨자샐러드! 여름철 먹기 딱~좋아요,https://www.10000recipe.com/recipe/6870882,"221,108",춤추는곰,3인분,10분 이내,아무나,"['오이', '크래미맛살은 2개', '마요네즈', '다진마늘', '연겨자', '설탕', '오이 절일 소금', '참깨']",오이를 하도 싸게 팔아서 잔뜩 사왔는데 할만한게 한정되어있어서 한번 만들어 먹어보았습니다!,"['오이는 3등분한뒤 반으로 잘라줍니다', '씨는 물기가 많이 생기고 무를수 있어서 제거해줍니다', '티스푼으로 파내면 잘 파져요~', '오이는 얇게 채썰어', '소금에 잠시 절입니다', '오이가 절여지는 동안', '크래미를 꺼내어(맛살)', '얇게 찢어줍니다', '절여진 오이는 손으로 살짝 짜줍니다\n많이 짤필요는 없어요', '오이와 크래미를 볼에 넣고', '마요네즈,다진마늘,설탕,연겨자를 넣어줍니다\n연겨자는 처음에 0.5T만 넣고 입맛에 따라 더해주세요', '잘섞어서 그릇에 옮기고 깨를 뿌리면 완성~']","['오이크래미샐러드', '오이샐러드', '크래미샐러드', '오이연겨자', '연겨자샐러드', '마요네즈샐러드', '샐러드', '오이요리', '크래미요리']","['1.5개', '맛살은 2개', '1.5T', '0.5T', '0.5-1T', '0.5T', '약간', '약간']"
321,샐러드,,,,196.두부새싹채소샐러드(ft.저당샐러드)(2025.12.5)),https://www.10000recipe.com/recipe/7067653,"1,296",벚꽃조이나,2인분,30분 이내,아무나,"['두부', '새싹채소', '방울토마토', '구매', '볶은통깨']","고소한 두부와 오리엔탈 드레싱과 새싹채소로 맛있는 메인 샐러드,
두부새싹채소샐러드
를 시작합니다^^","['두부를 먹기 좋게 잘라 팬에서 앞뒤를 구워 잠깐 식혀요.', '새싹채소를 씻어 물기 빼고 접시에 깔구요.', '반으로 자른 방울토마토를 새싹채소 위에 올리고', '구워 잠시 식힌 두부를 올리고, 청정원오리엔탈드레싱과 볶은 통깨 뿌려 신선할 때 먹어요^^']","['두부샐러드', '두부샐러드레시피', '두부샐러드요리', '두부새싹채소샐러드요리', '벚꽃조이나요리']","['400g', '100g', '3개', '3~5스푼', '약간']"
322,샐러드,,,,화려한 혼술~맥주안주 다이어트에도좋은 야채쌈,https://www.10000recipe.com/recipe/6866209,"87,996",태희윤희맘47ㅋ,2인분,15분 이내,아무나,"['무쌈', '깻잎', '오이', '피망색깔상관없이', '맛살', '닭가슴살', '겨자소스']",혼술이라도 눈으로 마시고 향기에 취하는~ 화려하게 다이어트에도 좋은 쌈~^^ 좋아하는 채소를 이용하세요~^^,"['무쌈→깻잎→오이,피망,맛살이나 닭가슴살 순으로 돌돌말아주세요.', '차례순으로~~', '칼로 엇스썰기 해주세요.\n소스는 마트가시면 다양하게 있더라구요.\n전 겨자소스로~^^']",[],"['1팩', '적당량', '1/2개', '색깔상관없이', '', '1캔', '']"
323,샐러드,,,,채소구이 샐러드,https://www.10000recipe.com/recipe/6830214,"57,513",배고픈엄마,2인분,15분 이내,초급,"['새송이버섯', '애호박', '가지', '청양고추', '발사믹 식초', '설탕', '올리브유', '다진마늘', '소금']",다이어트 음식으로도 좋은 구운 채소샐러드,"['새송이버섯 2개, 애호박 1개, 가지 한개, 청양고추 2개를 준비했습니다.\n가지 손질법 레시피', '청양고추는 굵직하니 어슷 썰고 버섯, 호박, 가지는 0.5~1 센티 정도 두께로 통썰기 해주었습다.', '그리고 달군 팬에 기름없이 앞, 뒤로 구워 주었지요.', '버섯도 굽고 호박은 소금을 살짝이 뿌려 구워 주었습니다.', '고추도 살짝이 구워 익혀 주었지요. 구워진 채소는 고루 섞이 그릇에 담아 줍니다.', '발사믹 식초 3큰술, 설탕 1큰술, 올리브유 1큰술,다진마늘 1/2큰술, 소금 1/3작은술 로 소스를 만들어 주었습니다.', '그릇에 담은 구운 채소에 소스를 뿌려 드시면 되겠습니다.']",[],"['2개', '1개', '1개', '2개', '3큰술', '1큰술', '1큰술', '1/2큰술', '1/3작은술']"
324,샐러드,,,,들깨부추샐러드:간단히 만드는 채식샐러드,https://www.10000recipe.com/recipe/6968181,"7,701",재미마미,3인분,10분 이내,아무나,"['부추', '깻잎', '양파', '들깨가루', '들기름', '간장', '식초', '매실즙', '올리고당', '다진마늘']",부추를 사용해 간단하게 만드는 샐러드,"['깨끗이 손질한 부추를 4-5cm 길이로 썰어 물기를 잘 뺀다.', '양파는 식초를 몇방울 떨어뜨린 물에 담궈 매운 맛을 빼준다. 깻잎도 4-5장쯤 가늘게 채친다.', '드레싱 재료를 한데 섞는다.', '부추, 양파, 채썬 깻잎에 드레싱을 버무려준다.', '들깨가루를 얹는다.']","['샐러드', '부추샐러드', '들깨부추샐러드', '부추', '들깨', '채식', '집밥', '밑반찬', '반찬', '부추요리']","['', '', '', '3', '3', '3', '1', '2', '1', '']"
325,샐러드,,,,참치 버섯 샐러드,https://www.10000recipe.com/recipe/1794406,"30,652",오즈토토,3인분,30분 이내,초급,"['느타리버섯', '캔참치 작은것', '대파', '올리브유', '통깨', '소금']",오늘은 특별한 재료도 없이 준비되어있는 재료로 간단하게 만들 수 있는 샐러드예요~ 특별한 과정도 생략하고 간단하게 만들 수 있어서 좋답니다.,"['느타리 버섯을 결대로 잘라서 끓는물에 살짝 데쳐서 물기를 빼로 준비합니다.', '볼에 느타리 버섯을 담고 기름을 빼둔 참치를 넣어줍니다.', '대파도 가늘게 채 썰어서 넣어주고 올리브유을 1큰술 넣어서 참치가 너무 부서지지 않게 석어줍니다.', '소금으로 살짝 간을 하고 통깨도 약간 뿌려줍니다.']","['참치', '버섯', '느타리버섯', '샐러드', '버섯샐러드', '고단백', '머슬업', '단백질보충', '단백질', '근육증가', '다이어트', '탄탄한몸매']","['200g', '1통', '약간', '1큰술', '약간', '약간']"
326,샐러드,,,,폼나는 디저트!달콤한 딸기고구마 샐러드,https://www.10000recipe.com/recipe/6906787,"13,463",뽀유TV,1인분,10분 이내,아무나,"['삶은 고구마(소)', '딸기', '마요네즈', '요거트', '꿀']","평소 고구마 샐러드를 정말 좋아하는데 상큼한 딸기와 요거트를 추가하면
훨씬 맛있으면서 비쥬얼도 폼 난답니다^^","['먼저 딸기는 깨끗이 씻어 얇게 편썰기를 해주시되 딸기 한개는 데코용으로 꼭지를 떼지 않고 준비해요', '삶은 고구마에 마요네즈와 꿀을 취향것 넣고 잘 으깨 주세요', '앞뒤가 뚤려 있는 동그란 틀에 방금만든 고구마 샐러드를 약간 넣어줍니다.동그란 틀이 없으심 저 같이 1회용 플라스틱컵 밑면을 잘라주시면 된답니다', '고구마 샐러드 바깥쪽으로 딸기를 겹치게 차곡차곡 쌓아줍니다.그 다음 윗면을 남은 고구마 샐러드로 촘촘하게 잘 덮어 줍니다.', '접시에 옮긴뒤 틀만 조심히 빼주시구요.윗면에 요거트를\n흘러내리듯 뿌려주시고 데코용 딸기 한개를 올려주심 끝!!!', '쨘!!!딸기품은 고구마샐러드 완성입니다^^진짜 꼭 케익처럼 보이지 않나요?ㅎ', '한입 먹어보니 달달한 고구마샐러드에 상큼한 딸기, 요거트가 만나 정말정말 맛있더라구요.집에서 손님 접대시 이렇게 만들어 주시면 맛은 맛대로 좋고 비쥬얼도 예뻐서 시선 끄는 디저트가 될것 같아요^0^']","['고구마샐러드', '고구마딸기샐러드', '간식', '디저트', '샐러드', '홈메이드', '고구마요리', '고구마간식']","['2개', '5-6개', '적당히', '적당히', '적당히']"
327,샐러드,,,,<다이어트 건강식>초간단 토마토 스크램블 에그,https://www.10000recipe.com/recipe/7046147,"2,122",바이너스,1인분,5분 이내,아무나,"['토마토', '달걀', '다진마늘', '올리브오일', '소금', '후추', '우유', '식초']",아침 식사로 강추!!! 영양제 필요 없는 건강식 다이어트 식단 입니다.,"['큰 토마토 한개를 식초물(식초2~3스푼)에 3분 정도 담가두기.\n볼', '다진 마늘 1 큰술 준비하기.\n스푼', '달걀 2개에 흰 우유 1/4컵과 소금 한 꼬집 넣고, 잘 져어서 풀어주기.\n면기', '식초물에 담가 두었던 토마토는 흐르는 물에 깨끗히 씻은 후,\n깍뚝 썰어놓기.\n도마\n,\n조리용나이프', '프라이팬에 올리브 오일 2 큰술 두른 후, 다진 마늘 1 큰술 넣고, 중불에서 빠르게 볶아주기.\n프라이팬\n,\n요리스푼', '달걀 풀은 물을 넣고 휘져어서 익혀주고,', '달걀은 한쪽으로 몰아놓고, 썰어 놓은 토마토 넣고, 강불에 볶아주기.', '토마토가 어느정도 물기 없이 익으면 달걀과 같이 섞어서 후추 한 꼬집씩 넣고, 빠르게 볶아준다.', '완성 접시에 담아준다! (기호에 따라 후추나 파슬리 가루 뿌려서 드세요.)\n접시']","['토마토스크램블에그', '토마토달걀볶음', '토마토', '건강식', '다이어트식단', '저혈당아침식사', '다이어트레시피', '저혈당레시피', '바이너스', 'bynus', '간단한요리레시피', '건강한요리레시피', '쉬운요리레시피', '만개의레시피바이너스', '저속노화레시피']","['1개', '2알', '1T', '2T', '1g', '1g', '1/4컵', '']"
328,샐러드,,,,상큼달콤한 맛 다이어트에 좋은 채소 바나나샐러드,https://www.10000recipe.com/recipe/2659680,"116,471",풀향기,1인분,15분 이내,아무나,"['바나나', '파프리카', '방울토마토', '양상추', '플레인 요구르트', '바나나']","칼륨과 식이섬유소가 풍부한 싱싱한 바나나와 아삭아삭한 식감이 좋은 파프리카, 양상추, 방울토마토, 상큼하면서도 달콤한 소스를 만들어서 바나나 샐러드를 만들어 보았는데 맛이 좋아요.","['파프리카는 흐르는 물에 씻은 후 적당한 크기로 썰어 줍니다.', '방울토마토는 꼭지를 제거하고 흐르는 물에 씻은 후 물기를 제거하고 반으로 썰어 줍니다.', '양상추는 흐르는 물에 씻은 후 물기를 제거하고 적당한 크기로 뜯어 줍니다.', '바나나는 껍질을 벗겨 1개 반은 동글동글한 모양으로 썰어 줍니다. 바나나 1/2개는 플레인 요구르트와 함께 갈아서 소스로 만들어 보려고 남겨 두었어요.', '믹서기에 플레인 요구르트와 바나나 1/2개를 넣어 함께 갈아 줍니다. 상큼하면서도 달콤한 맛이 느껴집니다.', '그릇에 양상추, 파프리카, 방울토마토, 바나나를 담아 줍니다.', '6의 상큼 달콤한 소스를 뿌려 냅니다.']","['바나나', '바나나샐러드', '샐러드', '식이섬유', '변비예방', '변비', '숙변제거', '유산균', '요구르트', '요거트', '장에', '좋은', '장', '건강']","['1.5개', '1/2개', '6개', '2장', '100g', '1/2개']"
329,샐러드,,,,쇠고기샐러드 부추양파 듬뿍 넣어 푸짐하게,https://www.10000recipe.com/recipe/6856330,"43,863",요리쿡조리쿡,2인분,30분 이내,아무나,"['부채살or 차돌박이', '부추', '양파', '통깨', '다진마늘', '청주', '후추', '양조간장', '레몬식초', '연겨자', '올리고당', '물']","요즘 다이어트 한다고 샐러드 엄청 즐겨 먹고 있는데요, 오늘은 부추와 양파를 듬뿍 넣고 겨자소스까지 톡 쏘는 맛이 좋은 쇠고기샐러드를 만들어 봅니다. 꼬기도 구워서 넣은 샐러드라 포만감도 좋아서 한끼 식사로도 좋더라구요. 입맛까지 확 돋워주는 간단하면서 푸짐한 한접시로 집들이음식이나 손님초대음식으로도 딱 좋답니다.","['불에 고기와 밑간재료를 넣어 버무려 재워 둡니다. 볶기전까지만 잠깐 재워 두시면 되요.', '양파는 채를 썰어서 찬물에 약 10분정도 담궈 매운기를 빼주시고 체에 건져 물기를 빼줍니다.', '드레싱 재료를 모두 넣어 겨자가 풀어질때까지 골고루 섞어 줍니다. 부추는 3~4cm 정도 길이로 썰어 줍니다.', '그릴팬에 고기를 앞뒤로 구워서 체에 받쳐 살짝 기름기를 빼줍니다.', '볼에 구운 고기와 양파, 부추, 통깨 1큰술을 넣고 드레싱을 부어가면서 버무려 줍니다. 드레싱을 한꺼번에 다 넣지 마시고 기호에 맞게 버무리면서 간을 가감해서 넣어 주세요.']","['쇠고기샐러드', '샐러드', '다이어트식', '영양식', '손님초대음식', '집들이음식']","['or 차돌박이', '1줌', '1/2개', '1큰술', '1큰술', '2큰술', '약간', '3큰술', '3큰술', '1큰술', '2큰술', '1/2컵']"
330,스프,,,,감자스프 생크림없이도 맛있게 만들기,https://www.10000recipe.com/recipe/6974023,"45,560",아름다울가,1인분,60분 이내,초급,"['감자', '양파', '버터', '우유', '다진마늘', '소금', '후추', '식용유', '식빵']","싹난 감자 혹은 싹나기 직전의 감자 버리기 참 아깝죠!
감자스프를 만들면 감자를 한번에 많이 소진 할 수 있어요
생크림 없이 집에 있는 우유와 양파로 맛있게 만드는 방법 소개합니다 식빵까지 곁들이면 한끼 대용으로도 아주 든든해요","['전자레인지 가능용기에\n감자 두 개를 깍뚝 썰어 넣고\n물 3스푼과 소금 1티스푼을 넣고 섞어\n감자삶기 모드로 삶아주세요\n전자레인지\n전자레인지 사양마다 다르지만 평균 8분정도 삶아주면 적당해요', '익은 감자는 매셔나 국자를 이용해\n부숴주세요', '양파 반 개를 얇게 슬라이스 해주고', '식용유 살짝 두른 팬에 볶다가\n버터도 한 스푼 추가해주고', '노릇한 색이 나올 때까지 카라멜라이징해주세요', '핸드블렌더나 믹서기에\n으깬감자와 볶은 양파, 다진마늘 1/3스푼, 우유 1컵을 넣고 곱게 갈아줍니다', '냄비에 옮겨 우유를 추가해 농도를 조절하고 소금, 후추로 입맛에 맞게 간을 맞춰줍니다', '(선택재료) 식빵을 한입크기로 썰어준 후\n기름 없는 마른팬에 볶아 크루통을 만들어주세요', '볼에 스프를 담아주고\n크루통과 파슬리를 곁들여 완성해요!']","['감자요리', '감자스프', '양파요리', '싹난감자', '주말간식', '간식', '감자스프만들기', '생크림없이감자스프']","['2개', '1/2개', '1스푼', '1컵', '1/3스푼', '적당량', '적당량', '약간', '1장']"
331,스프,,,,패밀리레스토랑 부럽지 않은 홈스토랑 양송이수프!!,https://www.10000recipe.com/recipe/6859763,"219,157",만개의레시피,4인분,30분 이내,아무나,"['양송이버섯', '양파', '버터', '밀가루', '우유', '소금', '후추', '슬라이스치즈', '파슬리가루', '식빵']","양송이 듬뿍 양파 듬뿍 영양만점 수프
양껏 먹다가는 메인요리 먹기전에 배터질걸?!
세상의 모든 레시피 만개의레시피","['버섯 1/2분량은 잘게 다지고 1/2분량은 슬라이스한다.\n양송이버섯 6개', '양파는 잘게 다진다.\n양파 1/4개', '팬에 버터와 밀가루를 넣어 루를 만든다.\n밀가루 1T, 버터 1T\n팬', '다진 양파를 넣어 볶다가 양송이버섯을 넣어 볶는다.', '버섯이 반정도 익으면 우유를 붓고 치즈를 넣어 저으며 끓인다.\n우유 2cup, 슬라이스 치즈 1장', '한소끔 끓으면 소금과 후추로 간을 한다.\n소금 약간, 후추 약간\n소금은 기호에 따라 가감한다.', '그릇에 담아 준 후 식빵조각과(크루통) 파슬리가루를 올려 장식한다.\n파슬리가루 약간, 식빵 약간\n그릇']","['양송이수프', '수프', '양송이', '패밀리레스토랑', '홈스토랑', '전채요리']","['6개', '1/4개', '1T', '1T', '2컵', '약간', '약간', '1장', '약간', '약간']"
332,스프,,,,달달하고 고소한 고구마 스프 (With 크루통),https://www.10000recipe.com/recipe/6860668,"106,408",말랑이뽀,2인분,30분 이내,아무나,"['고구마(중)', '우유', '양파', '슬라이스 치즈', '소금', '버터', '물', '자투리 식빵', '버터']",요즘 고구마 제철이다 보니 여러가지 고구마 요리를 자주 해 먹는데요 그중에서 고구마 스프는 ​요즘처럼 쌀쌀한 날씨에 더욱 잘 어울리고 ​든든한 한 끼 식사 대용으로 딱이며 영양만점의 간식으로도 제격이랍니다.,"['고구마는 깨끗이 씻은 뒤 껍질을 벗기고 잘게 잘라 준 뒤 끓는 물에 10분간 삶아주세요.\n고구마 2개, 물\n냄비\n센불', '고구마를 삶는 동안 달군 후라이팬에 버터를 조금 넣은 뒤\n버터 조금\n후라이팬\n중불', '채 썬 양파를 넣고 갈색빛이 날 때까지 타지 않게 잘 볶아주세요.\n채썬 양파\n후라이팬\n,\n조리개\n중불', '삶은 고구마는 체에 밭쳐 물기를 제거한 뒤 한 김 식혀주고\n삶은 고구마, 볶은 양파\n믹서', '볶은 양파도 한 김 식혀준 후에 믹서기에 넣고 갈아주세요.\n삶은 고구마, 볶은 양파\n믹서', '이때 고구마와 양파가 잘 안 갈아지면\n준비해 놓은 우유를 같이 넣고 갈아주세요.\n저는 3 큰 술 넣었어요.\n우유 조금\n믹서', '잘 갈아진 고구마와 양파는 냄비에 담아서\n갈린 고구마와 양파\n냄비', '남은 우유를 다 붓어 준 뒤 고르게 섞어 준 후 약불에서 끓여주세요.\n우유\n약불', '끓기 시작하면 슬라이스 치즈 두장을 넣고 치즈가 녹을 때까지 고르게 저어주면서 바글바글 끓여주세요. 간을 보고 부족하다 싶으면 소금간 해주세요.\n슬라이스 치즈 2장, 소금약간\n약불', '그릇에 고구마 스프를 담고 자투리 식빵으로 만든 크루통을 얹어주면 고구마 스프 완성이에요.\n식빵 크루통은 달군 후라이팬에 버터를 두른 뒤\n약불 상태에서 식빵을 노릇노릇하게 볶아주면 됩니다.']","['고구마스프', '고구마요리', '스프요리', '고구마스프레시피', '간단한요리']","['2개', '200ml', '1/3개', '2장', '약간', '약간', '적당량', '적당량', '약간']"
333,스프,,,,캔옥수수를 활용한 고소한 '콘스프' 초간단 레시피,https://www.10000recipe.com/recipe/6906272,"73,811",뽀유TV,2인분,15분 이내,아무나,"['캔옥수수', '우유', '양파', '버터', '슬라이스치즈', '소금', '후추', '식빵', '파슬리가루']",평소 따뜻한 콘스프를 좋아하는데요! 캔옥수수를 활용해 고소한 콘스프 간단하게 만들어 보세요,"['양파는 얇게 채 썰어 달궈진 팬에 버터와 함께 달달달 볶아줍니다', '양파가 투명해지면 물기 뺀 캔옥수수도 같이 볶아 주세요', '방금 볶은 양파,옥수수에 우유를 넣고 갈아 줍니다.', '깔끔한 스프를 위해 체에 한번 걸러 줍니다.', '냄비에 끓여주시다가 어느정도 걸쭉해지면 슬라이스 치즈 한장을 녹여주세요. 부족한 간은 소금과 후추로 맞춰 주시면 끝!', '캔옥수수를 활용한 고소한 콘스프 완성이에요. 선택사항으로 파슬리가루 톡톡 뿌려주신 뒤 먹고 남은 식빵을 잘게 썰어 팬에 바싹 구워 크루통을 만들어 올려주심 더 맛있어 보입니다', '한입 먹어보니 고소름하면서 꼭 경양식 집에서 먹어본 스프맛이 나면서 맛있어요. 아침식사 대용이나 아이들 간식으로도 좋습니다.']","['콘스프', '옥수수스프', '스프', '캔옥수수', '간단한아침']","['1캔', '300ml', '1/4개', '1/2T', '1개', '약간', '약간', '약간', '톡톡']"
334,스프,,,,집에서 게살스프를? 중국식 달걀탕(계란탕) 만들기!,https://www.10000recipe.com/recipe/6882902,"276,415",남먀,2인분,30분 이내,초급,"['크래미5개입', '계란', '양파', '전분가루', '표고버섯', '팽이버섯', '대파', '진간장', '굴소스', '소금', '식용유']","요즘 정말 너무 춥네요 ㅠㅠ
집가면 뜨끈한 국물 요리만 생각나더라구요.
이번엔 중국식 달걀탕, 중국식 계란탕 만들어봤는데요~
게살은 없어서 크래미로 대체하고 전분넣어 걸~죽하게 만드니 게살스프 맛이 나더라구요!!
정말 맛있는 중국식 달걀탕(계란탕) 만드는 법 알려드릴게요","['먼저 파기름을 만들어 줄거예요.\n달궈진 냄비에 식용유 살짝 두르고 대파를 총총썰어 먼저 볶아주세요.', '대파가 어느정도 볶아지면\n양파 1/2개를 슬라이스해서 함께 볶아주세요.', '양파까지 다 볶아지면 표고버섯 한개 넣고\n진간장 1스푼, 굴소스 1스푼 넣어 한번 더 볶아주세요.', '표고버섯까지 어느정도 볶아지면 팽이버섯 넣어준뒤 한번 더 휙휙 볶기 !\n팽이버섯은 좀 꼬들하게 씹히는 식감이 좋아서\n볶는 단계 중에선 제일 마지막에 넣어주었어요~', '팽이버섯은 많이 볶지 않아도 괜찮아요 ;)\n양념이 골고루 묻을 정도로 볶아주시면 돼요.', '물 700ml 넣고 팔팔 끓여주세요~', '육수가 끓을동안 크래미를 잘게 찢어 준비해주세요.\n게살을 사용하면 진짜 게살스프마냥 맛있었겠지만\n게살이 없는 관계로 크래미 사용했어요!', '육수가 끓어오르면 크래미 투하~', '모자란 간은 소금으로!\n소금 요맨큼~ 넣어주었어요 ㅋㅋㅋㅋㅋㅋ', '중국식 달걀탕은 걸죽한 매력이 있지요.\n걸죽함은 전분물로 만들어줄건데요\n전분가루 2스푼 + 물 2스푼 넣고 잘 섞어 전분물 만들어주기!', '끓고 있는 중국식 달걀탕은 약불로 줄이고 전분물 넣어주시는데\n잘 저어주셔야해요.\n잘 저어주시지 않으면 전분이 덩어리 지거든요!', '계란은 2알 사용했어요.\n계란 톡 까서 잘 섞어 준비해주세요.', '팔팔 끓고 있을때 계란물 넣어줄거예요.', '계란물 넣고 불은 바로 꺼주세요.\n(★이게 진짜 꿀팁★)\n그래야 진짜 보들보들한 중국식 달걀탕이 만들어져요!!', '먹기좋은 그릇에 옮겨 담으면 끝 ;)\n중국음식 스멜이 솔솔 나는 중국식 달걀탕 완성입니다~~', '계란을 풀고 불을 바로 껐기때문에\n계란이 진짜 보들보들 ㅠㅠ\n게살인듯 게살아닌 크래미가 들어갔으나 어쨋든 자기도 게는 게라고\n게살스프 맛이 나요... ㅠㅠㅠㅠㅠ\n집에서 이거 가능한거였어 ㅠㅠㅠㅠㅠㅠㅠㅠㅠ\n후후 불어 입에 후루룩 넣으면 꼬독꼬독 씹히는 팽이버섯과 부드러운 계란, 게살 향이 어우러지면서\n몸이 스르륵 녹는...뭐..그런맛이예요.. !\n꼭 만들어보세요']",[],"['5개입', '2알', '1/2개', '2스푼', '1개', '1개', '1/2개', '1스푼', '1스푼', '0.3스푼', '1스푼']"
335,스프,,,,든든한 아침식사 감자 브로콜리 스프 (With 크루통),https://www.10000recipe.com/recipe/6855484,"127,712",말랑이뽀,4인분,30분 이내,아무나,"['데친 브로콜리', '감자', '양파', '우유', '버터', '슬라이스 치즈', '소금', '후추']","냉동실에 방치되어 있던 브로콜리가 생각나서
스프를 만들어 보았어요.","['브로콜리는 끓는 물에 소금을 약간 넣고 살짝 데친 다음 먹기 좋게 썰어 냉동실에 보관하는게 브로콜리 보관 방법이에요.', '감자는 깨끗이 씻은 후\n껍질을 벗긴 후 채 썰어 주세요.', '양파도 깨끗이 씻은 후 채 썰어 주세요.', '달군 후라이팬에 버터를 두른 뒤\n채 썬 감자와 양파를 어느 정도 익을 때까지 볶아주세요.', '믹서기에 브로콜리와 감자, 양파를 넣고 갈아주세요.\n잘 안 갈아지면 우유를 조금 넣고 갈아주세요.', '곱게 갈린 브로콜리와 감자, 양파를\n냄비에 옮긴 뒤', '중약불에서 우유를 붓고 잘 섞어 준 후', '슬라이스 치즈를 넣고 약 20분간 저어가며 끓여주세요.\n소금과 후추로 부족한 간을 맞춰주면\n감자 브로콜리 스프 완성이에요.']","['감자브로콜리스프', '브로콜리요리', '감자요리', '스프요리', '브로콜리스프', '간단한요리', '아침식사대용']","['200g', '1개', '1/2개', '400ml', '1T', '2장', '약간', '약간']"
336,스프,,,,#다이어트 식단#순두부,https://www.10000recipe.com/recipe/6923466,"45,240",심킹카,2인분,20분 이내,초급,"['순두부', '달래500원 동전크기', '고춧가루', '간장', '설탕', '올리고당', '식초', '다진마늘', '참기름', '통깨']","겨울철
뒤뚱뒤뚱 건강 빨간불!
사랑받자 이쁨받자 다이어트 돌입
첫날 초간단 단백질 섭취~ 순두부!","['순두부만 있으면 체중 ↓', '순두부를 냄비에 담아주세요.', '달래 500원 동전 둘레 정도 잡아 잘게잘게 썰어주세요.', '물 100~150ml을 붓고 보글보글 끓여주세요.', '다진 달래, 고춧가루 1스푼, 간장 4큰술, 식초 1큰술, 설탕 반스푼, 올리고당 1큰술, 참기름 반스푼, 통깨 적당히 양념장을 만들어 주세요.\n다진마늘 넣어도 맛있음!\n올리고당이 없다면 매실청 대체 가능!\n새콤달콤한 맛을 원하면 식초 in 오리지널 맛을 원하면 식초 생략!', '달래 양념장 살짝 타서 뜨끈뜨끈하게 드세요.']","['순두부', '순두부찌개', '다이어트', '다이어트식단', '달래', '달래양념장', '초간단양념장', '체중감량', '초간단', '10분레시피']","['1kg', '500원 동전크기', '1스푼', '4큰술', '1/2스푼', '1큰술', '1큰술', '1/2스푼', '약간', '적당히']"
337,스프,,,,완두콩 수프 건강한 한그릇,https://www.10000recipe.com/recipe/6931933,"12,717",순수해숍,2인분,30분 이내,아무나,"['감자', '양파', '우유', '완두콩', '소금', '후춧가루', '파르메산치즈가루']",완두콩수프입니다,"['재료: 감자1개,양파1/2개,우유400ml,완두콩1컵\n양념:소금0.3큰술,후춧가루약간\n선택재료:파르메산치즈가루1큰술', '완두콩1컵 ,우유400m가필요합니다.\n완두콩으로 콩국수도 만들어볼까합니다.\n먹어본적이 없어 맛이 궁금합니다.\n완두콩 구하기가 참어렵네요.', '감자와 양파는 한입크기로 썰어줍니다.', '중불에 올이브유 1큰술 두르고 감자,양파 양념 소금,후춧가루약간\n을 넣어 3분정도 볶아주세요.', '감자와 양파가 볶아지면 우유300ml, 완두콩을 넣어 3분정도 끓여줍니다.\n한 김 식혀주세요.', '한 김 식힌 다음 믹서에 곱게 갈아줍니다.', '중약불로 달군팬에 곱게 간 수프와 우유 100ml 넣어 3분정도\n끓여줍니다.', '그릇에 담아 줍니다.\n파르메산치즈가루있으면 뿌려주세요.\n없으면 생략해도됩니다.', '완두콩 수프완성']","['수프', '수프요리']","['1개', '1/2개', '400ml', '1컵', '0.3큰술', '약간', '1큰술']"
338,스프,,,,이하늬 건강 다이어트 요리 '단호박 스프' 초간단 레시피,https://www.10000recipe.com/recipe/6901231,"155,876",뽀유TV,2인분,30분 이내,아무나,"['단호박', '양파', '우유', '올리브유']",평소 제가 정말 좋아하는 연예인중 한분이 미스코리아 이하늬씨인데요. 이하늬씨가 다이어트 음식으로 즐겨먹는다는 건강다이어트요리 '단호박스프'를 소개합니다,"['먼저 단호박은 껍질을 벗기고 속을 파내서 깔끔하게 손질할껀데요. 단호박은 껍질이 단단해 손질할때 손다치기 쉽지요!이럴때 이하늬씨의 방법은 3분정도 전자렌지에 돌려주신 뒤 감자칼로 껍질을 벗기면 쉽게 벗겨진다고 하네요. 그 다음 단호박을 반으로 잘라 수저로 속을 깔끔히 파 내주세요\n전자레인지\n단호박 손질법 레시피', '손질한 단호박은 얇게 채 썰어 주신뒤 조각조각 내 줍니다', '양파도 잘게 썰어주신 뒤 냄비에 올리브유를 적당히 두르고 양파가 투명해질때까지 볶아주세요', '볶은 양파에 손질한 단호박을 넣어주신 뒤 재료가 잠기도록 우유를 부어 끓여 주세요. 우유는농도에 맞게 조절해주시면 되고 쉽게 끓어오르거나 탈수 있으니 주걱으로 계속 저어 주셔요', '농도가 딱 알맞게 끓여 졌는데 더 부드러운 식감을 위해 핸드믹서로 한번더 갈아주었습니다.이대로 드셔도 되고 좀더 모양을 내시려면 크루통과 파슬리가루로 데코해주시면 끝!', '이하늬씨표 건강다이어트 요리!단호박 스프 완성입니다', '단호박의 노란빛깔이 군침도는데요.한입 먹어보니 달콤하면서도 무척 담백하고 입에서 살살 녹아요. 저는 아무간도 하지 않아도 참 맛있었는데 기호에 따라 후추약간이나 소금약간 추가해서 드셔도 될듯 합니다^^']","['단호박스프', '이하늬단호박스프', '다이어트', '다이어트요리', '다이어트스프', '단호박', '단호박요리', '스프']","['1개', '1개', '적당히', '적당히']"
339,스프,,,,야식으로도 좋은 게살스프 간단한재료로 근사하게~*,https://www.10000recipe.com/recipe/6888710,"43,575",탁주부,2인분,10분 이내,아무나,"['크래미', '치킨스톡없을경우 요리팁 참고', '계란', '전분가루', '버섯', '후추']",꼴랑 4개남은 크래미가 유통기한이 임박하길래 만들어본 게살스프! 야매요리지만 맛도 비주얼도 꽤 근사하네요 :),"['냄비에 물 600ml와 치킨스톡 한개를 넣고 센불에서 팔팔 끓여 육수를 만들어주세요.\n치킨스톡이 없을경우 요리팁을 참고하세요.', '육수가 끓는동안 전분가루 2스푼과 미온수 4스푼을 섞어놓고 계란도 잘 풀어주세요.', '그리고 크래미와 버섯은 결을 따라 적당한 두께로 찢어주세요.\n버섯은 표고버섯이나 팽이버섯을 추가해주셔도 좋아요.', '육수가 팔팔 끓으면 찢어놓은 크래미와 버섯을 넣고 5분정도 더 끓여주세요.\n크래미와 버섯이 푹 익어야 식감이 부드러워요.', '그리고 풀어놓은 계란을 큰동그라미를 그리며 넣어주시고 젓지 않은상태에서 약불로 30초만 더 끓여주세요.\n풀어놓은 계란을 큰 동그라미를 그리며 넣는걸 줄알치기라고 해요.', '계란이 몽글몽글하게 익으면 전분물을 넣어주시고 후추를 솔솔 뿌려주신후 약불로 30초만 더 끓여주시면 완성~!']","['초간단', '야매요리', '게살스프', '브런치']","['4개', '없을경우 요리팁 참고', '1개', '2스푼', '1줌', '취향껏']"
340,스프,,,,고급진 맛의 사과스프,https://www.10000recipe.com/recipe/6835531,"33,608",밥심은국력,1인분,30분 이내,초급,"['사과', '양파', '우유', '생크림', '계피가루', '파슬리', '소금']","사과는 식이섬유가 많고 다당류 비율이 높아서 다이어트에도 도움이 되며, 특히 사과 껍질 안의 퀄세틴이란 성분은 항산화 작용이 뛰어나며 항바이러스, 항균 작용에 좋다고 합니다. 그러므로 사과를 매일 하나씩 먹으면 우리 몸에 보약이 따로 없다고 합니다. 그러나 아침에 먹는 사과는 좋지만, 저녁에 먹는 사과는 별로 안 좋다고 하니 유념하세요. 오늘은 사과를 이용하여 고급진 맛의 사과 스프를 만들어 보겠습니다.","['사과와 양파를 준비하세요. 사과와 양파는 우선 깨끗이 씻어 주시구요.', '최대한 얇게 썰어주세요. 얇을수록 좋답니다.', '종이컵 기준으로 우유 1컵과 생크림 1컵을 준비하세요.', '버터 1조각도 준비하시구요.', '냄비에 버터 한 조각을 녹인 다음 채썬 양파를 먼저 볶아줍니다. 스프가 맛있으려면 양파를 오래 볶아주는 것이 포인트입니다. 양파가 노릇하면서 형체가 없어질 정도로 흐물거리면 이 때 얇게 썬 사과를 넣어 같이 볶아줍니다. 사과도 볶다보면 익으면서 작게 깨집니다.', '우유와 생크림을 1컵씩 동량으로 넣어준 뒤에 약불로 줄여서 끓여줍니다. 한 5분 정도 끓여주다가 도깨비 방망이로 곱게 갈아줍니다. 도깨비 방망이가 없으신 분들은 일반 믹서에 갈아주는데, 너무 뜨거운 것을 돌리면 안 되니까 한김 식혔다가 갈아주세요.', '입자가 하나도 없이 곱게 갈렸답니다.', '여기에 계피가루를 한 티스푼 넣어줍니다. 계피가루가 덩어리가 생기므로 다시 한번 도깨비 방망이로 잘 갈아준 다음 소금 1티스푼을 넣어 완성합니다. 통계피 조각을 넣어 5분 정도 끓여주다가 꺼내주어도 되구요. 전 통계피가 없어서 계피 가루를 넣어주었습니다.', '사과 스프 만들기 어렵지 않지요?', '사과 스프가 완성되었습니다. 파슬리 가루를 뿌려 주니까 색감이 대비가 되어서 더욱 예쁘네요. 이 사과스프의 맛의 포인트는 계피가루와 생크림입니다. 계피양은 취향 따라 더 넣어주셔도 되구요. 원래 사과와 계피는 궁합이 잘 맞구요. 우유만 넣어 만드는 것보다 생크림을 같이 넣어주는 것이 훨씬 진하고 부드러운 풍미가 가득하답니다. 드셔보시면 고급 레스토랑에서 먹는 스프 맛이 난답니다. 사과 스프라고 절대 이상한 맛이 아니라니까요. 한번 만들어 보세요.']","['사과', '사과스프', '스프']","['1개', '2/3개', '1컵', '1컵', '1티스푼', '약간', '1티스푼']"
341,스프,,,,꼬마 새송이버섯 스프. 코코넛 젤리를 씹는 느낌?미니 새송이버섯,https://www.10000recipe.com/recipe/6889346,"7,621",콩설기,6인분 이상,60분 이내,아무나,"['꼬마 새송이', '양파', '우유', '버터', '밀가루', '소금', '후춧가루']","우유의 고소함, 양파의 달콤함, 버섯향과 꼬들한 씹는 식감 꼬마 새송이 버섯 스프","['꼬마 새송이는 크기가 그래도 좀 큰 것들만 준비했어요. 손가락 두개 정도의 크기.. 15개.', '버섯과 양파반개는 아주 잘게 다져주세요. 부드러운 스프를 원하신다면 믹서에 갈아주시든 것도 좋을 거 같아요.', '버터 두큰술을 약불에서 녹여줍니다. 버터가 반쯤 녹았을때 밀가루 두큰술을 넣고 밀가루 루를 만들어 줍니다.', '많이 충분히 볶아줘야 밀가루 냄새가 나지 않아요. 약불에서 5분정도 볶은 거 같아요.', '여기에 준비된 버섯과 양파를 넣고 같이 볶아줍니다. 금방 숨이 죽고 버섯과 양파에서 수분이 나옵니다. 5분정도 볶아주었어요.', '우유 500ml를 넣고 끓여 줄거에요. 약불에서 저어주며 오래 끓여주세요.', '끓이다 보면 이정도면 되겠다 싶을때가 있을거에요. 20분 이상 끓여주었어요.\n수분이 날아가며 걸죽해 지는 느낌이 있어요. 소금과 후춧가루로 간을 해 주세요.']","['꼬마새송이버섯스프', '미니새송이버섯스프', '꼬마새송이버섯요리', '미니새송이버섯요리', '새송이버섯요리', '스프만들기', '버섯스프']","['15개', '1/2개', '500ml', '2큰술', '2큰술', '1t', '약간']"
342,스프,,,,고소한 치즈고구마수프,https://www.10000recipe.com/recipe/6833783,"22,107",배고픈엄마,2인분,30분 이내,초급,"['찐 고구마', '양파', '우유', '버터', '피자치즈', '소금']",달근하면서 고소한 치즈 고구마수프 입니다. 아이 간식은 물론 아침식사 대용으로도 좋아요.,"['쪄서 먹고 남은 고구마 10개를 껍질 벗겨 그릇에 담고 포크로 곱게 으깨어 주었습니다. 작은 고구마 10개 150g', '냄비에 버터 1/2큰술을 녹여 줍니다.', '그리고 채썬 양파 1/4개를 넣고 볶아 주세요.', '양파가 투명하게 볶아지면 준비한 으깬 고구마를 넣고 고루 볶아 줍니다.', '그리고 여기에 우유 1 + 1/2컵을 부어 줍니다.', '우유를 붓고 한번 고르게 섞어 준 후', '핸드블랜더를 사용해 갈아 줍니다.', '그리고 피자치즈 3큰술을 넣어 줍니다.', '그리고 고르게 저어주면서 한번 바글하니 끓여 준 후 소금 약간으로 간을 해줍니다.']",[],"['150g', '1/4개', '1.5컵', '1/2큰술', '3큰술', '약간']"
343,스프,,,,주키니 가스파초~ 시원깔끔한 맛,https://www.10000recipe.com/recipe/6895926,"2,840",가루씨,4인분,60분 이내,중급,"['주키니 호박', '바질페스토', '올리브오일', '소금', '간 통후추', '생바질잎', '물', '바게트빵', '펜네']","기분 좋은 바질 향~ 바질 페스토를 넣어, 간이 적절하게 잘 되어있네요. 끝맛에 깔끔한 쥬키니의 맛이 매력적인 시원한 야채 스프였답니다ㅎㅎ","['주키니를 1/2등분 해준 다음, 부채꼴 마양으로 얇게 썰어주세요.', '냄비에 주키니, 물 280ml를 넣고 뚜껑을 덮어 중불에서 끓여주다가, 끓어오르면 약불에서 25분 삶아주세요.\n다 삶아진 다음 식혀주면 된답니다~', '바질은 줄기를 떼어내 버려주고~', '믹서기에 모든 재료를 다 넣고 곱게 갈아주면 끝.', '시원하게 수프처럼 먹어도 맛있고, 빵에 찍어 먹거나(하몽도 같이 곁들고)~ 파스타 면을 버무려도 맛나답니다.']","['가스파초', '야채스프', '쥬키니요리']","['1개', '1T', '1.5T', '1/3t', '1/4t', '12g', '280ml', '', '']"
344,스프,,,,[식약처] 황태미역 곤약스프,https://www.10000recipe.com/recipe/6991904,884,식품의약품안전처,1인분,60분 이내,중급,"['황태채', '곤약', '건미역', '들깨가루', '두부', '된장', '액젓', '표고버섯', '마늘', '참기름']","삼삼한 일품식,특별코스식,다이어트식 조리법을 소개합니다.","['된장에 두부를 넣고 골고루 섞는다.', '표고버섯과 마늘은 함께 갈아둔다.', '미역은 충분히 불린다.', '냄비에 황태채와 갈아둔 표고버섯,\n마늘을 넣고 은근히 끓여 육수를\n만든다.', '곤약은 납작납작하게 썰어 끓는 물에\n데친다', '육수에서 황태를 건져 두부된장과 함께\n갈아 육수에 붓고, 미역, 곤약,\n들깨가루를 넣고 약 20분 정도 끓인 후\n액젓으로 간을 한다.']","['식품의약품안전처', '마이나슈', '삼삼한밥상6권']","['100g', '100g', '20g', '20g', '50g', '10g', '10g', '1개', '10g', '5g']"
345,스프,,,,소화가 잘되는 고구마 스프. 유아식으로도 좋아요~,https://www.10000recipe.com/recipe/6843628,"49,810",아빠투툼,1인분,15분 이내,아무나,"['삶은 고구마', '우유', '소금', '후추', '파슬리가루']","속이 불편한 저녁.
밥 대신 따뜻한 고구마스프 한그릇으로~ ^^","['삶은 고구마 껍질을 벗긴 뒤 팬에 겉면을 노릇 노릇 구워준다.', '믹서에 고구마와 우유를 넣고 부드럽게 갈아준다.', '다시 팬에 붓고 잘 저어가면서 끓여준다. 이 때 소금,후추로 간을 한다.', '스프가 끓으면 불을 끄고 도자기 그릇에 담고 파슬리 가루를 뿌려준다.']","['소화', '고구마', '우유', '스프', '초간단요리']","['1개', '300ml', '약간', '약간', '약간']"
346,스프,,,,"이나영,원빈의 다이어트식단 떠먹는 스테이크 토마토 양파 스테이크 (토마토스튜)",https://www.10000recipe.com/recipe/6903806,"94,097",불량엄마소자매마미,6인분 이상,60분 이내,아무나,"['토마토', '양파', '소고기 등심']","요즘 다이어트에 열을 올리고 지방을 태우고 있는 불량엄마 소자매마미예요.
체계적인 관리도 받으면서 식단도 관리해야지 하던 차에 유리 고모부가 알려준 이나영,원빈의 #다이어트식단 #떠먹는스테이크 #토마토스튜 인데~ 맛있다고 알려주더라고요.
그래서 운동 시작했던 월요일 바로 만들어서 그날부터 먹고 있어요.","['고단백 저지방식이라고 이나영 씨가 3년째 먹고 있다는 이나영,원빈의 다이어트식단 떠먹는스테이크 토마토 양파 스테이크 만드는 방법도 어렵진 않아요.\n단 조리시간은 좀 걸려요~\n인내심을 가지시길!', '불량엄마는 딱 두 배 준비했어요.\n다이어트 기간 내내 먹기도 할 거지만~\n왠지 소자매가 함께 먹을 것 같단 예지력 ㅋㅋㅋ', '토마토 껍질까기 어렵지 않아요\n토마토는 씻어 열십자를 내어주세요.', '끓는 물에 살짝 데치듯 넣었다 빼시면 돼요.', '건져내서 껍질 벗겨 준비~!', '껍질 벗긴 토마토는 잘게 썰어주었어요.', '양파는 채 썰어 준비해주세요~!', '냄비안에 양파를 깔아주고', '소고기 손질을 합니다.\n등심은 힘줄과 지방을 제거해주세요.', '달궈진 팬에 센불에 육즙이 가둬지도록\n앞뒤로 구워냅니다.', '오래 구울 필요 없어요.\n고기 잡내 날리고, 겉면만 익혀주면 돼요.\n그리고 잘게 썰어 준비했어요.', '양파', '토마토', '소고기 순으로 층층이 올려주고\n중간 불로 은근히 조려주세요.', '벌써 먹음직스럽죠~^^', '불량엄마는 양을 2배로 늘려만들어 냄비 2개로 양쪽에서 끓였어요.\n이때 물은 넣지 않는 게 포인트\n양파와 토마토에서 충분히 수분이 나와서 토마토 스튜가 된답니다.\n물은 넣지 않는 게 포인트', '20분쯤 끓이니 물이 생기기 시작해요.\n이때 바닥에 눌어붙지 않게 잘 저어주셔야 해요.\n이왕이면 조리는 음식이라 바닥면이 두터운 냄비 추천드려요.', '불량엄마는 중간 불로 40분 정도 끓여주었어요.\n씹는 식감을 좋아하시면 20분~30분 정도만 끓이셔도 좋은 것 같아요.', '푹~끓여만든 #이나영원빈의다이어트식단 떠먹는스테이크\n#토마토양파스테이크 (토마토스튜)\n보기에도 그럴싸하죠~^^']","['다이어트', '다이어트식단', '이나영다이어트식단', '떠먹는스테이크', '토마토양파스테이크', '토마토스튜']","['5개', '5개', '400g']"
347,스프,,,,아침식사로 좋은 마카로니스프,https://www.10000recipe.com/recipe/6832682,"17,427",스라마미,2인분,30분 이내,초급,"['마카로니', '감자', '양파', '우유', '버터', '치즈', '소금']",아이 아침밥으로 간단하게 먹고 가면 좋을꺼 같아서 마카로니스프 만들어봤어요. 간식으로도 좋고 살짝 간을 더 쎄게 하면 어른먹기에도 괜찮은거 같아요.,"['먼저 끓는물에 마카로니 먼저 삶아주기 ! 10분정도 익혔던거 같아요 취향에 따라 시간 조절하심 될꺼에요.', '감자도 전자렌지로 익혀주고\n전자레인지', '뜨거울때 잘 으깨서 준비해놓기', '양파잘게 썰어서 버터 살짝 녹인후 볶아주세용!! 달달달 색깔이 살짝 투명해질때까지 볶아주기', '그리고 준비해둔 감자 넣어주고.', '우유를 넣어 끓여주세용. 어느정도 끓어 오르면', '삶아둔 마카로니 넣고 눌러붙지 않게 잘 저어주면서 끓여주면 마카로니스프 완성입니다.', '소금간 살짝 하고 치즈 넣어서 끓여도 좋아요.']",[],"['', '', '', '', '', '', '']"
348,스프,,,,초간단 토마토 양파 스프,https://www.10000recipe.com/recipe/6904655,"93,894",키친마니,2인분,30분 이내,아무나,"['토마토', '양파', '다진마늘', '허브가루', '올리브오일', '소금', '후추', '치킨스톡 작은거', '물']","사워도우 빵을 만들어 브런치 식탁을 차릴때면 늘 빵과 곁들어 먹는 스프를 만드는데요..
그 중에서도 영양가득하면서 빠른 시간안에 만들어 곁들어 먹을 수 있는 토마토 스프를 소개합니다. 다이어트나 입맛이 없을때도 간단하게 만들어 보세요.","['- 먼저 재료를 준비합니다.\n(일반 토마토는 2개, 저는 미니토마토로 6개 사용했습니다.)', '- 토마토는 알맞게 자르고, 양파는 편으로 썰어 준비합니다.', '- 팬에 올리브오일을 두르고 다진마늘 양파를 넣고 양파가 투명해지도록 볶아주세요.', '- 양파가 투명하게 되면 자른 토마토를 넣고 살짝 볶아줍니다.', '- 물과 치킨스톡을 넣어 끓여줍니다.', '- 보글보글 끓으면 중,약불로 조절한 후 약 12분정도 끓여줍니다.\n- 마무리로 소금, 후추를 약간 가미하여 간을 맞추어요.\n-그릇에 담은 후 올리브 오일을 약간 뿌려서 드세요.']","['토마토양파스프', '토마토', '스프', '초간단스프', '다이어트', '양파']","['2개', '1/2개', '1/2T', '약간', '적당량', '약간', '약간', '1개', '400ml']"
349,스프,,,,고소한 감자 수프,https://www.10000recipe.com/recipe/4327502,"55,552",서현마미,초급,,,"['감자', '양파', '대파', '마늘', '버터', '물', '우유', '동물성생크림', '소금', '후춧가루', '크루통', '파슬리가루']",고소하고 크리미한 감자수프,"['감자는 얄팍하게 썰어서 준비하고, 양파는 슬라이스, 마늘은 편 썰고, 대파는 어슷 썰어서 준비합니다. 팬을 달구어 버터를 넣어서 녹여주고, 양파와 마늘, 대파를 넣어서 노릇노릇해질때까지 볶아주세요.', '재료들이 잘 볶아지면 감자를 넣어서 살짝 익도록 볶아주다가 분량의 물을 부어서 감자가 다 익을때까지 끓여줍니다.', '감자가 다 익으면 볶았던 재료들을 믹서에 넣고 곱게 갈아주세요. 다시 냄비에 넣고 데워주다가 우유와 생크림을 넣어서 끓여줍니다.', '끓기 시작해서 적당한 농도가 되어가면 소금과 후춧가루를 넣어서 간을 보아주고 불에서 내려주세요.', '볼에 담아서 파슬리가루를 뿌려주고, 크루통을 얹어내면 완성이예요. 식빵을 잘게 깍둑썰어서 버터를 두른 팬에 넣어 노릇하게 구워낸 크루통이예요.']","['갱년기건강', '불안감', '초조함', '나트륨배출', '혈액순환', '안면홍주', '여성호르몬', '에스트로겐', '이소플라본', '폐경', '감자', '수프', '감자수프']","['2개', '1/4개', '1대', '1쪽', '1Ts', '200cc', '200cc', '100cc', '약간', '적당량', '약간', '약간']"
350,스프,,,,브로콜리 고구마스프 만들기,https://www.10000recipe.com/recipe/5771515,"66,414",과일짱,초급,,,"['브로콜리', '호박고구마(대)', '양파', '버터', '생수치킨스톡대체가능', '우유생크림으로 대체가능', '소금', '후추']",간식이나 아침식사대용으로 좋은 브로콜리 고구마스프,"['브로콜리를 먹기좋은 크기로 잘라 데쳐줍니다.. 물이 끓으면 소금을 넣고 잠깐만 데쳐내주어요. 너무 오래 데치면 아삭거리는 식감이 떨어져 맛이 없더라구요', '급 찬물샤워시키고 체에 받혀 물기를 빼둡니다..', '재료를 볶은다음 믹서에 갈아서 끓일거니까 자잘한 크기로 잘라서 준비해주어요.', '냄비에 버터를 조금넣고 호박고구마 먼저 볶아줍니다.', '고구마가 익으면 양파를 넣고 볶아주세요.', '브로콜리는 미리 데쳤기에 마지막에 잠깐 넣고 휘리릭 한번만 볶아주세요.', '믹서에 우유를 넣고 갈아주세요~ 이때 보관중인 생크림이 있다면 우유대신 넣고 사용해도 좋아요.', '이제 다시 냄비에 붓고 한번 끓여줍니다. 이때 스프의 농도를 맞추기 위해 우유나 치킨스톡을 넣으면 되는데, 치킨스톡을 넣을땐 간을 안해도 되지만 우유나 생수로 스프 농도를 맞출땐 소금으로 간을 맞추면 됩니다. 후추 좀 뿌려주고요~', '고소하고 부드러운 브로콜리 고구마스프 완성!!']","['브로콜리', '고구마', '스프', '고구마스프', '브로콜리스프', '호박고구마', '식이섬유', '변비', '변비예방', '변비해소', '숙변제거', '콜레스테롤', '장에', '좋은', '아침식사', '장', '건강']","['1/4송이', '1/2개', '1/2개', '', '치킨스톡대체가능', '생크림으로 대체가능', '약간', '']"
351,스프,,,,인스턴트 스프와는 차원이 다른 백종원의 감자 스프 만들기 (With 크루통),https://www.10000recipe.com/recipe/6854183,"36,391",말랑이뽀,2인분,30분 이내,아무나,"['감자 (중)', '양파', '우유', '버터', '소금', '후춧가루', '물', '자투리 바게트빵', '버터']","감자가 곧 썩기 일보 직전이라 해치우려고 만든 감자스프에요. 백선생에 나온 레시피대로 만들어 보았어요.
곁들여 크루통도 같이 만들어 보았네요.","['감자는 껍질을 벗긴 후조각으로 잘라 주세요.\n그래야 삶을 때 빨리 익어요.', '냄비에 감자가 잠길 만큼의 물과 감자를 넣은 후 10분간 센불에서 끓여주세요.', '감자를 삶는 동안 1토막 정도 깍둑 자른 버터와 채 썬 양파를 후라이팬에 넣고 볶아주세요.', '양파가 숨이 죽을 정도로 볶아지면 불을 끄구 식혀주세요.', '다 익은 감자도 한 김 식혀주세요.', '믹서기에 삶은 감자와 볶은 양파, 우유를 넣고 곱게 갈아주세요.', '믹서에 간 감자와 양파를 냄비에 부어주고 중약불에서 저어가며 걸쭉한 농도로 끓여주세요.', '소금으로 간해주고 취향에 따라 묽은 농도를 원하면 우유를 좀 더 넣어주세요.\n스프가 눌어붙지 않도록 약불에서 계속 저어주세요.', '냉장고에 자투리 바게트 빵이 있어서 크루통을 만들었어요.\n바게트 빵을 작게 주사위 모양으로 자른 후 버터 1 큰 술과 함께 후라이팬에 노릇하게 볶아 주면 됩니다.', '용기에 감자수프를 담고 크루통을 얹은 후 후추를 뿌려주면 완성이에요.']","['감자스프', '백종원', '백주부', '집밥백선생', '감자요리']","['3개', '1개', '400ml', '2T', '약간', '약간', '적당량', '조금', '1T']"
352,스프,,,,채소 수프,https://www.10000recipe.com/recipe/6848797,"19,312",CJ 제일제당,4인분,30분 이내,중급,"['감자', '호박', '브로콜리', '샐러리', '당근', '양배추', '양파', '치킨스톡(고체형)', '물', '토마토파스타소스', '올리브유', '다진마늘', '소금', '후추', '통조림완두콩']",이탈리아식 채소 수프 맛의 비결은 신선한 토마토와 여러 가지 허브. 이 두 가지 재료가 완벽하게 조화된 토마토파스타 소스로 만드는 초간단 채소수프를 소개한다. 복잡한 재료와 레시피 없이도 이렇게 훌륭한 채소수프를 만들 수 있다는 사실에 감탄하게 될 것.『출처 : CJ프레시웨이 500칼로리 다이어트』,"['감자와 호박, 샐러리, 당근, 양배추, 양파는 1*1cm 크기로 썬다. 브로콜리는 먹기 좋게 썰고 통조림 완두콩은 체에 밭쳐 물기를 제거한다.', '냄비에 올리브유를 두르고 다진 마늘을 넣어 향을 낸 뒤 감자와 호박, 브로콜리, 샐러리, 당근, 양배추, 양파, 완두콩을 넣고 볶는다.', '양파가 투명해지기 시작하면 물과 치킨스톡, 월계수잎을 넣고 중간 불로 10분 정도 끓인다.', '채소가 푹 익으면 토마토 소스를 넣고 끓인다. 소금과 후추로 간을 맞춰 마무리한다.']",[],"['160 g', '40 g', '40 g', '20 g', '20 g', '40 g', '20 g', '2 개', '4 컵', '240 g', '1 큰술', '1 작은술', '약간', '약간', '12g']"
353,스프,,,,미니밤호박스프로 가벼운 아침 한 끼,https://www.10000recipe.com/recipe/6937541,"3,425",예쁜나무숲,4인분,30분 이내,초급,"['밤호박', '양파', '버터', '우유', '꿀', '소금']",쪄서 먹으면 신기하게도 밤맛이 나는 미니밤호박! 그래서 이름도 밤호박인듯요. 호박이 칼로리도 낮아 다이어트로도 제격이라 밤호박스프를 만들어 가벼운 아침 시작해봅니다.,"['양파를 잘게 다져서 준비해주세요.', '밤호박은 5분정도 전자렌지에 돌린후 껍질을 깍고 잘게 잘라주세요. 예쁜 노랑색을 만들기위해 껍질을 벗겨주었어요.', '달궈진 냄비에 버터를 녹여주세요.', '냄비에 다진양파를 넣고 투명해질 때까지 볶아주세요.', '밤호박을 넣고 볶아주세요.', '우유 400ml를 넣고 함께 끓여주세요.', '핸드믹서기를 이용해 갈아주세요.', '끓어오르면 소금 한꼬집을 넣고 \xa0불을 꺼주세요. 기호에 따라 후추와 치즈를 넣어도 좋아요.', '완성된 호박스프를 그릇에 담아주세요.', '구운식빵을 곁들이면 한끼 식사로도 든든해요.']","['밤호박스프끓이는법', '간단한끼', '미니밤호박요리', '밤호박다이어트', '다이어트요리', '로모노소프튤립코발트넷']","['1개', '1개', '30g', '400ml', '1T', '1꼬집']"
354,스프,,,,쌀쌀한 아침에 딱. 고소한 감자스프 만드는법,https://www.10000recipe.com/recipe/6884933,"26,567",초롱비,3인분,30분 이내,초급,"['감자', '양파', '우유더 필요할 수 있음', '버터', '소금', '후추']","아침기온이 쌀쌀할때 스프생각이 많이나지요.
요즘 간단아침식사로 좋은 감자스프를 끓였어요.","['감자두개는 껍질을 벗겨서 익혀줍니다.\n시간단축을위해 반 잘라서 익혔어요', '냄비에 버터 1/2T를 녹이고\n양파1/2개를 볶아줍니다 (숟가락계량)', '삶은 감자를 넣고', '우유두컵을 부어준뒤', '핸드블랜더로 갈아줍니다.\n핸드블랜더가 없을땐 믹서기에 넣고 갈아주심 되요.', '곱게 갈아준뒤 약불에서 저으면서 끓여줍니다.', '농도가 되직하다싶으면 중간중간 우유를 추가해서 원하시는 농도로 맞추면 되요.', '보글보글 약5분이상 끓여주고 원하는 농도가 맞춰지면 소금간 살짝해서 마무리.']","['일상', '브런치', '조식', '간단아침']","['2개', '1/2개', '더 필요할 수 있음', '1/2T', '약간', '약간']"
355,스프,,,,"고소하고 부드러운 감자스프, 우유가 들어가 고소하고 부드러운 효리네민박 이효리 감자수프",https://www.10000recipe.com/recipe/6886753,"32,550",중년아빠v,4인분,30분 이내,초급,"['감자', '양파', '우유', '버터1cm']","효리네민박 보고 만들어 봤어요.
아침식사 대용으로도 좋고 아이들 간식으로도 좋아요.
우유와 감자, 양파가 들어있어 영양도 듬뿍이지요.","['감자가 잘 익을 수 있게 조각내어 물에 삶아 줍니다.\n감자 3알\n냄비\n센불', '양파도 잘게 채 썰어 주어요.\n양파 1개', '냄비를 달군 후 버터 넣고 녹여 줍니다.\n고소한 향이 빠르게 퍼져 나가네요.\n버터 한조각(대락 1cm정도)\n냄비\n센불', '약불로 조절 후 양파를 노릇노릇하게 볶아 줍니다. 양파향도 그윽하게 퍼져 나가요.\n양파 1개\n냄비\n약불', '잘 삶아진 감자와 양파를 그릇에 모아 줍니다. 믹서에 갈거에요.\n삶은 감자, 볶은 양파\n접시', '믹서에 삶은 감자와 볶은 양파 넣어 주세요.', '우유 2컵 반 정도 넣고 곱게 갈아 줍니다. 생크림으로 하면 더욱 진하고 고소한 맛이 나지만 없으면 우유로 해도 좋아요.\n우유 2컵반\n믹서\n곱게 갈아 주세요.', '곱게 갈아졌으면 냄비에 넣고 약불로 잘 끓여 주면 완성됩니다.\n냄비\n약불', '예쁜 그릇에 담아 내고 통후추 살짝 뿌리면 끝. 냄새도 아주 좋고 부드럽게 잘 넘어 갑니다. 고소한 맛이 일품이에요.', '식사 대용으로 빵 구워서 함께 드시면 오전이 든든하고 속도 편하실거에요.']","['감자스프', '양파스프', '감자양파스프', '이혀리감자스프', '효리네민박감자스프', '우유', '아침식사대용']","['3알', '1개', '2.5컵', '1cm']"
356,스프,,,,요즘 날씨에 딱! 크림콘스프!,https://www.10000recipe.com/recipe/2343178,"45,553",니코로빈,3인분,60분 이내,초급,"['옥수수통조림수분제거', '양파34g', '버터', '밀가루30g', '우유', '소금', '후춧가루']",옥수수의 주성분은 탄수화물이 대부분인데요. 이 속에 포함된 녹말성분은 피부 건조를 막고 충치 예방에 좋답니다. 우유를 옥수수와 갈아서 체에 한번 걸러준 후 밀가루와 섞어주면 더 좋답니다. 잘못하면 옥수수의 얇은 껍질들이 갈아지지않아 식감을 나쁘게 하거든요!,"['옥수수는 체에 밭쳐 물기를 제거 해주세요. 양파는 가늘게 채 썰어 준비 하시구요.', '달궈진 팬에 버터를 녹여 주세요.', '녹인 버터에 양파를 넣어 살짝 볶아 주세요. 양파의 향기 확- 올라오면 불에서 내려요.', '불에서 내린 상태에서 밀가루를 넣어 날가루없이! 덩어리 생기지 않도록 섞어 주세요.', '분량의 우유를 넣어 부드럽게 풀어 주세요. 거품기를 이용할 필요는 없구요. 그냥 주걱이나 젓가락등으로 살살 섞어 주시면 된답니다. 살짝 걸죽해 질 시점까지만 끓여요.', '팔팔 끓일 필요는 없고, 주걱으로 저어가며 은근하게 데운다는 느낌정도예요.', '옥수수와 소스를 믹서에 곱게 갈아서', '다시 냄비에 붓고 주걱으로 계속 저어가며 은근하게 끓여요. 소금과 후추로 간을 맞춘 후 불에서 내리시면 된답니다. 취향에 맞추어 생크림을 첨가 하셔도 좋구요. 되기를 보아가면서 우유를 조금 더 넣어줘도 좋아요.', '후추 역시도 소금으로만 간을 하거나 취향에 맞게 먹을때마다 조금 더 첨가를 해주어도 좋구욤 콘스프 하나만 먹기에 부족하다 싶으면 기타 빵과 함께 하시거나 크루통을 올려도 좋겠죠.']",[],"['수분제거', '34g', '1.5스푼', '30g', '350ml', '', '']"
357,스프,,,,다이어트요리/ 이하늬레시피/ 단호박스프,https://www.10000recipe.com/recipe/6840574,"293,003",현짱2,3인분,60분 이내,아무나,"['단호박', '양파', '우유']","인터넷 서핑 중 우연히 ""이하늬가 알려주는 단호박스프 만들기""라고 있길래 만드는 방법을 쭉 봤는데 너무 간단해서 ""오 쉽게 만들겠구만!!""하고 도전해 본 단호박스프!
단호박은 다이어트식품으로도 유명하고 몸의 붓기를 빼주는 음식으로 워낙 유명하니까 관심 있으신 분들께 추천해드려요~ 실제로 제 블로그로 네이버 메인에 떴던 레시피예요ㅎㅎ","['먼저 양파를 잘게 썰어주기! 딱히 크기는 상관없답니당', '그다음 단호박을 손질해줄거예요~! 이때 이하늬 씨가 알려준 방법은 단호박을 3분간 전자레인지에 돌려주면 감자칼로 껍질을 벗기기가 쉽다는 정보! 저도 그 방법으로 했어요! 그 다음 숟가락으로 단호박 속을 퍼내서 깔끔하게 비워주기!\n전자레인지\n단호박 손질법 레시피', '그다음 단호박이 잘 익도록 얇게 얇게 썰어주기!', '다시 한 번 조각조각 내주세요~', '모든 준비가 끝났으면 그다음! 냄비에 기름 또는 버터를 살짝 두르고 양파가 투명해질 때까지 볶아주기!', '그다음 단호박을 넣고', '우유를 부어주면 끝! 우유의 양은 단호박의 양을 고려해서 넣어서 끓여주다가 농도를 봐주면서 우유를 첨가해주시면 될 것 같아요!', '단호박이 익으면서 점차 색이 노래져요!', '요로케 요로케 ~\n이때 참고로 점도가 높아서 막 여기저기 팡팡 튀기기 때문에 나뭇 주걱으로 계속 휘휘 저어주셔야 해요!', '계속 끓이다 보니까 농도는 어느 정도 맞춰졌는데 건더기들이 잘게 잘게 남아있어서 핸드믹서로 깔끔하게 한 번 더 갈아주었어요!', '한 숟가락 드셔보시고 입맛에 따라 소금으로 간을 해주시면 될 것 같아요! 저는 간을 전혀 안 했는데도 맛있었어요ㅎ\n정말 곱게 갈린 단호박! 헤헿 색 너무 예뻐요~', '그릇에 담아내면 초간단 다이어트요리 이하늬레시피로 만든 단호박스프 완성! 집에 브로콜리나 파슬리가루가 있다면 데코를 해주세요~']","['다이어트요리', '단호박요리', '이하늬레시피', '단호박스프']","['1개', '1/2개', '적당량']"
358,스프,,,,"토마토계란볶음 : 다이어트 식단, 아침메뉴로 이만한게 없어요!",https://www.10000recipe.com/recipe/6930934,"18,882",맛있다그리드,1인분,15분 이내,아무나,"['토마토', '계란', '설탕', '케찹', '전분물', '물', '소금']","바쁜 아침 간편하게 속을 든든하게 해줄 토마토계란볶음을 만들어봤어요.
토마토는 열량이 정말 낮은 채소중에 하나인데요.
100g당 14칼로리 정도 된다고해요.
식이섬유가 풍부해서 다이어트에도 정말 좋다고합니다.
다이어트 중이시라면 따라해보세요.","['토마토 1개는 먹기 좋은 크기로 썰어주세요.', '계란 2개에 소금 살짝 넣고\n잘 섞어주세요.', '팬에 식용유를 두르고\n먼저 스크램블드 에그를 만들고\n그릇에 옮겨담습니다.', '중불로 달군 팬에 올리브유를 두르고\n토마토를 넣고 1분정도 볶아주세요.', '그리고 물 100ml, 설탕 1큰술, 케찹 1큰술을 넣고\n잘 섞으면서 끓여주세요.', '그리고 전분물을 넣고 약불로 줄인 뒤\n걸죽하게 끓여줍니다.', '마지막으로 스크램블드 에그를 넣고\n살짝 한번 볶아주면 완성!']","['토마토계란볶음', '토마토달걀볶음', '토마토', '다이어트', '초간단', '아침메뉴', '아침식단', '다이어트식단', '계란', '달걀']","['1개', '2개', '1큰술', '1큰술', '', '100ml', '']"
359,스프,,,,옥수수치즈스프 만들기,https://www.10000recipe.com/recipe/6829851,"29,004",시연성연맘,2인분,15분 이내,초급,"['스위트콘1캔', '버터', '다진양파', '우유', '구매', '소금', '후추']",부드럽고 고소한 옥수수 치즈스프 만들어 볼게요.,"['먼저 팬에 버터를 녹여준 후 다진양파와 옥수수를 넣어 달달 볶아줍니다. 양파가 노릇노릇 연갈색빛이 날때까지 볶아줘요.', '그리고 우유 150ml만 먼저 넣어준 후 살짝 볶아내고 믹서에 곱게 갈아줍니다.', '곱게 갈아진 옥수수에는 다시 나머지 우유 150ml를 넣어줍니다.', '고소함과 부드러움을 더해줄 큐브치즈를 넣어 곱게 풀어줍니다.', '소금과 후추로 간을 해주세요.']",[],"['1캔', '1큰술', '4큰술', '300ml', '4개', '약간', '약간']"
360,빵,,,,밀가루없는 감자빵,https://www.10000recipe.com/recipe/7082771,198,호수맘,4인분,30분 이내,아무나,"['감자큰것', '계란', '우유', '올리고당', '버터', '올리브', '물', '구매']","오늘은 집에 있는 감자로 밀가루 없는 감자빵을 만들어 봤어요.
간식으로 먹기에도 좋고 출출할 때 하나씩 먹기에 딱 좋답니다.","['감자는 껍질을 벗겨 잘게 잘라 주세요. 자른 감자는 물 1 큰술을 넣고 전자레인지에 4~5분 돌려주세요.', '익은 감자에 소금 한 꼬집과 가연 버터를 넣고 잘 으깨주세요. 감자가 조금씩 씹혀도 맛있어요.\n우유 2 큰술 올리고당 1 큰술 달걀 2개를 넣고 골고루 잘 섞어 주세요.', '치즈와 올리브/ 옥수수를 취향껏 넣고 한번 더 섞어 주세요. 전자레인지 용기에 오일을 잘 바르고 반죽을 부어 주세요.\n용기에 바닥을 통통 내리쳐 공기를 빼 주시고 반죽을 고르게 정리한 뒤 전자레인지에 3 ~4분 돌려주시면 완성입니다.']","['밀가루없는감자빵', '감자빵', '전자레인지에', '빵만들기', '간식', '다이어트']","['3개', '2개', '2T', '2T', '20g', '약간', '1T', '약간']"
361,빵,,,,훈제연어 베이글 샌드위치 (대파 크림치즈 만들기),https://www.10000recipe.com/recipe/7081989,240,빈티지홀릭,2인분,30분 이내,초급,"['훈제연어', '구매', '양파', '크림치즈', '다진대파', '소금', '후추']","홈브런치로 즐겨 본
뉴욕 스타일의
훈제연어 베이글 샌드위치를
만들어 보았습니다
한입 베어 먹으면
대파크림 치즈의 부드럽고 감칠맛과
훈제 연어의 짭쪼름 하면서
아삭,산뜻한 양파까지
전체적으로 풍미가 느껴집니다
그리고
통밀 베이글의 씹을수록 담백함과
고소함이 어우러져
브런치로 즐기니 제격!!!!!
​참고로
연어는
단백질과 오메가3가 풍부해서
여름철 원기보충에 좋다고 합니다
​","['냉장 보관한 크림치즈는\n미리 실온에 꺼내어\n20분 정도 두었다가\n대파를 넣으면 부드럽게 잘 섞입니다', '크림치즈에 대파를 넣는다\n나무스푼', '꿀,소금,후추를 넣고\n골고루 잘 섞는다\n작은볼', '훈제 연어에\n후추 조금\n소금 한꼬집 뿌려 놓는다\n※ 연어는 키친타올로\n물기를 한번 제거하면\n깔끔한 맛이 좋아요!\n접시', '베이글은 빵칼로 절반을 잘라 놓는다\n도마.빵칼', '에어프라이어 200℃에 6분 굽는다\n( 오븐이나 프라이팬에 노릇하게 구워도 됨)\n에어프라이어', '너무 오래 구우면 딱딱해지니\n노르스름 구워지면 바로 꺼내기', '얇게 슬라이스한 양파는\n찬물에 10분 정도 담갔다가\n물기 빼고 사용 한다', '열기를 식힌\n베이글 양쪽 단면에\n대파 크림치즈를 듬뿍 바른다\n(베이글이 뜨거우면 크림치즈가 녹아 내림)', '크림치즈 바른 베이글에\n훈제연어를 소복히 올리고\n양파를 토핑 한 후\n후추 살짝 뿌리고 빵 덮기 하면 완성\n접시', '훈제연어베이글 샌드위치 완성', '유산지나랩.호일로 감싸서\n반으로 자르면\n먹기 좋답니다\n랩']","['훈제연어베이글샌드위치', '홈브런치', '간식', '통밀베이글', '대파크림치즈', '홈메이드']","['150g', '2개', '1/2개', '130g', '2큰술', '약간', '약간']"
362,빵,,,,초간단 럭셔리요리@ 매콤참치퀘사디아,https://www.10000recipe.com/recipe/6846168,"174,006",kimkim,2인분,5분 이내,아무나,"['또띠아', '참치캔', '치즈', '양파', '청양고추', '토마토소스']","밖에서 사먹으려면 기본 2만원인 퀘사디아ㅠ
하지만 집에서 전자렌지로 초간단하면서도 더 맛나게 만들어먹을 수 있어요^.^","['참치캔, 햄, 양파, 치즈(취향대로), 토마토소스, 또띠아를 준비하고, 추가로 느끼함을 잡아주고 매콤함을 더해주기위해 청양고추도 준비합니다.', '또띠아 한쪽면에 토마토소스를 2T덜어 바르고 캔참치의 기름기를 최소화하여 올려줍니다', '그 위로 양파올리고', '햄올리고', '청양고추는 잘게썰어 고루 분포시켜 올리고 본인이 좋아하는 재료 더 추가합니다.', '다른 또띠아의 한면에도 토마토소스를 2T 발라줍니다', '기존에 재료쌓아올린 또띠아에 치즈를 듬뿍올리고', '덮어줍니다\n그리고 이대로 전자렌지에서 2분 돌려주면\n전자레인지', '끝', '치즈가 녹아있죠', '먹기좋게 잘라주고', '하나씩', '집어들어', '먹으면\n기가 막히는 맛입니다♥']","['참치', '닭가슴', '맛보장', '또띠아', '퀘사디아', '초스피드', '일상', '손님접대', '햄', '초간단', '전자렌지', '전자레인지', '내맘대로요리']","['2장', '1개', '취향껏', '0.5개', '1개', '4T']"
363,빵,,,,초간단 머그컵 퐁당 오 쇼콜라*.*,https://www.10000recipe.com/recipe/6885805,"91,796",킴유대앵,1인분,5분 이내,아무나,"['초콜렛다크 추천', '설탕', '카놀라유올리브유 빼고', '계란', '밀가루아무거나', '핫초코가루']","단거를 너무 좋아해서 집에서 땡길때 마다 숟가락 하나로 만들어 먹었어요@,@
노오븐 노계량 노버터에 집에 거의 있는 재료들로 뚝딱할 수 있음!
달달한 디저트 땡길때 추천이에요!","['머그컵에 초콜렛 2스푼, 설탕 3스푼, 오일 2스푼을 넣고\n섞어주세요~', '전자렌지에 30초씩 2번 돌려서 녹여주세요\n(한번에 돌리면 초코가 타니까 30초씩해서 총 1분)\n전자레인지', '녹인 초코에 계란 한 알을 넣고 섞어주세요', '밀가루 한스푼 넣어주세요\n(체에 치면 좋음, 귀찮으면 숟가락으로 잘 섞으면 돼욤)', '코코아 가루나 핫초코 가루 2스푼 넣고 잘 섞어주세요', '전자렌지에 40초를 머그컵채로 돌려주면 끝!!!\n(초코가 흐르는게 좋다면 30~40초만,\n빵처럼 뽀송뽀송을 원하면 10초정도 더 돌려주세요)']","['초간단', '노오븐', '노계량', '노버터', '디저트']","['다크 추천', '3스푼', '올리브유 빼고', '1개', '아무거나', '2스푼']"
364,빵,,,,오븐없이 만드는 갈릭버터치즈피자,https://www.10000recipe.com/recipe/6853446,"112,573",불량엄마소자매마미,2인분,10분 이내,아무나,"['또띠아', '버터', '다진마늘', '꿀', '피자치즈']","이도 저도 재료도 없다~~~!!!
하시는 분들에게 꿀 레시피~^^
완전 간단한데 맛은 기가 막힌 ㅋㅋㅋ 꿀치즈 피자를 소개해드려요^^
전자레인지 돌리는 것까지 10분이 안 걸리는 초간단 레시피예요^^
아이 간식으로 물론 어른들 간식으로도 만점~!!!!
꿀에 찍어 먹으면 너무 맛있어요^^
마늘향이 버터와 어우러져 풍미가 굿굿굿~^^","['다진마늘 한큰술에', '버터 한 큰 술을 넣어 전자레인지에 10초 돌려주세요~^^\n전자레인지', '녹은 버터와 마늘을 잘 섞어 준비', '녹은 버터와 마늘을 잘 섞어 준비', '토르티야에 마늘 버터를 잘 발라주고~', '한장더 발라주면 끝', '치즈를 가장자리는 비우고 골고루 뿌려주면 완성~!\n준비하는데 5분도 안 걸린다지요^^', '전자레인지에 3~4분 돌려주면 끝!\n집집마다 전자레인지의 효력은 조금씩 다를 테니 조절하셔요^^', '잘구워진 버터갈릭치즈피자완성', '가위로 먹기 좋게 잘라~ 꿀과 함께 내어내면 끝~!']","['초간단', '아이간식', '오븐없이만드는피자']","['2장', '1숟가락', '1숟가락', '1숟가락', '적당량']"
365,빵,,,,톡톡 터지는 고소함!콘치즈파이 초간단 레시피,https://www.10000recipe.com/recipe/6900601,"116,926",뽀유TV,1인분,15분 이내,아무나,"['식빵', '설탕', '캔옥수수', '마요네즈', '피자치즈']",콘치즈는 그냥 먹어도 맛있지만 식빵속에 넣고 콘치즈파이를 만들어도 넘 고소하면서 맛있답니다!간식으로 강추해요^^,"['먼저 식빵은 2개를 겹쳐서 테두리를 깔끔하게 잘라내 주신 뒤 밀대로 식빵을 얇게 밀어 줍니다.\n남은 식빵 테두리는 러스크 만들어 드시면 좋아요', '캔 옥수수2스푼에 설탕1/2스푼,모짜렐라 치즈, 마요네즈를 취향것 넣고 잘 섞어 주세요.', '식빵 가운데 콘치즈를 올려주시구요. 식빵 테두리 겉면에 물이나 계란물을 살짝 발라 포크로 꾹꾹 눌러가며 봉합해줍니다.', '아무것도 두르지 않은 팬에 노릇노릇 하게 구워주시면 끝!!!이때 속에 치즈가 녹아야 하니 약불에서 천천히 구워주셔요!', '톡톡 터지는 고소함 가득 콘치즈 파이 완성입니다^^', '반으로 갈라보면 치즈가 쭈욱 늘어나는데요.한입 먹어보니 바삭한 식빵에 고소한 콘치즈가 만나 넘 맛있어요.톡톡 씹히는 옥수수 식감이 참 좋습니다^^']","['콘치즈파이', '콘치즈', '간식', '간단한간식', '홈메이드', '홈메이드간식', '간단한요리', '디저트']","['2장', '1/2T', '2T', '적당히', '적당히']"
366,빵,,,,노오븐 베이킹/햄치즈빵 : 간단한 간식 만들기,https://www.10000recipe.com/recipe/6860385,"93,291",반이짝이,1인분,10분 이내,초급,"['모닝빵', '햄', '피자치즈큰', '옥수수콘큰']",오븐없이 전자렌지로 간단하게 만들 수 있는 간식이에요 ^^,"['모닝빵, 햄, 치즈, 피자치즈\n통조림옥수수, 마요네즈/꿀을 조금씩 준비해주세요', '모닝빵 속에 재료를 넣을 수 있도록 윗부분을 자르고 속의 빵을 빼주세요', '슬라이스치즈와 햄을 4등분하여 잘라서 크기에 맞춰 빵속에 넣어주세요', '그리고 콘옥수수를 넣어줍니다 (콘옥수수는 마요네즈와 꿀을 살짝넣어섞어주심 되요 ^^)', '마지막으로 피자치즈를 뿌려줍니다', '전자레인지에 넣고 30초간 돌려주면 끝~!! 오븐없이 간단하게 할 수 있는 맛있는 간식이 탄생하는 순간이에요 ^^\n전자레인지']","['노오븐베이킹', '모니빵활용', '간단간식']","['3-4개', '3-4슬라이스', '큰', '큰']"
367,빵,,,,[간단 자취요리] 몽쉘로 쫀득쫀득 컵브라우니 만들기!,https://www.10000recipe.com/recipe/6865340,"49,199",얌무,1인분,5분 이내,아무나,"['구매', '우유', '초콜릿']","안녕하세요 여러분!
오늘은 발렌타인데이죠? 주변사람들과, 연인들과 초콜렛 많이 주고받으셨나요ㅎㅎ
저는 이렇게 발렌타인데이도 자급자족으로...:D
여러분들도 브라우니 간단하게 만들어서 드셔보세요 ㅎㅎ
슬프다구요? 기분 탓이에요 (엉엉)
그리고 오늘은 완성 영상이랑 사진이 없어서
앞뒤가 휑~한점 양해부탁드려요..ㅋㅋㅋ","['재료를 준비합니다', '우선 몽쉘을 그릇에 넣고 으깨줍니다.', '우유도 넣고 비벼줘요.\n우유는 +,- 가능해요 우유가 많으면 좀 더 부드러운 느낌이고\n우유가 적으면 더 쫀득한 느낌입니다!', '컵에 반을 채워주세요 :D', '중간에 초콜릿을 넣어주세요 (생략가능)', '윗부분도 반죽으로 덮어줍니다.', '전자렌지에 돌려주세요.\n전자레인지\n전자렌지 사양에 따라 달라서 우선 저는 1분 + 1분 30초 돌려줬는데요 여러분들은 1분 돌리시고 상태보시면서 30초씩 추가해보세요 그게 제일 안전합니다! 당연히 양이 늘어나면 돌리는 시간도 늘어나겠죠? (사양이 다 다르니까 콕 집어서 말해드리기가 애매하네요 ㅠㅠ)']","['초콜렛', '브라우니', '초간단', '전자렌지', '컵브라우니', '디저트']","['4개', '5~6T', '약간']"
368,빵,,,,비스퀵 l 할아버지 버거집에서만 팔았던 KFC비스켓 ★,https://www.10000recipe.com/recipe/6922432,"25,811",만개의레시피,3인분,60분 이내,초급,"['박력분', '베이킹파우더', '설탕', '소금', '버터', '우유']","KFC에서 먹었던 퍽퍽한 빵!!!! KFC비스킷
딸기잼에 발라서 먹으면 캐존맛~!
세상의 모든 레시피 만개의레시피","['박력분, 베이킹파우더를 체에 내린다.\n체', '소금, 설탕을 넣고 주걱으로 섞는다.\n주걱', '버터를 넣고 잘라 주듯이 섞어 보슬보슬하게 만든다.\n버터는 차거운 상태로 준비해주세요', '우유를 넣고 한 덩어리가 되도록 섞는다.', '비닐팩에 담아 냉장고에서 30분간 휴지시킨다.\n비닐팩', '반죽을 3~4개로 일정하게 분할하여 190도로 예열된 오븐에 25분간 구워 완성한다.\n오븐\n오븐에 사양에 따라 시간, 온도는 조절해주세요']","['KFC', '비스킷', '비스킥', '비스퀵', '비스켓', 'KFC', 'KFC비스켓', '베이킹', '홈베이킹']","['180g', '6g', '15g', '2g', '70g', '100g']"
369,빵,,,,몬테크리스토,https://www.10000recipe.com/recipe/6835355,"105,790",간지언니,2인분,15분 이내,초급,"['식빵', '슬라이스치즈', '슬라이스햄', '달걀', '머스타드', '딸기쨈']","피크닉메뉴로 인기만점인 몬케크리스토 샌드위치예요. 겉은 바삭하고 안은 촉촉하답니다. 먹을때마다 딸기쨈,치즈,햄이 순서대로 여러가지 맛을 느끼게 해줘 더 맛있답니다.","['재료는 식빵 6장, 슬라이스치즈 4장, 슬라이스햄 4장, 계란 두 알, 머스타드, 쨈', '식빵테두리를 잘라주세요.', '요렇게 잘라주면 준비 끝', '식빵 한 장 놓고 그 위에 머스타드를 펴 바르고 그 위에 슬라이스햄, 슬라이스치즈 순으로 올려주세요. 다른 식빵 하나에 쨈을 발라서 쨈 바른 부위가 슬라이스치즈 쪽으로 가게 올려주세요. 그 위에 또다시 쨈을 바르고 슬라이스치즈와 슬라이스햄을 올려주세요. 또 다른 식빵에 머스타드를 펴 바르고 머스타드 바른 쪽을 슬라이스햄 쪽으로 덮어주면 몬테크리스토 만들기 90% 완성', '다시 한 번 요약 정리, 식빵→머스타드→슬라이스치즈→→슬라이스햄→쨈→식빵→쨈→슬라이스치즈→슬라이스햄→머스타드→식빵', '계란 두알에 소금한고집 넣고 계란을 잘 풀어주세요.', '전체적으로 계란물을 잘 입혀 주세요.', '프라이팬에 기름을 두르고 약불에서 익혀주세요.', '앞뒤옆 골고루 익혀주세요.', '골고루 구워주면 끝', '몬테크리스토 완성']","['식빵', '계란', '슬라이스치즈', '슬라이스햄', '초간단', '간식', '도시락메뉴', '피크닉도시락']","['6장', '4장', '4장', '2알', '', '']"
370,빵,,,,냉파요리로 좋은 5분완성 떠먹는 컵피자 만들기,https://www.10000recipe.com/recipe/6894872,"63,793",뽀유TV,1인분,5분 이내,아무나,"['식빵', '양파', '샌드위치햄', '캔옥수수', '모짜렐라 치즈', '파슬리가루', '토마토 스파게티 소스']",냉장고속 애매하게 남은 재료들을 활용해 꿀맛간식 떠먹는 컵피자를 만들어 봐요^^,"['먼저 식빵을 가위로 잘게 잘라 줍니다.', '양파,햄,캔옥수수등 토핑재료도 잘게 썰어 준비합니다\n토핑재료는 버섯이나 파프리카등 본인 기호에 맞게 추가해주세요', '머그컵 밑부분에 식빵을 깔아 주고 그 위에 양파,햄,콘옥수수를 깔아 줍니다.', '토마토 스파게티 소스를 골고루 펴 발라주시고 모짜렐라 치즈를 올리고 파슬리가루 솔솔 뿌려줍니다. 이 상태로 전자렌지에서 치즈가 녹을때까지 약 2-3분 돌려주심 끝!\n전자레인지', '냉파요리로 좋은 5분완성 떠먹는 컵피자 완성입니다^^', '한입 먹어보니 고소한 치즈에 스파게티 소스,토핑 재료들이 한데 어우려져 넘 맛있어요!특히 냉장고속 자투리 재료들을 맛있게 처리할수 있어 참 좋습니다!']","['컵피자', '머그컵피자', '피자만들기', '초간단피자', '간단한간식', '간단한피자', '간식만들기', '떠먹는ㄴ피자', 'recipes', 'cuppizza']","['1장', '1/4개', '2장', '2T', '적당히', '톡톡', '적당히']"
371,빵,,,,모닝빵 속에 옥수수가 ★ 에어프라이어 옥수수치즈빵 ★,https://www.10000recipe.com/recipe/6917038,"118,951",만개의레시피,4인분,15분 이내,초급,"['옥수수콘', '모닝빵', '모짜렐라치즈', '허니머스타드', '마요네즈', '후추']","에어프라이어만 있다면 난 든든해~!
간식부터 저녁밥상까지~!
세상의 모든 레시피 만개의레시피","['옥수수콘는 체에 밭쳐 물기를 뺀다.\n체', '볼에 옥수수콘, 허니머스타드, 마요네즈, 모짜렐라치즈, 후추를 넣고 섞는다.\n볼', '모닝빵은 가운데를 파낸다.', '모닝빵에 2를 넣는다.', '에어프라이어 바스켓에 넣고 180도 온도에서 10분간 구워 완성한다.\n에어프라이어']","['에어프라이어', '에어프라이어레시피', '옥수수콘', '캔옥수수', '옥수수치즈빵', '모닝빵레시피', '에어프라이어', '간식', '간식', '옥수수', '치즈빵']","['300g', '8개', '1종이컵', '3숟가락', '3숟가락', '약간']"
372,빵,,,,튀기지 않은 토스트 핫도그,https://www.10000recipe.com/recipe/3595564,"151,664",쿡라이프,초급,,,"['식빵', '슬라이스치즈', '소시지', '달걀', '설탕', '우유']",휘리릭 아이들 간식으로 안성맞춤~ 튀기지 않아서 더 좋은 토스트 핫도그 소개할게요~!,"['그릇에 달걀을 깨은 다음 설탕 1/2작은술, 우유 1큰술을 넣고 저어 줍니다. (달달하게 드시고 싶으신분들은 설탕을 조금 더 넣어 주셔도 됩니다.)', '식빵의 갈색부분을 자른 다음 방망이로 밀어 주세요. 방망이로 밀은 식빵을 달걀물에 가볍게 앞,뒤로 담구어 줍니다.', '식빵을 놓고 그 위에 슬라이스치즈로 돌돌 말은 소시지를 놓은 다음 돌돌 말아 주세요. 말은 끝부분이 아래에 오도록 하여 놓아 주세요.', '빵가루에 파슬리가루를 섞은 다음 돌돌 말은 식빵을 놓고 빵가루를 골고루 묻혀 줍니다.', '달구어진 팬에 기름을 두르고 식빵을 놓고 앞, 뒤, 옆면을 익혀 주세요. 불은 약불에 두고 천천히 익혀 주세요.']",[],"['3장', '3장', '3개', '1개', '1/2작은술', '1큰술']"
373,빵,,,,그릭요거트 콩포트 오픈 샌드위치 다이어트 디저트,https://www.10000recipe.com/recipe/7071467,954,얌얌쿡,2인분,15분 이내,초급,"['그릭요거트', '블루베리', '호밀빵', '알룰로스', '레몬즙']",그릭요거트에 블루베리 콩포트를 만들어 올린 오픈 샌드위치,"['블루베리 200g을 준비해주세요', '알룰로스 네 스푼, 레몬즙 한 스푼을 넣고 섞어주세요\n이때 레몬즙이 없다면 식초를 사용하셔도 돼요', '전자레인지에 총 9분을 돌려줄건데요\n3분 돌리고 꺼내서 저어주고 또 다시 3분 돌리고 꺼내서 저어줍니다. 총 3번 = 9분 돌려줘요', '그 사이 빵은 1분 30초~2분정도 구워주세요', '그릭요거트는 100g 준비해주세요', '구워진 빵 위로 그릭요거트를 올려줘요', '완성된 블루베리 콩포트를 올려주면 돼요', '좀 더 달달하게 드시고 싶다면 콩포트 위로 알룰로스 한 스푼 뿌려주시면 돼요']","['그릭요거트요리', '그릭요거트샌드위치', '그릭요거트활용', '블루베리샌드위치', '블루베리콩포트', '다이어트디저트']","['100g', '200g', '2개', '4T', '1T']"
374,빵,,,,♥[신혼간식] 상큼 유자마들렌,https://www.10000recipe.com/recipe/6955087,"15,057",행복한윤블리네,3인분,30분 이내,초급,"['박력분', '버터', '설탕', '달걀', '우유', '유자청', '베이킹파우더']","비타민 톡톡^^
상큼상큼 귀여운 간식이 왔어요.
초보자도 쉽게 도전하는 홈베이킹
윤블리와 함께 유자마들렌 만들기 도전!","['버터 70g을 볼에 담아주세요.', '버터70g와 설탕 35g을 끓는물에 담궈 살살 녹여주세요.', '우유 20g과 달걀 1개를 넣고 섞어주세요.', '베이킹파우더 2g과 박력분 60g을 채반에 톡톡톡\n잘 섞어주세요.', '유자청 30g을 넣고 반죽을 마무리해 주세요.', '마들렌 틀에 버터 칠을 한 뒤 짤주머니에 넣고 80%정도 채워주세요.', '오븐기 180도 온도에서 약12분간 구워주세요.\n오븐', '식힌망에 충분히 식혀 커피 및 우유랑 맛있게 냠냠!']","['신혼밥상', '신혼간식', '아이간식', '마들렌', '간식', '빵', '유자마들렌', '홈베이킹', '디저트', '유자청']","['60g', '70g', '35g', '1개', '20g', '30g', '2g']"
375,빵,,,,아침식사 굿굿! 노오븐 에어프라이어 스위트콘 콘옥수수 치즈 모닝빵,https://www.10000recipe.com/recipe/6928224,"49,619",냠냠간단요리,1인분,10분 이내,아무나,"['모닝빵', '스위트콘', '모짜렐라치즈', '머스타드', '마요네즈', '후추']",영양도 만점 맛도 만점♡♡,"['그릇에 모짜렐라치즈,옥수수,머스타드,마요네즈,후추를 넣고 잘 섞어 줍니다', '모닝빵 속을 파내서 그릇처럼 만듭니다', '옥수수 섞은것을 빵속에 넣어 주세요', '에어프라이어에 180도로 8분 구워 주면 완성!\n에어프라이어\n기계에따라 온도가 다를수 있으니 중간에 확인하면서 조리해주세용']","['모닝빵', '치즈', '캔옥수수', '스위트콘', '에어프라이어', '간단', '아침식사', '간식']","['4개', '1종이컵', '1/2종이컵', '2스푼', '2스푼', '조금']"
376,빵,,,,아망디오쇼콜라,https://www.10000recipe.com/recipe/6848325,"40,151",해블랑,6인분 이상,2시간 이상,초급,"['버터5T', '황설탕1/2컵', '계란', '코코아가루2T', '아몬드슬라이스', '박력분2컵']",초코쿠키의 대표라고 해도 과언이 아닌 아망디오쇼콜라쿠키. 많이 알려져 있기도 하구 많은 사람들이 좋아하기도하고 냉동쿠키라 만들기도 간단하고 굽기도 간편하고 아몬드슬라이스 듬뿍넣어 구우면 초코쿠키이면서도 고소하니 영양적으로도 좋고 맛도 좋고 아이들간식으로도 딱 꼭 한 번 드셔보세요.,"['풀어준 버터에 설탕을 넣고 섞어준다.', '노른자', '흰자 순으로 넣고 섞어준다.', '박력분 + 코코아가루를 체쳐서 넣고 섞는다.', '아몬드슬라이스를 넣고 섞어준다. 많이 넣어도 됩니다.', '모양을 잡아준 후', '2시간동안 냉동.', '2시간 후 일정하게 잘라', '팬닝한 후 오븐(180℃)에서 13~15분간 굽는다.\n오븐', '바삭바삭 고소한 아망디오쇼콜라 완성. 흔하게 볼 수 있는 쿠키인 아망디오 쇼콜라. 저희동네에서는 5조각에 1000원이였나? 사먹는 것도 저렴하고 맛있지만 만들어먹어도 맛있네요. 초코라 그런가 사먹는거보다는 만들어먹는게 건강하니까.']",[],"['5T', '1/2컵', '1개', '2T', '1컵', '2컵']"
377,빵,,,,호떡믹스 소세지빵 에어프라이어로 집에서 만드세요,https://www.10000recipe.com/recipe/6954909,"78,162",꽃마리♡,6인분 이상,60분 이내,중급,"['호떡믹스', '후랑크소시지', '파프리카', '캔옥수수', '모짜렐라치즈', '파슬리가루', '마요네즈', '케찹']","호떡믹스와 에어프라이어로 집에서도 소세지빵을
쉽고 맛있게 만들수 있답니다. 이제 사 먹지 말고 만들어 드세요 .너무 맛있답니다 ^^","['재료를 준비해요.\n토핑으로 잘게 썬 파프리카와\n캔 옥수수를 준비했어요.\n피망이나 양파를 넣으셔도 좋아요', '호떡믹스 한 봉에 이스트를 약간 넣고 가볍게 섞어요', '믹스 한 봉에 270g에 미지근한 물을 180ml 넣으라고 쓰여 있지만, 믹스제품마다 차이가 있고, 호떡보다는 약간 됨직하게 반죽을 해주어야 해요.\n물을 조금씩 넣으면서 반죽의 정도를 조절하세요.', '주걱으로 젓다가 손으로 치대면서 고루 반죽을 해주세요', '반죽이 완성되면', '6등분으로 나누어 줍니다.\n6개의 빵이 나오는 거에요', '반죽을 소세지 길이로 맞추어 납작하게 펴 주세요', '소세지를 가운데 넣고 말아 줍니다.', '가위로 아래 부분만 약간 남겨두고 1센치 간격으로 잘라 주세요', '자른 부분을 왼쪽, 오른쪽을 번갈아 가면서 펼쳐 주세요', '모양을 잘 만들어 줍니다,', '캔 옥수수와 파프리카에 마요네즈를 약간 넣고 버무려 주세요', '빵 위에 고루 올려 주세요', '모짜렐라 치즈를 위에 뿌려 주세요', '마요네즈와 케찹을 가늘게\n뿌려 줍니다. 아이들 약병이나 지퍼백을 작게 구멍내어 짤 주머니를 만드셔도 좋아요.', '파슬리 가루 있으시면 뿌려 주세요 (생략 가능 입니다 )', '에어프라이어에 종이호일을 깔고 위에 구워야 빵이 달라 붙지 않아요 .\n180도 5분을 먼저 굽고, 온도를 130도로 줄여서 15분을 구워주세요.\n센불에만 오래 구우면 겉은 타고 반죽은 익지 않아요\n에어프라이어', '완성된 호떡믹스 소세지빵이에요.\n에어프라이어와 호떡믹스, 재료만 준비하면 누구든 쉽게 홈베이킹으로 맛있는 소세지빵을 만들 수 있어요.', '사 먹는 소세지빵 맛 못지 않게 너무 맛있어요.\n아이도 어른에게도 인기만점이랍니다 ^^\n아이들과도 맛있게 만들어 보세요\n베이킹 못하는 저도 성공한 호떡믹스 소세지빵이랍니다 ^^']","['소세지빵', '호떡믹스소세지빵', '호떡믹스', '에어프라이어베이킹', '에어프라이어간식', '에어프라이어요리', '빵', '간식']","['270g', '6개', '', '', '', '', '', '']"
378,빵,,,,달콤 씁쓸 고소한 모카호두머핀,https://www.10000recipe.com/recipe/3919318,"14,149",정민맘,4인분,60분 이내,초급,"['달걀', '박력분', '베이킹파우더', '우유', '굵게 다진 호두', '버터', '설탕', '커피가루']",향긋한 모카향과 호두의 씹히는 맛이 좋은 모카호두머핀입니다.,"['실온의 버터를 부드럽게 풀어주고 설탕을 조금씩 섞어 주세요. 실온의 달걀을 넣고 버터와 분리되지 않도록 골고루 섞어 주세요.', '체에 내린 박력분과 베이킹파우더를 넣고 섞어 주세요. 가루가 안 보일 때쯤 우유에 녹인 커피를 넣고 섞어 주세요.', '굵게 다진 호두를 넣고 반죽을 완성해 주세요. 머핀틀에 반죽을 담고 180도로 예열한 오븐에서 25분 가량 구워 주세요.\n오븐']",[],"['1개', '120g', '3g', '50ml', '30g', '60g', '60g', '5g']"
379,빵,,,,달콤 쫄깃 졸라토스트 만들기ㅣ모짜렐라 치즈로 고르곤졸라 토스트,https://www.10000recipe.com/recipe/6896872,"92,332",얌무,1인분,5분 이내,아무나,"['식빵', '꿀', '버터', '다진 마늘', '모짜렐라 치즈']","구하기 쉬운 재료들로 맛있는 고르곤졸라 토스트를 만들어 봤어요. 쫄깃하고 달콤해서 맛이 아주... 옳습니다.
저는 단 거 별로 안 좋아하는데도 이건 엄청 좋아해요.","['버터와 다진마늘을 전자렌지에 20초간 돌린후 섞는다.\n전자레인지', '꿀을 넣고 섞는다.', '식빵의 가운데를 눌러준다.', '만들어둔 버터소스를 바른다.', '치즈를 뿌린다.', '다른식빵에도 소스를 바른다.', '식빵 2개를 겹쳐 덮은후 위에 소스를 바른다.', '치즈를 올려 전자렌지에 2~3분간 돌린다.', '파슬리가루를 뿌린다.', '꿀을 뿌려 완성한다.']","['고르곤졸라토스트', '토스트', '치즈토스트', '얌무']","['2장', '3T', '3T', '2T', '마음껏']"
380,빵,,,,미숫가루 컵케익,https://www.10000recipe.com/recipe/4007541,"28,800",돌하우스,6인분 이상,60분 이내,중급,"['미숫가루', '계란', '설탕', '우유', '녹인버터', '호두', '아몬드']",집에서 묵혀두었던 미숫가루를 이용하여 고소한 컵케익을 만들어보세요. 촉촉하고 부드러워서 맛있어요,"['계란흰자 3개 분량에 설탕8스푼을 넣고 거품기로 힘껏 저어 줍니다', '머랭을 거꾸로 들어보았을 때 거품이 흐르지 않을 정도로 만들어 줍니다', '우유 50ml를 조금씩 나누어 넣어가면서 거품이 죽지않도록 잘 섞어줍니다~ 그리고 녹인버터 6스푼도 나누어서 넣어 줍니다', '반죽에 미숫가루 1컵을 체에 내려서 넣어주고 거품이 꺼지지 않게 잘 섞어줍니다', '머핀팬에 종이머핀컵을 깔고 반죽을 넣은후, 잘데 다진 호두와 아몬드를 올려줍니다', '180도 오븐에서 20분가량 구워내시면 된답니다\n오븐']",[],"['1컵', '3개', '8스푼', '50ml', '6스푼', '', '']"
381,빵,,,,엥 이거 완전 꿀조합 아니냐.. 오레오 치즈케이크 만들기!,https://www.10000recipe.com/recipe/6873390,"42,854",C Channel,6인분 이상,5분 이내,아무나,"['오레오', '크림치즈', '설탕', '달걀', '우유']","오레오+크림치즈 꿀조합..♡
오레오 치즈케이크 만들기!","['오레오를 믹서로 가볍게 부수어 3분의 2를 케이크 틀에 넣는다.', '상온에 둔 크림치즈를 믹서에 넣고, 설탕, 계란, 우유와 함께 질퍽해질 때까지 섞는다.', '1위에 2를 넣고 마지막에 나머지 오레오를 얹는다.', '오븐 180도에서 30분 구워 색이 들면 OK.\n오븐', 'v열기가 사라진 후 냉장고에 하룻밤 두면 완성입니다 ♪']","['치즈', '디저트', '케이크', '오레오', '치즈케이크']","['9개', '200g', '30g', '1개', '2Ts']"
382,빵,,,,"톡톡 터지는 옥수수의 식감이 좋은 ""콘에그빵"" 만들기",https://www.10000recipe.com/recipe/6884174,"31,603",xhxh1219,3인분,10분 이내,아무나,"['밀가루', '설탕', '계란', '소금', '식용유', '콘옥수수']",추억의 계란빵! 콘옥수수가 들어가 더 맛있어요~!^^,"['계란 두개에 설탕과 식용유를 넣고 풀어주세요.', '밀가루를 체쳐 넣고 주걱으로 섞어줍니다.', '콘옥수수를 넣고 싶은 만큼 넣어주세요.', '종이컵에 70%정도 채운 뒤,', '전자레인지에 3분 동안 돌려주면 완성~!\n전자레인지']",[],"['60g', '80g', '2개', '3g', '40g', '적당량']"
383,빵,,,,편스토랑 이정현'고구마파이',https://www.10000recipe.com/recipe/7053625,746,잔근육,3인분,10분 이내,아무나,"['토르티야지름20cm', '삶은 고구마250g', '모차렐라치즈', '우유70ml', '계란']","이정현의 '고구마파이'는 고구마 삶는거 제외 10분 이면 완성됩니다.재료도 간단해 누구나 쉽게 따라할 수 있고 식사대용,간식으로 도 포만감있고 든든해요.","['볼에 삶은 고구마는 껍질을 까서 으깨고 우유1/3컵를 넣고 고구마무스로 부드럽게 만들어줍니다.\n믹싱볼\n,\n스푼', '우유는 한번에 다 넣지 말고 고구마가 골고루 흡 수할 수 있도록 조금 씩 나눠서 넣어줍니다.', '계란1개는 잘 풀어줍니다.\n볼\n,\n스푼', '토르띠야 위에 고구마무스를 펴 발라줍니다.가장 자리를 1~2cm남겨 줍니다.', '고구마무스 위에 모차렐라치즈 120g을 올리고', '계란물로 토르티야 테두리를 발라줍니다.', '새 토르티야 한장을 덮어줍니다. 이때 계란물이 접착 제 역할을해서 토르 티야가 붙도록 꾹꾹 눌러서 고구마파이 모양을 만들어줍니다.', '남은 계란물을 토르띠야 위에 발라줍니다.', '에어프라이어 에180도 6~7분 구워줍니다.\n종이호일\n,\n에어프라이어', '예열된 오븐에 180도 5분, 프라이팬은 달군 후 앞뒤로 2분씩 약불 에서 구워줍니다.', '초간단 고구마파이 완성!\n접시', '바삭한 토르티야에 촉촉 하고 부드러운 고구 마우스와', '쭉~늘어 나는 모차렐라 조합 이 맛이 없을 수 없어요.']","['편스토랑이정현고구마파이', '삶은고구마요리', '고구마파이레시피', '토르티야요리', '에어프라이어요리']","['지름20cm', '250g', '120g', '70ml', '1알']"
384,빵,,,,동글동글 귀여운 문어모양 핫도그 만들기,https://www.10000recipe.com/recipe/6892107,"38,610",따봉이kitchen,6인분 이상,30분 이내,아무나,"['구매', '핫케이크가루', '물또는 우유', '계란생략가능', '체다치즈', '돈가스소스', '구매']","동글동글 너무나 귀여운 문어모양 핫도그 래시피를 알려드릴까합니당♡♡♡
만드는법도 간단한데 재료가 너무나 간단해서
더욱 좋은 레시피랍니당♡♡♡","['재료를 준비해주세요~.', '비엔나소세지에 1cm만 남기고 +모양 칼집을 내주세요~.', '핫케이크가루와 물또는 우유, 계란을 넣고 반죽을 만들어주세요~.', '반죽은 되작하게 만들어주세요~.', '꼬지에 칼집을 낸 비엔나소세지를 꽂아주세요~.', '칼집을 안낸부분에 1차적으로 반죽을 뭍혀주세요~.', '예열된 기름에 반죽을 뭍힌 부분만 중불에서 2분정도 튀겨주세요~.', '2차적으로 반죽을 한번 더 뭍혀주세요~.', '이번엔 통째로 기름에 넣고 중불에서 3분정도 튀겨주세요~.', '노릇노릇하게 튀긴 문어핫도그는 키친타올에 받쳐 기름을 빼주세요~.', '저는 체다치즈로 문어의 눈을 만들어주었어요~.', '돈가스 소스로 눈을 찍어주면완성이랍니당~.']","['미니핫도그', '비엔나소세지', '도시락', '아이간식', '간식', '문어핫도그', '소풍도시락', '핫도그', '유치원도시락', '핫케이크가루', '핫케이크', '남자친구도시락']","['원하는만큼', '1종이컵', '또는 우유', '생략가능', '', '', '원하는만큼']"
385,빵,,,,새우 아보카도 토스트(Shrimp Avocado Toast),https://www.10000recipe.com/recipe/6879476,"71,254",알코,1인분,30분 이내,초급,"['식빵', '모짜렐라치즈', '체다치즈혹은 페퍼 잭 치즈', '새우', '아보카도', '방울토마토', '소금', '후추']","요즘 토스트에 꽂혀 집에 있는 각종 재료를 넣고 다양한 시도를 해 보고 있다.
그중 우리가 극찬에 극찬을 하며 홀린 듯 먹어치운 토스트가 있었으니 바로 멕시칸 스타일의 #새우아보카도 #토스트 되시겠다!","['식빵에 모짜렐라 치즈와 체다 혹은 페퍼 잭 치즈를 골고루 뿌린다.', '소금과', '후추를 취향대로 뿌린다.', '새우를 팬에 살짝만 구워준다.\n오븐에 돌릴 테니 완전 익힐 필요는 없다.', '치즈를 올린 식빵에 으깬 아보카도와 새우 그리고 방울토마토 슬라이스를 올리고', '마지막에 체다치즈 약간을 흩뿌린다.', '오븐 180도에 약 7분간 굽는다.\n오븐', '완성!!!\n이미 비주얼부터 심장어택이지만 맛은 상상 그 이상이다.\n집에 재료가 있다면 꼭!!! 한번 만들어 보세요.']","['홈브런치', '브런치', '샌드위치', '새우', '아보카도', '푸드스타일링']","['2개', '1움큼', '혹은 페퍼 잭 치즈', '6-8마리', '1개', '3개', '약간', '약간']"
386,빵,,,,"[영국주방] 달지 않고 촉촉한 맛, 크림치즈 컵케이크(Creamcheese Cupcakes)",https://www.10000recipe.com/recipe/6895797,"65,709",MrsPeach,6인분 이상,60분 이내,아무나,"['박력분', '크림치즈라이트도 가능', '실온 무염버터', '설탕', '베이킹파우더', '계란', '아몬드슬라이스선택']","아이들에게는 아몬드 밀크나 우유와 함께 곁들여 먹으면 좋고, 어른들은 아메리카노와 같은 커피와 먹어도 담백하고 부담스럽지 않게 즐길 수 있어요 :D","['실온 무염버터 80g과 크림치즈 150g을 볼에 넣고 크림화 시켜주세요\n저는 크림치즈 라이트를 사용했는데 일반 크림치즈보다 맛이 연하니 참고해 주세요 :D\n오븐은 180도로 예열해 주세요\n오븐', '크림화해 놓은 볼에 설탕 100g을 넣고 섞어주세요\n조금 덜 달게 먹고 싶다면 80g~90g 정도 넣고 만들어 주셔도 돼요!', '계란 2개를 흰자와 노른자로 분리한 뒤, 노른자를 먼저 넣고 섞어주세요', '계란 흰자(2개 분량)을 볼에 넣고 섞어주세요', '박력분 150g과 베이킹 파우더 4g을 볼에 체 쳐서 넣고 섞어주세요', '머핀 틀에 반죽을 넣고 아몬드 슬라이스를 올려주세요!\n그리고 180도로 예열한 오븐에 넣고 15분~20분 정도 구워주세요!\n저는 반은 올리고 반은 플레인으로 했어요']","['크림치즈', '크림치즈머핀', '크림치크컵케이크', '컵케이크', '머핀', '홈베이킹', '베이킹', '치즈컵케이크', '치크케이크', '치즈머핀']","['150g', '라이트도 가능', '80g', '100g', '4g', '2개', '선택']"
387,빵,,,,[만개백과] EP. 18 가끔 생각나는 야채샐러드빵,https://www.10000recipe.com/recipe/6981951,"11,770",만개의레시피,2인분,30분 이내,아무나,"['모닝빵', '양배추', '당근', '오이', '설탕', '식초', '소금', '마요네즈', '머스터드', '케찹']","특별한 무언가가 없는데도 생각나는 빵인데요.
햄이나 맛살 같은게 있어도 좋지만 야채만으로도 완벽하답니다!
오늘도 맛있게 드세요 ^^","['양배추, 당근은 얇게 채 썰고 오이는 얇게 어슷 썰어 준비해요.\n오이는 기호에 맞게 생략해도 좋아요.', '볼에 양배추, 당근을 넣고 설탕, 식초, 소금을 넣어 약 10분간 재워요.\n볼\n소금을 너무 많이 넣으면 짤 수 있으니 조금만 넣어주세요.', '물기를 제거한 양배추에 마요네즈, 머스타드를 넣어 버무려요.\n홀그레인 머스타드, 허니 머스타드 등을 넣어도 좋아요.\n양배추를 추가해서 샐러드로 이용해도 좋아요.', '모닝빵은 반을 잘라 핫도그 번처럼 만들어요.', '모닝빵 안에 오이를 올리고 버무려 놓은 채소를 듬뿍 넣어 속을 채워요.', '케찹을 뿌려 완성해요.']",[],"['4개', '120g', '30g', '1/2개', '1숟가락', '1숟가락', '1/4숟가락', '3숟가락', '1숟가락', '1숟가락']"
388,과자,,,,마늘아몬드조림 레시피,https://www.10000recipe.com/recipe/7071744,"1,032",EllyaKr,4인분,20분 이내,아무나,"['마늘', '아몬드', '통깨', '식용유', '물', '물엿', '간장']","마늘과 아몬드를 좋아하신다면, 이 간식은 당신을 위한 것입니다. 빠르고 간단하죠 :)","['재료를 준비하세요. 마늘 껍질을 벗기세요. 팬에 기름을 두르고 달구세요. 마늘을 올리세요. 마늘이 노릇노릇해질 때까지 볶으세요 (5-7 min)', '마늘이 다 볶아지면 아몬드를 팬에 넣으세요. 마늘과 아몬드를 3-5분 더 볶으세요.', '팬에 간장, 물, 물엿을 넣으세요. 소스가 걸쭉해지고 마늘, 아몬드와 섞일 때까지 2-3분 더 볶으세요. 불에서 내리신 후, 깨를 뿌려서 드세요']","['마늘', '아몬드', '메인반찬', '반찬', '마늘아몬드']","['40개', '35개', '1티스푼', '15큰술', '2큰술', '2큰술', '2큰술']"
389,과자,,,,비스켓,https://www.10000recipe.com/recipe/6836906,"66,614",아내의식탁,6인분 이상,60분 이내,초급,"['밀가루박력분', '설탕', '소금', '무염버터', '우유', '베이킹파우더', '딸기잼']","오늘은 아이들 간식이나 식사대용으로 이용할 수 있는 일명 KFC 비스켓을 만드는 법을 알려드릴게요. KFC 비스켓은 겉은 바삭하고 속은 부드러운 비스켓이에요. 딸기잼과 곁들여서 모닝빵 대용으로 이용해도 좋은데요. 가족들의 기호에 따라 건크랜베리나 피칸, 초쿄칩 등을 넣어서 다양하게 응용하셔도 좋답니다.^^","['볼에 밀가루, 설탕, 소금을 섞어주세요. 차가운 상태의 버터를 넣고 주걱 또는 스크래퍼로 버터를 잘게 잘라주며 밀가루의 색이 노란색이 될 때까지 섞어주세요. 우유와 베이킹파우더를 넣어서 섞은 후 냉장고에서 30분정도 휴지시켜주세요.', '팬 위에 유산지를 깔고 적당한 크기로 반죽을 떼어서 올려주세요.', '예열한 오븐에서 180도로 15분간 구워주세요.\n오븐', '완성입니다!']",[],"['200g', '27g', '2g', '80g', '110ml', '6g', '']"
390,과자,,,,"카라멜 입힌 식빵팝콘 레시피, 홈극장 별미",https://www.10000recipe.com/recipe/6897704,"124,297",쿡팁,2인분,10분 이내,아무나,"['식빵', '물', '설탕', '우유', '버터']",집에서 영화 보시는 경우가 상당히 많으신데요. 영화만 보면 섭섭할 수 있지요. 그래서 준비한 식빵팝콘레시피에요.,"['식빵 2개를 가위로 네모지게 잘라 주세요.\n가위', '식빵을 프라이팬에 올려서 한번 구워내 주세요. 구워진 식빵은 다른곳에 덜어내 주세요.\n자른식빵 2개\n프라이팬\n중불', '물 5 T와 설탕 4T를 프라이팬에 올려 프라이팬에 열기에 녹아 내려 물엿처럼 될때까지 가만히 두세요.\n설탕 4T, 물 5T\n빨리 녹인다고 절대 저으시면 안돼요.', '설탕물이 끓어 오르기 시작하면 버터 1T를 넣어 주세요\n버터 1T\n이 때도 저으시면 안돼요.', '이렇게 버터가 녹으면 색깔이 카라멜 색상이 나와요.\n여기에 우유를 넣어 섞어주세요.\n이때 미리 구워 놓았던 식빵을 투하해 주세요. 식빵에 잘 묻어 나도록 잘 섞어 주세요.', '식빵에 카라멜 색상이 입혀지면 종이호일을 깔고 한킴식혀 주시면 굳어지면서 식감이 살아나요.\n종이호일', '영화 한편 보시러 가시죠~~']","['초간단', '간식', '식빵', '팝콘', '식빵팝콘', '레시피', '극장간식', '영화볼때']","['2장', '5T', '4T', '3T', '1T']"
391,과자,,,,"연유쿠키 만들기, 아이와 함께 즐기는 홈베이킹 레시피",https://www.10000recipe.com/recipe/7077396,500,몽글쿡,4인분,120분 이내,아무나,"['박력분', '연유단맛을 좋아하시면 10g 정도 추가 가능', '무염 버터', '소금', '바닐라 익스트랙선택']","아이와 함께 만들기 좋은 달콤한 연유쿠키를 구워보았어요.
특별한 재료 없이 집에 있는 기본 재료만으로 만들 수 있어서 부담 없고,
반죽도 어렵지 않아 아이와 함께 홈베이킹하기 좋은 메뉴랍니다.
버터의 고소한 풍미와 연유의 달콤함이 더해져 한 번 먹으면 자꾸 손이 가는 맛이에요.
주말 간식이나 간단한 선물로 추천드리는 연유쿠키, 지금 시작할게요.
​","['상온에 두어 말랑해진 버터를 볼에 넣고 거품기로 부드럽게 풀어주세요.\n마요네즈처럼 부드러운 질감이 되면 준비해주세요.\n버터를 충분히 풀어주면 반죽이 더욱 고르게 섞이고 식감도 좋아져요.', '부드러워진 버터에 연유와 소금을 넣고 골고루 섞어주세요.\n바닐라 익스트랙이 있다면 이때 함께 넣어주세요.\n은은한 향이 더해져 더욱 맛있는 쿠키를 만들 수 있어요.', '박력분을 체에 내려 넣어주세요.\n주걱을 세워 1자를 그리듯 자르면서 가볍게 섞어주세요.\n가루가 보이지 않을 정도로만 섞는 것이 중요해요.\n너무 오래 치대면 글루텐이 생겨 쿠키가 딱딱해질 수 있으니 주의해 주세요.\n반죽의 일부를 손으로 집어 가볍게 눌렀을 때 한 덩어리로 뭉쳐진다면 반죽이 잘 된 상태예요. 만약 가루가 흩어진다면 조금 더 섞어주시고, 너무 끈적거리거나 질다면 과하게 섞인 것은 아닌지 확인해 주세요.', '반죽이 완성되면 비닐봉지에 담아 원하는 모양으로 만들어주세요.\n원통형이나 사각형 모두 좋으며 냉동실에 30분에서 1시간 정도 넣어 단단하게 굳혀주세요.\n반죽이 충분히 굳어야 깔끔하게 썰 수 있어요.\n단단해진 반죽은 약 0.7~1cm 두께로 일정하게 썰어주세요.\n아이와 함께 쿠키틀을 이용해 다양한 모양을 만들어도 좋아요.\n만약 반죽이 말랑해졌다면 냉동실에 10분 정도 다시 넣어 단단하게 만든 후 작업해 주세요.', '오븐 팬에 종이호일을 깔고 쿠키 반죽을 일정한 간격으로 올려주세요.\n구우면서 약간 퍼질 수 있으므로 간격을 두고 배치하는 것이 좋아요.\n160도로 예열한 오븐에서 약 12~15분간 구워주세요.\n가장자리에 노릇한 색이 보이기 시작하면 바로 꺼내주시면 돼요.\n갓 구워 나온 쿠키는 매우 부드러운 상태라 쉽게 부서질 수 있어요.\n팬 위에서 5~10분 정도 그대로 식혀주세요.\n버터가 굳으면서 자연스럽게 바삭한 식감이 완성돼요.\n손으로 살짝 만졌을 때 ""이제 단단해졌네?"" 싶은 정도가 되면 식힘망으로 옮겨 완전히 식혀주세요.\n충분히 식혀야 겉은 바삭하고 속은 부드러운 연유 쿠키의 식감을 제대로 즐길 수 있어요.', '달콤한 연유와 고소한 버터가 만나 완성된 연유 쿠키는 남녀노소 누구나 좋아하는 간식이에요.\n특히 아이와 함께 반죽을 밀고 모양을 찍으며 만드는 과정 자체가 즐거운 추억이 된답니다.\n집에 있는 재료로 간단하게 만들 수 있으니 주말 홈베이킹 메뉴로 꼭 한번 만들어보세요.']","['연유쿠키레시피', '연유쿠키만들기', '키즈베이킹쿠키', '홈베이킹레시피쿠키', '홈베이킹', '박력분베이킹쿠키', '홈베이킹쿠키보관법', '연유레시피']","['200g', '단맛을 좋아하시면 10g 정도 추가 가능', '80g', '1g', '선택']"
392,과자,,,,♥[신혼밥상] 아몬드초코칩쿠기,https://www.10000recipe.com/recipe/6926078,"7,532",행복한윤블리네,2인분,30분 이내,초급,"['박력분', '코코아파우더', '아몬드 슬라이스', '무염버터', '설탕', '달걀노른자', '바닐라에센스']","초간단 간식
바삭바삭 고소함 가득
'아망디오 쇼콜라'
고급 디저트 아몬드 초코칩 쿠기
처음 만들어 봤는데 만족 만족*^.^*
햇살이 따뜻한 오후 커피한잔의 여유 메뉴!","['실온 무염버터 62g부드럽게 잘 풀어주세요.\n바삭함보다 부드러운 식감을 원하시면 버터 10g 추가', '설탕 40g 넣어주세요.\n단맛을 좋아하면 설탕 10g 더 추가!', '달걀 노른자 1개와 바닐라에센스 약간 넣고 잘섞어주세요.', '박력분 100g을 체에 걸러주세요.', '코코아 파우더 20g을 넣고 뭉쳐지 만큼만 반죽을 해주세요.', '슬라이스 아몬드를 넣고 단단해질때까지 반죽해주세요.', ""모양을 잡아 1시간정도 '냉동실'에 넣고 굳혀주세요.\n전날 미리 반죽해서 '냉장실'에 하루 휴지시켜줬더니 개인적으로 더 맛있었어요.\n틀에 넣어 잡아주면 모양이 일정해서 예쁨!"", '1cm 두께로 일정하게 잘라주세요.', '180도 온도에서 13~15분 정도 구워주세요.\n오븐기의 종류에 따라 온도차이가 있을 수 있어요^^;', '식힘망에 식혀주면 바삭 고소 아망디오쇼콜라(아몬드초코칩쿠키) 완성입니다.\n더 바삭함을 원한다면 식혔다가 1~2분 정도 살짝 더 구워주세요.']","['신혼밥상', '아망디오쇼콜라', '아몬드초코칩쿠키', '아몬드쿠키', '초코칩쿠키', '쿠키', '아이간식', '초간단간식', '과자', '디저트']","['100g', '20g', '60g', '62g', '40g', '1개', '약간']"
393,과자,,,,또띠아마늘칩 -10분이면 가능 또띠아칩 #간단간식,https://www.10000recipe.com/recipe/6860598,"117,340",시크제이맘,2인분,10분 이내,아무나,"['또띠아', '버터', '다진마늘', '파슬리가루', '꿀']","간단하게 누구나 만들수있는 바삭한또띠아칩
마늘과 버터를 넣어 더욱 맛있어요","['그릇에 버터1,다진마늘0.5,파슬린가루0.5,꿀1 또는 시럽\n마늘 좋아하심 양을 늘려주세요.\n버터는 전자렌지 또는 중탕으로 녹여주세요.\n전 미리 실온에 꺼내 두었답니다.\n잘 섞어주세요.\n전자레인지', '또띠아 위에\xa0 마늘소스를 고루 펴주고', '가위를 이용해 적당한 크기로 잘라 줍니다.\n오븐 180도 5분~8분정도 구워주면 완성\n중간 중간 체크해주세요.\n오븐', '또띠아마늘칩 완성']","['또띠아', '또띠아마늘칩', '또띠아칩', '간단간식', '간단레시피']","['2~3장', '1스푼', '0.5스푼', '0.5스푼', '1스푼']"
394,과자,,,,<호두비스킷> 재료가 딱 4가지~~너무 쉬운 베이킹~~^^,https://www.10000recipe.com/recipe/1135209,"43,010",문성실,2인분,60분 이내,아무나,"['호두', '달걀 흰자', '설탕', '밀가루']","요즘 이 호두 비스킷을 자주 만들어서 먹어요.. 만들기도 쉽고, 재료도 무지 간단하고....^^ 매달 구입해서 보고 있는 슈퍼레시피에 참으로 착하고 괜찮은 베이킹 레시피가 실렸더라고요... 이름하여 호두비스킷... 여러번 구워 먹어보고 제 입맛에 맞는 레시피를 다시 만들어 보았어요... 뭐~~호두 양 늘리고, 설탕 양을 줄이고....^^ 원래 레시피대로 하면 설탕의 양이 많다 싶어서 제 입맛에는 많이 달더라고요.. 그리고 호두의 양도 조금 더 늘려도 되겠다 싶어서 호두 잔뜩 넣고 구운~~ 바삭바삭 담백하고도 영양가 많은 과자가 만들어 지지요~~~ 대충 만들어도 맛있고, 신기하게 잘 구워지는 호두비스킷...ㅎㅎ","['먼저 호두(70g)는 칼로 잘게 다지고..... 다소 시간을 많이 잡아 먹는 부분이죠...ㅋㅋ 호두를 칼로 잘게 다지는 시간이 생각보다 많이 걸릴 수 있어요... 블랜더로 기름기가 나오지 않는 선(?)까지 보슬보슬하게 갈아 주셔도 좋아요....', '달걀흰자(1개분)에 설탕(40g)을 넣고.....', '거품기를 이용해서 저어주기....... 살짝만 저어주면 금세 이렇게 설탕이 녹으면서 뿌옇게 변해요~~', '호두 다진것과 밀가루(1큰술)을 넣고......', '그냥 섞어주기만 하면 이런 상태가 되지요....', '반죽을 숟가락을 이용해서 둥글넙적하게 펴주고.... 이때 주의할 건... 아무리 오븐 팬이 좋다고 하더라도~~ 이 얇고 바삭한 비스킷을 구울 때는 그냥 오븐팬 바닥에 굽지 말고.. 반드시 테프론 시트(실리콘 페이퍼)나 종이호일 같은 것을 깔고 구우시라는 거.....', '170도로 미리 예열한 오븐에 넣고 15~18분 정도 구워주면 끝.....\n오븐']",[],"['70g', '1개', '40g', '1큰술']"
395,과자,,,,비건베이킹인데 너무 맛있는 감자 크래커!,https://www.10000recipe.com/recipe/6930572,"44,142",MJ홈베이킹,5인분,60분 이내,아무나,"['박력분', '소금', '설탕', '카놀라유', '으깬감자', '장식용 설탕']","비건베이킹이에요 ~!
감자 좋아하시나요? 저 메쉬드 포테이토 환장하고 먹는 귀신인데
요 크래커 정말 좋아해요
입이 삼삼하니 심심할때 먹다보면 어느새 뚝딱 없어져요","['감자를 담은 볼에 물을 약간 넣고, 랩핑하여 전자레인지에 9분 돌립니다.\n전자레인지', '익은 감자를 으깨 준비해 주세요.', '박력분과 소금, 설탕을 한데 섞고', '오일을 넣어 부슬부슬하게 섞어 줍니다.', '반죽에 으깬감자를 넣고 섞어주며\n재료가 한 덩어리가 되도록 뭉치듯 반죽합니다.', '반죽에 종이호일을 깔고 밀대로 밀어 얇게 펴주세요.', '반죽을 원하는 형태로 잘라 팬닝 합니다.', '팬닝한 반죽에 포크로 구멍을 내고 설탕을 뿌려주세요.', '170도 예열된 오븐에서 15-20분 가량 구워 냅니다.\n[오븐 사양마다 차이가 있으니 구움색을 반드시 확인합니다.]\n오븐']","['감자', '감자베이킹', '감자처리', '감자간식', '감자베이킹만들기', '감자쿠키', '감자크래커', '크래커만들기', '핑거푸드']","['150g', '1g', '15g', '40g', '100g', '약간']"
396,과자,,,,아몬드샤브레,https://www.10000recipe.com/recipe/6847733,"37,805",해블랑,6인분 이상,2시간 이상,초급,"['버터3.5T', '설탕1/3컵', '노른자', '박력분1컵', '아몬드가루3T', '구매']",아몬드가루를 넣어 만들어서 그런가 기존의 샤브레쿠키보다 부드럽고 폭신한 식감이에요. 만들기두 간단하고 샤브레쿠키는 끝도 없는거같네요. 아몬드슬라이스를 한개씩 올려서 구웠더니 더 고급져 보인달까요. 선물용으로도 괜찮고 간식용으로도 딱이네요.,"['버터를 푼다.', '설탕을 넣고 섞는다.', '계란은 노른자만 넣고 섞는다.', '박력분과 아몬드가루를 체쳐넣고 섞은 후', '박력분과 아몬드가루를 체쳐넣고 섞은 후 모양을 잡아 2시간냉동한다.', '설탕을 묻혀', '일정하게 잘라주세요. 설탕을 묻히고 자르든 자르고나서 묻히든. 저는 묻히고 잘랐다가 굽기전에 한번 더 묻혀줬어요. 자르고 나면 설탕 다떨어짐.', '오븐(180℃)에서 13~15분간 굽기. 아몬드 슬라이스를 하나씩 올려줬어요. 반으로 짤라서 꽃모양으로 올려도 이쁠듯.\n오븐', '폭신폭신하며 부드러운 식감. 아몬드 샤브레 완성이에요. 기존의 샤브레보다 아몬드슬라이스 하나 올린것뿐인데 뭔가 멋스러운게 꼭 선물하고 싶은 쿠키네요.']",[],"['3.5T', '1/3컵', '1개', '1컵', '3T', '조금']"
397,과자,,,,아침대용식 콘바 세상에서 제일 쉬운 에너지바 만드는 법ㅣ처치곤란 시리얼의 변신ㅣYAMMoo,https://www.10000recipe.com/recipe/6899965,"39,715",얌무,6인분 이상,15분 이내,초급,"['콘시리얼', '올리고당', '설탕']","오늘은 처치곤란 시리얼로 에너지바를 만들어 봤어요. 콘 시리얼을 사용해서 콘바! 엄청 쉬운데 엄청 맛있습니다 :D
# 지퍼백에 넣고 냉장보관한 뒤 두고두고 드세요. 요즘같은 날씨엔 실온보관도 OK
# 라이스크이스피처럼 마쉬멜로우로 만든 바와는 다른 과자라고 생각하셔도 될 정도로 다릅니다. 제 입맛대로 말씀드리면 차이점은 이렇습니다.
1. 라이스크리스피 - 외국 과자 st맛, 달고 달고 달다, 열량에 비례한 존맛탱, 어른들은 싫어할 맛.
2. 콘바 - 어딘가 한과 느낌이 스물스물나는 에너지바, 적당히 달고 손이 계속 감, 어른들도 좋아할 만한 맛. 1에 비해 좀 더 건강한 맛.","['시리얼을 비닐팩에 넣고 반정도 닫은 후 평평하게 눌러주세요.', '냄비에 설탕, 올리고당을 넣고 강불에 끓여주세요.', '가장자리가 보글보글 끓으면 약불로 줄여 젓지말고 팬을 기울여 섞어주세요.', '전체적으로 끓으면 불을 끄고 시리얼을 넣고 섞어주세요.', '골고루 섞이면 약불로 켜고 골고루 볶아주세요.', '도마위에 종이호일을 깔고 시리얼을 부어주세요.', '손으로 눌러가며 모양을 잡아주세요.\n꽉꽉눌러야 모양이 흐트러지지 않아요.', '냉장고에 5분간 굳혀줍니다.', '칼로 잘라 완성합니다.']","['시리얼바', '에너지바', '콘바', '시리얼활용요리', '처치곤란시리얼', '아침대용', '얌무']","['2공기', '1/2종이컵', '1T']"
398,과자,,,,촉촉하고 부드러운 초코크랙쿠키 만들기(+버터없이도 가능해요~!!),https://www.10000recipe.com/recipe/6907004,"83,968",따봉이kitchen,6인분 이상,30분 이내,아무나,"['버터또는 식용유', '계란', '설탕', '소금', '박력분', '코코아파우더', '베이킹파우더', '슈가파우더']",만드는방법도 정말 간단하고 촉촉하고 부드러운 초코크랙쿠키를 만들어보았어요~!! 버터가 없다면 식용유로 대체해서 만들어도 좋은 초코크랙쿠키랍니다♡♡♡ 쿠키의 갈라짐이 너무 예쁘고 선물용으로도 정말 좋은 쿠키랍니다~!!♡♡♡ 아이들도 우유와함께 너무 잘먹고 어른들은 커피와함께 즐기기좋은 쿠키랍니다♡♡♡ 많이 달지않고 부드러워서 어르신분들도 좋아할쿠키에요~!!,"['재료를 준비해주세요~.', '버터는 부드럽게 풀어주세요~.\n(식용유는 그냥 사용하시면 된답니다~!!)', '설탕을 넣고 섞어주세요~.', '계란은 하나씩 넣어가며 섞어주세요~.\n(계란을 2개 동시에 넣으면 분리가 날수가 있기 때문에 하나씩 넣어주세요~!!)', '박력분, 베이킹파우더, 코코아파우더를 체에쳐 넣어주세요~.', '가루가 안보일때까지 섞어준뒤 냉장고에 10분정도 휴지시켜주세요~.', '반죽을 20g정도씩 분할해주세요~.', '동글동글하게 모양을 만들어주세요~.', '슈가파우더를 듬뿍 뭍혀주세요~.', '쿠키가 구워지면서 커지기때문에 간격을 유지해주세요~.', '180도의 오븐에서 10분 구워주면 예쁘고 맛있는 초코크랙쿠키 완성입니다~!!♡♡♡\n오븐']","['초코쿠키', '홈베이킹', '크랙쿠키', '초코크랙쿠키', '쿠키', '아이간식', '간단베이킹', '간단간식', '발렌타인데이', '화이트데이']","['또는 식용유', '2개', '100g', '2꼬집', '180g', '50g', '4g', '']"
399,과자,,,,초초초 간단 치즈 과자 만들기!!!,https://www.10000recipe.com/recipe/7071602,426,ADP,1인분,5분 이내,아무나,['치즈'],초 간단 전자 레인지로 만드는 치즈 과자~~~,"['종이 호일을 전자레인지 바닥에 맞게 잘라 주세요!', '치즈를 놓고 1분10초를 전자레인지에 돌려 줍니다!', '전자레인지를 열어서 수증기를 날린 뒤,30초를 더 돌리면...', '완성!!!']",[],['']
400,과자,,,,사랑가득 하트 파이 쿠키,https://www.10000recipe.com/recipe/1607382,"43,416",메기맹이,4인분,120분 이내,중급,"['박력분', '차가운 우유', '차가운 물', '버터', '슈가파우더', '소금']",바삭하고 고소한 하트 파이 쿠키입니다.,"['분량의 재료를 넣고 반죽해 냉장고에 휴지시키면서 3절접기를 3~4번 정도 해줍니다.', '바닥에 설탕을 충분히 뿌리고 밀대로 넓게 밀어줍니다.', '대략 1/4 조금 안되게 양끝을 각각 접습니다.', '한번 더 양끝을 접어줍니다. 가운데에 틈이 있도록 해야 반으로 접을수 있으니 위에 말한듯이 1/4가 덜되게 접도록 하세요.', '반으로 접은 다음 랩으로 싸서 풀리지 않게 고정시킨 다음냉장에 20~30분 정도 휴지시킵니다.', '반죽을 꺼내 다시 설탕에 굴린 다음 1cm 두께로 잘라줍니다. 구워지는 동안 많이 부풀게 되니 간격을 넓게 두고 올려준다음 180도로 예열된 오븐에 15~20분정도 구워냅니다. 굽는 중에 벌어질수 있기 때문에 굽고 약 5분정도 되면 젓가락으로 모아 모양을 잡아가며 구워줍니다. 다구워지면 식힘망에 식혀줍니다.\n오븐']",[],"['200g', '40ml', '40ml', '160g', '20g', '2g']"
401,과자,,,,진한 리얼 치즈 쿠키 ! 치즈좋아하면 강추,https://www.10000recipe.com/recipe/6928509,"8,315",MJ홈베이킹,4인분,60분 이내,아무나,"['무염버터', '설탕', '계란', '박력분', '파마산 치즈가루']","파마산 치즈가루 처분용으로 즐겨만드는 레시피에요 :)
하지만 처분이라기엔 너무맛있어서 선물하려다 야금야금 다 먹어버려요 ㅋ_ㅋ","['파마산 치즈가루와 박력분을 섞어 놓습니다.', '버터를 부드럽게 풀어 주고, 설탕을 넣고 가볍게 섞어 주세요.', '풀어놓은 계란을 넣고 섞어 줍니다.', '설탕의 서걱거림이 남아있을 정도로만 잘 섞어 준 뒤,\n파마산 치즈가루 + 박력분을 체 쳐 섞어줍니다.', '이미지처럼 주걱으로 가르듯이 섞어주세요 (치대지마세요)', '뭉쳐진 반죽을 모양을 잡아 랩핑 한 뒤 휴지 시켜 주세요\n[냉동실 1시간 이상]', '휴지가 끝난 반죽을 적당 간격으로 썰어 팬닝 해주세요', '180도 예열된 오븐에서 10분간 구워 주세요.\n[오븐 사양마다 차이가 있으니 구움색 확인 꼭 해주세요]\n오븐']","['치즈쿠키', '치즈', '치즈베이킹', '파마산치즈', '파마산', '초간단치즈쿠키', '진한치즈쿠키', '리얼치즈쿠키']","['150g', '90g', '1개', '180g', '100g']"
402,과자,,,,너무 간단한 베이킹~블루베리 크럼블 타르트 에요~^^,https://www.10000recipe.com/recipe/6832551,"72,656",달콤릴리,4인분,60분 이내,초급,"['박력분', '아몬드가루', '버터', '설탕', '소금', '냉동블루베리']","만들기는 간단하지만 근사하고 맛있는 쉬운 베이킹 소개해 드려요 쿠키같은 바삭한 식감,블루베리로 촉촉한 속 모양은 타르트 선물하시기도 너무 좋습니다","['아몬드가루와 밀가루는 체에 한번 내려주고 설탕과 소금을 넣어 고루 잘 섞어준다', '. 버터를 넣고 주걱으로 자르듯이 섞어준다', '전 도우블랜더가 있어서 주걱대신 사용했습니다', '어느정도 버터가 잘게 잘라지면 손으로 날가루가 보이지 않게 반준해준다', '보슬보슬 반죽이 되면 끝', '타르트 틀에 반죽한 가루중 2/3 를 넣고 꾹꾹 눌러준다', '블루베리를 고루 넣어준다\n(전 모듬베리로 한개 더 준비해 봤어요~^^*)', '나머지 반죽을 위에 뿌려준다', '180도로 예열한 오븐에서 30분정도 구워준다\n(각자 오븐 온도 살피시고 구워지는 색을면서 구워주세요~)\n오븐', '완성~!!\n꺼내서 식혀주세요']",[],"['160g', '40g', '100g', '90g', '2g', '1컵']"
403,과자,,,,달콤 바삭 캬라멜 식빵팝콘 만들기,https://www.10000recipe.com/recipe/6895214,"39,041",따봉이kitchen,2인분,30분 이내,아무나,"['식빵', '버터', '설탕', '물', '우유']","식빵으로 만드는 달달하고 바삭바삭한 캬라멜 팝콘을 만들어보려고합니다~~~!!!♡♡♡
만드는법도 정말 간단하고 남녀노소 누구나 좋아할 주전부리인데요~
달콤한 캬라멜소스와 바삭바삭한 식빵의 조화가 정말로 환상적인 팝콘이랍니당~~~!!!♡♡♡ 아이들 간식으로도 정말 강추드려용♡♡♡
다함께 만들어보실까용~~~???","['재료를 준비해주세요~.', '식빵을 가로 1cm × 세로1cm 크기로 잘라서 준비해주세요~.', '마른팬에 자른 식빵을 넣고 중불에서 10분정도 구워주세요~.', '식빵겉면이 딱딱해진느낌이면 된거에용~~~!!!\n식빵에 색이 안나게 하는게 모양이 예뻐서 중불에 오래도록 구워주는것이랍니다~.', '잘구워진식빵을 체에받쳐서 빵가루를털어내주세요~.', '팬에 설탕과 물을 넣고 센불에서 절대로 젓지말고 녹여주세요~.', '설탕이 모두 녹았으면 중불로 낮춰준뒤에 버터를 넣고 녹여주세요~.', '버터가 다 녹았다면 우유를 넣어주세요~.', '중불에서 늘러붙지않게 계속 휘저어가면서 캬라멜색이날때까지끓여주세요~.', '캬라멜색이나면 불을 약불로 줄여주세요~.', '아까 구워두었던식빵을 캬라멜소스에 넣고 약불에서 30초정도 재빠르게 볶아주세요~.', '캬라멜소스를 식빵에 골고루 뭍혀주세요~.', '쟁반에 호일이나 종이를 깔아주세요~.', '식빵팝콘을 쟁반에 부은 후 식혀서 드시면 완성이랍니다~~~!!!♡♡♡']","['식빵', '식빵요리', '식빵팝콘', '팝콘', '팝콘만들기', '캬라멜팝콘', '노오븐', '초간단', '초스피드', '간식', '아이간식', '맥주안주', '소주안주', '술안주', '간단안주', '간단한안주', '캬라멜소스', '캬라멜', '간단간식', '초간단간식', '초스피드간식', '식빵활용']","['7쪽', '1큰술', '1/2종이컵', '1소주컵', '1종이컵']"
404,과자,,,,초코 마블 쿠키,https://www.10000recipe.com/recipe/6907230,"25,208",초록바람N,4인분,60분 이내,아무나,"['박력분', '아몬드가루', '슈가파우더', '소금', '노른자', '버터', '바닐라익스트랙', '코코아가루']",지난번에 이어 설에 조카에게 만들어 주었던 쿠키에요~ 이것도 조카가 책에서 콕 집었던건데 알록달록한게 예뻐보였나봐요. ㅎㅎ 덕분에 마블 쿠키는 정말 오랜만에 만들어봤어요~갓 구워 한김식혀 먹음 바사삭 맛있는 쿠키에요~ 초코로 마블을 만들어 초코맛도 살짝 나구요~ 아이들이 좋아할수 밖에 없는 쿠키인것 같아요~ 알록달록한 초코 마블 쿠키~! 만들어보아요~,"['실온의 버터를 부드럽게 풀고, 슈가파우더, 소금을 넣고 가볍게 섞은 뒤, 계란 노른자와 바닐라 익스트랙을 넣고 잘 섞어주세요.', '박력분과 아몬드 가루를 체쳐 넣고, 주걱으로 부슬할 정도로 섞은 다음,', '60 g의 반죽을 다른 볼에 덜어 코코아 가루를 넣고,', '완전히 섞어 각각 한덩어리로 뭉쳐주세요.', '흰색반죽에 초코 반죽을 조금씩 떼어 섞어가며 마블을 만든 뒤, 원통형으로 모양을 대충 만들어주세요.', '넉넉한 크기의 종이호일이나 유산지를 깐 후, 그 위에 반죽을 놓고 유산지를 반으로 접어, 그 위에 긴 자를 놓은 뒤, 바닥의 유산지는 위쪽 방향으로, 자를 잡은 손은 아랫쪽 방향으로 힘을 줘, 동그란 원통 모양으로 만들어주세요. 이렇게 하면 동그란 모양을 좀더 예쁘게 만들수 있어요', '원통모양이 완성이 되면 반죽을 유산지에 말아 잘 봉한 뒤, 냉동실에서 한시간 정도 굳혀줍니다.', '실온에 잠시 두었다가 살짝 냉기가 빠졌을때, 0.5 cm 두께로 잘라 팬닝 한 후, 170 ~175도로 예열된 오븐에서 12~15분 정도 노릇하게 구워주세요.\n오븐']","['마블쿠키', '쿠키', '쿠키만들기', '홈베이킹', '간단한쿠키', '선물용쿠키', '마블초코쿠키', '아이스박스쿠키']","['130g', '30g', '65g', '약간', '1개', '80g', '2/3ts', '3g']"
405,과자,,,,"고소함 가득, 아망디오 쇼콜라",https://www.10000recipe.com/recipe/6925559,"13,785",버니파이Bunnify,4인분,90분 이내,아무나,"['실온 무염버터', '슈가 파우더', '실온 달걀 노른자', '바닐라 익스트랙', '박력분', '코코아 파우더', '아몬드 슬라이스']","바삭한 식감에 아몬드를 듬뿍 넣어 고소함이 가득해요!
담백하고 상큼한 크랜베리 쿠키는 어떠세요?
@6922869","['버터를 부드럽게 풀어준 후, 슈가 파우더를 넣고 잘 섞어 주세요', '달걀 노른자와 바닐라 익스트랙트를 넣고 잘 섞어 주세요', '박력분과 코코아 파우더를 체 쳐서 넣고 가르듯이 섞어 주세요', '아몬드 슬라이스를 넣고 가볍게 섞어 주세요', '반죽이 한 덩이가 되도록 치대어 주세요(너무 많이 치대지 말아 주세요)', '완성한 반죽을 비스킷 몰드에 넣고 냉동실에서 1시간 굳혀 주세요', '냉동실에서 반죽을 꺼낸 후, 1cm 두께로 반죽을 잘라 주세요', '테프론 시트를 깐 팬에 놓아 주세요(구울 때 많이 퍼지는 쿠키는 아니예요)', '180°C에서 15분 간 구워 주세요(오븐에 따라 시간과 온도는 다를 수 있어요)\n오븐', '팬에 5분 간 그대로 두었다가, 식힘망으로 옮겨 완전히 식혀 주세요', '맛있게 드세요!']","['아망디오쇼콜라', '초코쿠키', '초콜릿쿠키', '아몬드쿠키', '초코아몬드쿠키', '사브레', '사브레쿠키', '초코사브레', '아몬드사브레']","['82g', '62g', '20g', '1/8tsp', '120g', '12g', '62g']"
406,과자,,,,초간단 식빵 츄러스 레시피!달콤바삭한 꿀맛간식,https://www.10000recipe.com/recipe/6895633,"74,951",뽀유TV,2인분,5분 이내,아무나,"['식빵', '버터', '설탕', '계피가루']",놀이동산 가면 츄러스 항상 사먹는데요!놀이동산 츄러스 만큼은 아니더라도 집에서 식빵을 가지고 츄러스처럼 맛있게 만들수 있어요^^만들기도 너무 쉬워서 간식으로 추천드려요!,"['먼저 식빵을 스틱모양으로 잘라주세요!', '달궈진 팬에 버터를 녹여줍니다.', '녹은 버터에 식빵을 올려 바삭하게 구워 줍니다.', '비닐봉투에 설탕과 계피가루를 넣고 섞어주세요\n계피가루 양은 본인 기호에 맞게 조절하셔도 되요', '식빵을 설탕+계피가루 봉투에 넣어준뒤 쉐킷쉐킷 흔들어 주심 끝!\n식빵이 따뜻할때 섞어주셔야 잘 묻어납니다.', '초간단하게 만든 달콤바삭한 식빵 츄러스 완성입니다^^', '한개먹어보니 달콤한 설탕에 계피향이 솔솔 나면서 바삭하니 맛있어요!']","['식빵츄러스', '츄러스', '식빵', '식빵요리', '식빵간식', '간식만들기', '초간단', '초간단간식', '간단한간식', 'recipes']","['3장', '3T', '3T', '1T']"
407,과자,,,,"초코비스코티:노버터,노오일,노밀크,노휴지(休止)...노실패!",https://www.10000recipe.com/recipe/6857432,"14,444",재미마미,4인분,30분 이내,아무나,"['달걀', '설탕', '밀가루', '소금', '베이킹파우더', '무가당코코아가루', '견과류']","두번 구워야 하는 번거로움에도 불구하고
만들기 쉽고 실패할 일 전혀 없는 쿠키에요
홈베이킹 하기에 딱 좋은 쿠키랍니다","['설탕과 계란을 넣어 잘 섞어주세요', '가루류를 모두 넣어 날가루가 보이지 않게 섞어주세요', '견과류를 넣어 섞어주세요', '반죽은 냉장고에서 휴지시킬 필요없이\n바로 오븐팬에 길게 펼쳐 담아주세요', '180도 오븐에서 20분 구운 후 꺼내주세요:이 때 오븐은 끄지 마세요\n오븐', '구어져 나온 덩어리를 빵칼로 얇게 썰어주세요', '다시 오븐에 넣어 온도를 200도로 높인 후 앞뒤로 10분씩 구워주세요:\n망으로 된 팬에 구우면 뒤집을 필요없이\n15분 정도만 구워주면 됩니다', '두번 구운 쿠키라는 뜻의\n이탈리안 쿠키:비스코티에요\n코코아가루를 넣어 초코비스코티라고\n이름 붙였구요']","['비스코티', '홈베이킹', '참쉬운베이킹', '누구나', '초보베이킹', '초코비스코티', '이탈리안쿠키', '쿠키']","['4개', '125g', '230g', '약간', '3g', '20g', '2봉']"
408,과자,,,,"[식빵요리]딸기쨈식빵쿠키,아이간식 만들기",https://www.10000recipe.com/recipe/6870667,"91,598",꽃청춘이주부,2인분,30분 이내,아무나,"['식빵', '딸기쨈', '슈가파우터없으면패스']","늦잠자고 일어난 주말 아점으로 식방 구워서 딸기쨈에 발라서 먹을가 하다가
이왕이면 좀더 맛있게 먹고 싶어서 딸기잼 식빵쿠키를 만들어 보았어요.","['[식빵요리]딸기잼식빵쿠키,아이간식 만들기', '재료:식빵3장,딸기쨈6스푼 ,슈가파우터(없으면패스)\n쿠키4개기준', '식빵 3장을 모두 테두리를 제거해주세요.', '3장중에 1장만 4등분을 한뒤 병뚜껑을 이용해서 가운데 구멍을 내줍니다.', '이제 남은 식빵 2장은 밀대를 이용해서 납작하게 만들어 준뒤\n2장을 모두 4등분해서 8개를 만들어주세요.', '밀대로 밀어놓은 식빵에 딸기잼을 반스푼을 바른뒤', '그위에 밀대로 밀어놓은 식빵으로 덮어줍니다.', '그리고 구명을 내놨던 식빵을 위에 올려준뒤', '구멍에 딸기잼을 한스푼 넣어주세요.', '순서는\n밀대로밀어놓은식빵-딸기잼1/2스푼-밀대로밀어놓은식빵-구멍낸식빵-딸기잼1스푼\n순서로 모두 만들어주세요.', '180도로 예열한 오븐에 10분정도 구워내줍니다.\n오븐', '그냥 먹어도 맛있지만~\n예쁘게 먹고싶어서 위에 슈가파우더를 조금 뿌려주었어요.\n이렇게 해서 딸기잼식빵 쿠키가 완성이 되었어요.']","['요리레시피식빵딸기쨈쿠키', '식빵쿠키', '방학간식만들기', '아이간식레시피']","['3장', '6스푼', '없으면패스']"
409,차/음료/술,,,,땅콩버터 두부쉐이크,https://www.10000recipe.com/recipe/7054093,"7,623",만개의레시피,2인분,15분 이내,아무나,"['바나나', '두부', '땅콩버터', '우유', '소금', '알룰로스', '땅콩분태']","아침을 챙겨 먹는 건 정말 힘든 일이에요! 바쁜 아침에 간단하게 뭘 먹을 수 있을까요?
오늘은 고~소한 땅콩버터가 들어간 땅콩버터 두부쉐이크를 알려드릴게요.
바나나, 두부, 땅콩버터가 들어가 영양은 물론 아침에 속까지 든든하게 만들어줘요.","['두부는 가볍게 물기를 닦아요.\n키친타올', '바나나는 한입 크기로 잘라요.\n도마\n,\n조리용나이프', '믹서기에 바나나, 두부, 우유, 소금, 땅콩버터, 알룰로스를 넣어요.\n믹서기\n기호에 따라 당도는 조절해주세요.', '곱게 갈아 컵에 나눠 담아요.\n컵', '땅콩분태를 뿌려 완성해요.']","['땅콩버터', '두부쉐이크', '단백질쉐이크', '쉐이크레시피']","['2개', '1/2모', '60g', '300ml', '약간', '2T', '약간']"
410,차/음료/술,,,,"아이들이 좋아하는 초간단 간식, 퐁크러쉬 쉐이크 레시피",https://www.10000recipe.com/recipe/6905021,"36,451",쿡팁,1인분,5분 이내,아무나,"['죠리퐁', '우유', '쿠앤크아이스크림']",너무 간단해서 황당스럽지만 그 맛은 일품인 퐁크러쉬를 소개할게요.,"['준비물을 준비해 주세요.\n죠리퐁, 쿠앤크, 우유, 잔', '쿠앤크 아이스크림을 잘게 썰어 주세요.', '우유를 부어 주세요.\n우유가 아이스크림 잠길만큼만 넣어 주세요.', '죠리퐁을 부어 주시면 돼요.', '퐁크러쉬 쉐이크 완성입니다.']","['초간단', '간식', '레시피', '쉐이크', '음료']","['1봉지', '100ml', '1개']"
411,차/음료/술,,,,미나리카레전(안 해 먹으면 평생 후회),https://www.10000recipe.com/recipe/6911586,"37,981",비바스밥,2인분,15분 이내,초급,"['미나리', '부침가루', '물', '카레가루']","♡ 미나리와 카레의 환상 궁합입니다
아이들도 맛있게 먹을 수 있는 맛이예요^^","['미나리 한움큼을 잘 씻어 준비해요', '부침가루 200, 물 300을 넣어요', '거품기로 잘 풀어요 충분히 저어주어야 쫄깃해요', '카레가루를 2숟가락 넣어서 잘 풀어요', '미나리는 짧게 잘라요', '풀어 놓은 부침가루 반죽에 미나리를 넣어요', '달군 팬에 한 주걱을 얹어요', '가장자리가 익어 갈 때 뒤집었어요', '앞뒤 모두 노릇하게 구워요']","['미나리', '미나리전', '간식']","['1움큼', '200ml', '300ml', '2숟가락']"
412,차/음료/술,,,,요즘 인스타에서 엄청 핫~한! 과육이 팡★팡 리얼 생딸기우유,https://www.10000recipe.com/recipe/6881910,"44,719",스마트카라,1인분,10분 이내,아무나,"['딸기', '설탕', '우유']","진짜 딸기 과육이 팡팡 씹히는 혜자 딸기우유♥
싱싱한 제철 겨울딸기로 인스타 분위기 제대로~!","['딸기는 깨끗이 씻어 준비한다.', '딸기 5개는 깍둑썰기하여 준비한다.\n딸기 5개', '딸기 10개는 볼에 넣어 설탕과 함께 으깨준다.\n딸기 10개,설탕 3T\n볼', '컵에 3을 넣고 우유를 붓는다.\n우유 300ml', '4 위에 깍둑 썰기한 딸기를 올려 완성한다.']","['음식요리', '레시피', '딸기', '생딸기우유', '디저트', '간식', '과육', '겨울', '인스타', '리얼딸기']","['15개', '3T', '300ml']"
413,차/음료/술,,,,♥[신혼밥상] 바나나&곡물 쉐이크,https://www.10000recipe.com/recipe/6931139,"5,190",행복한윤블리네,1인분,5분 이내,아무나,"['얼린 바나나', '우유', '미숫가루']","바쁜 아침!
간단 든든 배불 배불한 한끼식사~
바나나우유에 곡물을 더해 더욱 고소해졌습니다.
아침식사는 물론 다이어트 식단
그리고 아이들 간식으로 적극추천해요.","['얼린 바나나 1개를 믹서기에 넣어주세요.\n바나나껍질을 벗겨서 그릇에 담아 냉동실에 보관하면 오래 두고 시원하게 드실 수 있어요.', '우유 200ml을 넣어주세요.', '미숫가루 1숟가락을 넣어주세요.', '믹서기에 위~~잉 갈아주세요.\n걸쭉하면 우유 추가^^', '5분 쉐이크 완성!']","['신혼밥상', '바나나우유', '곡물쉐이크', '미숫가루', '간식', '아침식사', '쉐이크', '바나나쉐이크', '다이어트', '바나나']","['1개', '200ml', '1숟가락']"
414,차/음료/술,,,,겨울음료 진저레몬티,https://www.10000recipe.com/recipe/7070043,439,뿡씨스터즈,5인분,10분 이내,아무나,"['생강', '물', '레몬']","겨울에 몸도 보호하고
지친 하루의 피로를 풀어줄
겨울음료 진저레몬티 끓여 볼게요","['생강 넉넉히 준비!', '생강은 껍질을 벗겨 잘게 썰어 주세요', '썬 생강은 냄비에 담아 주고\n물 1L 부어주고 뚜껑을 덮어 끓여 주세요', '생강차가 완성되면 생강을 건져내 주고 끓여 주세요', '컵에 레몬 1/2개 짜주세요', '레몬즙에 생강차를 적당히 부어주면\n찐 진저레몬티 완성!\n간단하고 건강한 겨울음료로\n몸도 따뜻하게 보호하기 좋게\n잠들기 전에 하루의 피로를 날려 보시는건 어떨까요?^^']","['진저레몬티', '진저레몬티재료', '진저레몬티레시피', '진저레몬티만들기', '생강레몬차', '생강레몬차재료', '생강레몬차레시피', '겨울음료', '따뜻한음료', '다이어트음료']","['넉넉히', '1L', '1/2개']"
415,차/음료/술,,,,122.멜라토닌케일스무디(ft.잠솔솔)(2025.8.18),https://www.10000recipe.com/recipe/7060587,483,벚꽃조이나,2인분,20분 이내,아무나,"['케일잎', '구매', '귤청', '생수']","밤에 잠을 잘 이루지 못한 날, 뭐 좋은 방법 없나 찾다가 케일잎의 마그네슘 성분이 깊은 잠으로 이끌어 준다기에
칼밥님의 레시피로 시작해 봅니다^^
-가감응용합니다~","['케일잎은 잘 씻어 물기 털고 줄기 자르고 잎을 대충 썰어요.\n도마\n,\n조리용나이프', '볶은 캐슈넛, 생수, 자른 케일잎, 귤청 을 블랜더에 넣어 갈아요.\n믹서기', '마그네슘이 멜라토닌을 형성해 잠을 잘 오게 한다고 해요. 이날 참 잘 잤어요. 멜라토닌 약을 먹는 것보다 음식으로 섭취하는 것을 몸이 좋아할 것 같아요.^^\n컵']","['멜라토닌', '멜라토닌스무디', '멜라토닌케일스무디', '벚꽃조이나요리', '마그네슘', '깊은잠', '피부건강', '면역력']","['200g', '1줌', '100ml', '2컵']"
416,차/음료/술,,,,"햄,치즈 오이롤~*",https://www.10000recipe.com/recipe/6929865,"10,238",밥차리라,1인분,10분 이내,아무나,"['슬라이 햄', '체다치즈', '오이', '머스타드', '갈색설탕', '마요네즈']",간단 맥주안주,"['오이 깨끗히 씻은 후 꼭지를 잘라 내고 필러로 오이 끝을 두세번 벗겨내고', '깍아 내어 사용합니다', '체다치즈 3등분으로\n잘라주고', '샌드위치햄도 3등분으로\n잘라준다\n(저는 일반 햄으로 잘라 주었어요)', '오이 위 치즈,햄 올리고', '도르르~ 말아서', '꼬지에 끼워 완성합니다', '소스는 머스타드,마요네즈\n갈색설탕 넣고 섞어요\n소스에 콕~ 찍어 맛있게 냠 냠~']","['맥주안주', '간단안주', '술안주', '햄', '치즈', '손님초대']","['2장', '2장', '1개', '2큰술', '1티스푼', '1티스푼']"
417,차/음료/술,,,,카페부럽지 않은 초간단 리얼 생딸기 우유 간식 만들기,https://www.10000recipe.com/recipe/6904360,"45,403",뽀유TV,2인분,10분 이내,아무나,"['딸기', '우유', '설탕']","요즘 딸기가 제철이라 많이 나오는데요
한때 SNS에서 정말 핫했던 리얼 생딸기 우유 집에서 만들어 봤어요","['먼저 딸기를 깨끗이 씻어주고 꼭지도 깔끔하게 제거해주세요.', '딸기를 잘게 썰어서 그릇 2개에 나눠 주세요.반은 으깨는데 사용하고 반은 토핑식으로 쓸꺼에요.딸기 한개도 데코용으로 남겨 두셔요.', '설탕을 취향것 넣어 섞어 주세요. 설탕없으시면 꿀이나 시럽도 괜찮아요', '포크나 수저로 으깨주시되 너무 으깨지 마시고 살짝 되직한 느낌으로 으깨주셔요', '투명한 유리컵에 으깬 딸기를 담아주시구요', '그 위에 우유를 부어 주시고 아까 토핑용으로 남겨둔 딸기를 투척해주세요', '딸개 한개로 데코해주시면 리얼 생딸기 우유 완성입니다^^', '한입 먹어보니 생딸기가 씹히면서 새콤달콤하니 진짜 맛있어요. 좀더 달면 좋긴 하겠는데 건강생각해서 참았는데요. 취향에 따라 시럽이나 설탕을 조절해 단맛은 조절해주셔요. 손님 오셨을때 디저트로 대접해도 참 좋아요']","['생딸기우유', '딸기우유', '홈메이드딸기우유', '간식', '초간단간식']","['', '', '']"
418,차/음료/술,,,,초콜릿프라페 먹으러 일루 오레오♥,https://www.10000recipe.com/recipe/6876865,"10,394",만개의레시피,2인분,30분 이내,아무나,"['초콜릿 아이스크림100g', '얼음100g', '우유', '오레오', '초코시럽', '오레오', '초코볼', '생크림']","오레오의 화려한 대변신! 쿠키에서 초콜릿프라페로??
여러분~ 오레오 초콜릿프라페 먹으러 일루 오레오~♥
세상의 모든 레시피 만개의레시피","['오레오는 위생팩에 넣고 밀대로 두드려 잘게 부순다.\n오레오 4개\n밀대\n,\n위생팩', '믹서에 오레오를 제외한 모든 재료를 넣고 2~3분간 곱게 간다.\n초콜릿 아이스크림 1cup(100g), 얼음 1cup=(100g), 우유 1/4cup\n믹서기', '1의 오레오를 넣고 10초간 간다.\n오레오를 넣고 살짝만 갈아야 바삭한 식감을 살릴 수 있어요.', '잔에 3을 붓는다.', '초코시럽을 뿌리고 오레오와 초코볼을 올린다.\n초코시럽 약간, 오레오 적당히, 초코볼 적당히, 생크림 적당히']","['요리', '음식', '초콜릿', '프라페', '오레오']","['100g', '100g', '1/4컵', '4개', '약간', '적당히', '적당히', '적당히']"
419,차/음료/술,,,,감귤 그라니따(Tangerine Granita)- 제철과일 디저트,https://www.10000recipe.com/recipe/6879481,"31,739",알코,4인분,2시간 이상,초급,"['귤', '꿀', '물', '감귤쥬스', '민트혹은 로즈마리']","바야흐로 감귤의 계절이 돌아왔습니다.
그래서 저는 또 한 박스를 주문했어요. 손톱이 노랗게 될 때까지 까묵고 또 까묵겠지요? 몇 개를 먹었는지도 까묵고 계속 먹겠죠.
오늘은 이 감귤을 이용해서 그라니따를 만들어 볼 거예요.","['먼저 귤껍질을 까 주세요.', '귤의 속껍질도 까 주세요.', '이게 아마 가장 어려운 관문일 거예요.\n귤껍질만 다 까면 그 후로는 눈 감고도 만들 수 있습니다.', '약 귤 두 개를 까면 간장종지를 가득 채울 만큼의 감귤 과육이 준비됩니다.', '전 그냥 다음엔 감귤 통조림 사용할래요.\n더 이상 제 승모근에게 영양을 줄 수 없을 것 같아요.', '감귤 과육을 절구에 넣고 으깨줍니다.\n블렌더에 갈아도 되고요~ 그냥 볼에 담은 후 국자로 꾹꾹 눌러도 되어요!', '저는 과육이 씹히는 맛을 더하기 위해 귤을 조금 더 깐 후', '이렇게 새끼손톱 사이즈로 조각을 내어 따로 또 준비했어요. (이 부분은 선택사항입니다.)', '으깨진 감귤 과육에 감귤주스 1/3종이 컵과', '꿀 1 큰 술을 넣어 잘 섞어줍니다.', '물 2/3 종이컵에 꿀을 넣어 녹여 넣어도 좋아요.', '5번을 냉동시킬 용기에 담고', '따로 준비한 감귤 작은 과육도 넣어주세요. (선택사항)', '이 상태로 뚜껑을 닫고 냉동실에 넣으시면 됩니다.', '약 2시간이 지났을 때 다시 냉동실에서 꺼내어 주세요.', '살얼음과 단단한 얼음 사이 정도로 얼었다면', '포크로 쿡쿡 눌러가며 긁어주세요.', '몽글몽글 알갱이들로 나누어진 모습으로 긁어낸 후, 다시 냉동실에 넣어주세요.', '약 4-5시간 이상 지난 후 다시 꺼내어', '마지막으로 포크로 뒤적이면 완성입니다!', '민트 혹은 로즈마리 잎을 씻은 다음', '예쁜 유리 잔에 담은 그라니따 위에 살짝 얹어주면 예쁜 디저트가 완성이 됩니다.', '완성된 그라니따에 소주를 살짝 부으면', '너무나도 괜찮은 칵테일 소주로 변신할 수 있고요.', '유리 잔에 얼음을 먼저 가득 넣은 후, 그라니따를 올리고 마지막에 사이다/탄산수를 부으면', '보기도 좋고 맛도 좋은 감귤 그라니따 에이드가 되어요.']","['홈브런치', '귤', '감귤음료', '홈카페', '그라니따', '푸드스타일링', '손님초대']","['2-3개', '1큰술', '2/3종이컵', '1/3컵', '혹은 로즈마리']"
420,차/음료/술,,,,142.고구마라떼(2025.9.15),https://www.10000recipe.com/recipe/7062608,469,벚꽃조이나,2인분,15분 이내,아무나,"['삶은 고구마', '우유', '꿀', '소금', '하루견과']","삶은 고구마와 우유나 두유 또는 오트밀유와 함께 순식간에 갈아 아침에 가볍게 먹으려고
고구마라떼,
준비합니다.","['고구마는 미리 삶아 냉동한 후 사용해도 좋구요.', '블렌더에 삶은 고구마, 우유, 꿀, 소금을 한번에 넣고 갈아요.', '하루견과와 함께 맛있게 먹어요^^']","['고구마', '고구마레시피', '고구마라떼', '벚꽃조이나요리', '아침음료']","['3개', '3컵', '1스푼', '1/2티스푼', '1봉']"
421,차/음료/술,,,,달콤한 오레오셰이크,https://www.10000recipe.com/recipe/3746581,"16,411",카푸치노,1인분,5분 이내,아무나,"['오레오쿠키', '우유', '바닐라아이스크림', '얼음', '생크림', '구매']",집에서 간단하고 시원하게 드실수 있는 오레오셰이크 만나보세요.,"['오레오 쿠키는 크림부분을 제거한 후 비닐봉투에 넣고 밀대로 밀어 가루를 내어주세요.', '갈은 쿠키를 믹서에 넣고 우유를 부어주세요.', '아이스크림과 얼음 4~5개 넣은후 휘리릭 갈아주세요. 컵에 부어주신 후 휘핑크림과 오레오쿠키를 반잘라 올려주세요.']",[],"['3개', '100g', '1컵', '4~5개', '적당량', '1개']"
422,차/음료/술,,,,초간단 수제 꿀 생강레몬청 만들기,https://www.10000recipe.com/recipe/7067839,531,동그랑,6인분 이상,30분 이내,초급,"['레몬손질 후 450g', '생강청', '설탕', '꿀']",레몬과 생강으로 생강레몬청 만들었어요,"['레몬은\n베이킹 소다를 뿌려\n깨끗이 씻어 줍니다.\n수입이 많은지라\n왁스 코팅이 되어 있기 때문에\n꼼꼼히 씻어주어야 하지요.', '한 번 데치기 위해\n물을 끓여 주었어요.\n껍질째 담글 거라\n살짝 데쳐서 만들 거랍니다.', '물이 끓으면 씻어 놓은 것을 넣고 굴리며\n2, 30초 잠깐 데치고 건져줍니다.', '양쪽 끝부분은\n조금 잘라줍니다.', '살짝 데쳐낸 다음 물기를 닦고\n얇게 썰어 줍니다.', '포크나 손을 이용해서\n속에 박힌 씨는 빼주세요', '썬 다음\n넓은 볼에 담아 줍니다.\n손질하고 무게를 재 보니\n450g 정도 되네요.', '얇게 썬 것 450g에\n설탕 400g\n생강청 반 컵\n꿀 반 컵을 넣고 골고루 섞어주며\n설탕을 녹여줍니다.', '한두 시간 두면서\n중간중간 섞어주며 녹여주니\n설탕이 잘 녹았고 물도 많이 생겼어요.\n청을 병에 담을 때 섞자마자 바로 넣으면 다시 녹여 줘야 하는 번거로움이 있기 때문에 볼에 담아 설탕을 충분히 녹인 다음 병에 담아 줍니다.', '설탕이 충분히 녹으면\n열탕 소독한 유리병에 담아 주고\n위에 설탕으로 살짝 덮어 줍니다.']","['레몬청', '레몬차', '생강레몬청', '생강레몬차', '레몬생강청', '레몬생강차']","['손질 후 450g', '1/2컵', '400g', '1/2컵']"
423,차/음료/술,,,,[식약처] 군고구마 라떼,https://www.10000recipe.com/recipe/6991862,"2,061",식품의약품안전처,1인분,60분 이내,중급,"['고구마', '우유', '고구마칩']",당당한 밥상 조리법을 소개합니다.,"['고구마를 쿠킹호일에 싸\n직화냄비에 넣고 약한 불에서\n30분 간 굽는다.', '우유를 냄비에 끓여 데운다.', '구운 고구마의 껍질을 제거한다.', '우유와 고구마를 믹서에 넣고\n간다.', '4번을 체에 걸러 부드럽게 한다.', '컵에 담고 고구마칩을 올린다.']","['식품의약품안전처', '마이나슈', '당당한밥상']","['100g', '200g', '5g']"
424,차/음료/술,,,,집에서 따라잡는 별다방 시크릿메뉴 바닐라더블샷,https://www.10000recipe.com/recipe/7004959,"1,794",만개의레시피,1인분,10분 이내,아무나,"['휘핑크림', '우유', '에스프레소', '바닐라 시럽 6펌프', '얼음']",별다방 시크릿메뉴 집에서도 만들 수 있다! 부드럽고 시원한 크리미바닐라더블샷 진한 바닐라향과 달달함이 매력이에요. 크리미함을 더 느끼려면 더 힘차게 흔들어주세요!,"['휘핑크림과 우유를 1:1 비율로 섞어서 크리미베이스를 만들어요.', '에스프레소와 바닐라시럽을 밀폐용기에 넣어요.\n집에 쉐이커가 있다면 쉐이커를 사용해도 좋아요.', '얼음을 넣어요.', '크리미베이스를 넣어요.', '얼음이 잘게 깨지며 섞이도록 힘차게 흔들어요.', '얼음없이 컵에 따라서 완성해요.']","['별다방메뉴', '바닐라더블샷', '별다방시크릿메뉴', '크리미바닐라더블샷']","['40ml', '40ml', '2샷', '10ml', '1종이컵']"
425,차/음료/술,,,,무알콜 자몽모히또,https://www.10000recipe.com/recipe/6836672,"16,218",아내의식탁,2인분,15분 이내,초급,"['자몽', '사이다혹은 탄산수', '얼음', '민트잎', '라임혹은 레몬']",오늘은 비타민 c가 많은 자몽을 이용한 무알콜 자몽모히또 만드는 방법을 알려드릴게요. 모히또는 스페인어로 럼주에 레몬이나 라임주스를 추가한 민트향의 칵테일인데요. 쌉싸름한 자몽과육과 향긋한 민트가 탄산과 어우러져 시원하면서도 청량감있는 음료를 즐기실 수 있답니다.,"['자몽은 베이킹소다를 이용해서 깨끗히 씻은 후~', '자몽 1/2개를 남기고 즙을 짜주세요.', '남은 자몽1/2개와 라임은 얇게 링으로 썰어주세요.', '찧어놓은 애플민트와 자몽즙을 유리포트에 넣어주세요.', '잘라놓은 자몽과 라임을 넣고 시원한 사이다를 넣어주세요.', '컵에 나누어 담고 약간의 얼음을 넣어주시면 완성!\n(무가당 탄산수를 이용하실 때는 시럽이나 각설탕 등을 이용해서 당도를 조절해주세요.)']",[],"['2개', '혹은 탄산수', '약간', '약간', '혹은 레몬']"
426,차/음료/술,,,,편의점 조합 부드럽게 톡쏘는 맛 딸기우유소다 만들기,https://www.10000recipe.com/recipe/6992067,"3,610",레몬콩,1인분,5분 이내,아무나,"['딸기우유', '요구르트', '밀키스']","저는 우유를 참 좋아해서 집에 종류별로 구매를 해두는데요. 가끔 이것저것 섞어 마시는 것도 참 좋아해요.
오늘은 딸기우유와 요구르트, 밀키스를 섞어서 딸기우유소다를 만들어 마셨는데요. 부드럽고 은은한 딸기향과 톡 쏘는 밀키스, 상큼한 요구르트가 정말 잘어울려요.
후식으로 딱 좋은 딸기우유소다 만들기입니다.","['먼저 잔에 딸기우유를 부어주세요.', '그리고 요구르트 작은걸 전부 넣어줍니다.', '마지막으로 밀키스를 부어준 후 잘 섞어줍니다.', '완성~!']","['초간단', '편의점', '음료만들기', '딸기우유', '간단음료', '자취요리', '간단자취']","['1/2컵', '1개', '2/3캔']"
427,차/음료/술,,,,125.케일멜라토닌스무디(ft.불면증)(2025.8.21),https://www.10000recipe.com/recipe/7060797,374,벚꽃조이나,2인분,20분 이내,아무나,"['케일잎', '구매', '귤청', '생수']","한때 케일 열풍이 분 적이 있었죠. 만병통치약,...
&
여전히 풍부한 영양을 담고 있는 십자화과 채소인 케일로 불면증에 도움될 스무디를 시작합니다^^
칼밥님의 레시피를 참고해 가감응용합니다~","['케일잎은 잘 씻어 물기 털고 줄기 자르고 잎을 대충 썰어요.', '자른 케일잎, 생수, 귤청, 바나나를 한꺼번에 넣고 갈아요.케일의 쓴맛은 바나나와 귤청이 중화시켰네요.', '마그네슘이 멜라토닌을 형성해 잠을 잘 오게 한다고 해요. 이날 참 잘 잤어요. 멜라토닌 약을 먹는 것보다 음식으로 섭취하는 것을 몸이 좋아할 것 같아요.^^']","['케일', '케일스무디', '케일스무디만들기', '벚꽃조이나요리', '십자화과채소', '면역력', '건강음료']","['200g', '2개', '250g', '400g']"
428,차/음료/술,,,,달콤 호두우유~*,https://www.10000recipe.com/recipe/6879224,"2,806",밥차리라,1인분,5분 이내,아무나,"['우유', '호두', '꿀']",따뜻하게 한잔~,"['믹서기에 우유 200ml, 호두 7알, 꿀 취향껏 가감해 넣고', '윙~~~ 갈아 주시면 끝', '컵에 담아 전자렌지에 윙~ 돌려 따뜻하게 한잔~\n전자레인지']","['음료수', '음료', '우유', '호두', '아침식사', '아침식사대용']","['200ml', '7알', '취향껏']"
429,차/음료/술,,,,"제주도가 생각나는 비주얼, 말차샷콜드브루라떼",https://www.10000recipe.com/recipe/7007096,"1,279",만개의레시피,1인분,10분 이내,아무나,"['말차파우더2숟가락', '뜨거운 물', '연유', '휘핑크림', '우유', '얼음', '구매']",넓게 펼쳐진 제주 녹차밭이 생각나는 음료 비주얼도 좋은 말차샷콜드브루라떼 푹푹 찌는 더위에 어딘가로 떠나고 싶은 마음 시원한 말차샷콜드브루라떼로 달래보세요!,"['말차파우더와 뜨거운물을 섞어서 말차파우더를 녹여요.', '녹여놓은 말차파우더에 연유를 섞어서 말차샷베이스를 만들어요.', '휘핑크림과 우유를 섞어서 크림베이스를 만들어요.', '컵에 말차베이스와 얼음을 넣어요.', '컵에 크림베이스를 넣어요.', '콜드브루 원액을 넣어서 완성해요.', '음료를 위아래로 저어서 즐겨요.']","['말차샷콜드브루라떼', '말차라떼']","['2숟가락', '2숟가락', '10ml', '10ml', '110ml', '2.5컵', '60ml']"
430,차/음료/술,,,,스페인의 맛을 집에서 느껴보자! 상그리아,https://www.10000recipe.com/recipe/6872318,"36,112",만개의레시피,4인분,10분 이내,초급,"['레드와인', '오렌지', '레몬', '사과', '사이다', '얼음']","상큼하고 달달해서 술술 넘어가♥
집에서 스페인의 맛을 느껴보자
세상의 모든 레시피 만개의레시피","['사과, 한 개의 오렌지과육은 깍둑 썰기 한다.\n오렌지 2개, 사과 1개\n과일은 원하는 과일을 선택한다.', '오렌지 한 개, 레몬은 즙을 내서 준비한다.\n레몬 1개', '병에 레드와인, 준비한 과일과 과즙을 넣고 약 3시간 이상 숙성시킨다.\n레드와인 1병\n병', '먹기전에 사이다나 탄산수, 얼음을 섞어 잔에 담아 낸다.\n사이다 1캔, 얼음 약간']","['레시피', '요리', '음식', '술', '과일와인', '와인', '레드와인', '상그리아', '스페인', '과일', '손님접대', '파티', '음료']","['1병', '2개', '1개', '1개', '1캔', '약간']"
431,차/음료/술,,,,피치슬러시,https://www.10000recipe.com/recipe/6876202,"2,930",편한식사,1인분,10분 이내,아무나,"['탄산수', '구매', '얼음', '소금', '통조림복숭아']","상큼한 복숭아로 만든 시원한 슬러시~
복숭하 좋아하는 사람 여기여기!!
by. 편한식사","['재료를 준비해주세요.', '비닐에 얼음을 넣어주세요.', '소금을 넣어주세요.', '통조림복숭아를 넣어주세요.', '탄산수를 넣어주세요.', '얼음이 생길때까지 흔들어주세요.', '컵에 복숭아를 담아주세요.', '탄산수를 부으면 완성~!!']","['편한식사', '편의점', '레시피', '간단', '간편', '요리', '꿀맛', '꿀조합', '꿀레시피', '슬러시']","['1병', '3장', '1컵', '1t', '40g']"
432,차/음료/술,,,,편의점재료로 만드는 시원한 간단쉐이크! 달달한 음료레시피로 초여름더위 보내기!,https://www.10000recipe.com/recipe/6933937,"12,670",만개의레시피,3인분,15분 이내,아무나,"['우유', '몽쉘', '초콜릿', '얼음', '초코아이스크림', '초코아이스크림', '웨하스', '빼빼로', '초콜릿', '오레오', '커피우유', '로투스', '얼음', '바닐라아이스크림', '바닐라아이스크림', '프레첼', '팝콘', '사탕', '카라멜', '딸기우유', '딸기 요플레', '얼음', '바닐라아이스크림', '바닐라아이스크림', '딸기마카롱', '딸기빼빼로', '젤리']","더워서 기운을 떨어지고, 목은 마르고!
편의점 재료로 만드는 달달 쉐이크!
달달 쉐이크로 시원한 오후보내기!
세상의모든레시피 만개의레시피","['[초코악마쉐이크]\n초콜릿은 전자레인지에 2분간 돌려 녹인다.\n전자레인지', '믹서에 초코악마쉐이크 재료를 모두 넣고 돌려 초코 쉐이크를 만든다.\n믹서기', '컵에 테두리에 초콜릿을 바르고 초콜릿을 붙힌 후 냉장고에 굳힌다.\n컵', '만들어 둔 초코 쉐이크를 담은 후 나머지 초코악마쉐이크 토핑을 올려 완성한다.', '[카페인만땅쉐이크]\n카라멜은 전자레인지에 2분간 돌려 녹이고 사탕은 부순다.\n전자레인지', '믹서에 카페인만땅쉐이크 재료를 모두 넣고 돌려 커피 쉐이크를 만든다.\n믹서기', '컵 테두리에 녹인 카라멜을 바르고 부순 사탕을 묻힌 후 냉장고에 굳힌다.', '만들어 둔 커피 쉐이크를 담은 후 나머지 카페인만땅쉐이크 토핑을 올려 완성한다.', '[딸기쉐이크]\n믹서에 딸기쉐이크 재료를 모두 넣고 돌려 딸기 쉐이크를 만든다.\n믹서기', '컵에 딸기 쉐이크를 담고 나머지 딸기쉐이크 토핑을 올려 완성한다.\n컵']","['편의점재료', '쉐이크', '밀크쉐이크', '밀크스무디', '음료', '음료레시피', '간식', '디저트', '음료', '간단', '디저트', '간단한', '음료']","['1팩', '1개', '1개', '1종이컵', '1스쿱', '1스쿱', '약간', '약간', '약간', '약간', '1팩', '6개', '1종이컵', '1스쿱', '1스쿱', '약간', '약간', '적당량', '약간', '1팩', '1개', '1종이컵', '1스쿱', '1스쿱', '1개', '약간', '약간']"
433,차/음료/술,,,,오레오파르페,https://www.10000recipe.com/recipe/6879930,"6,480",편한식사,1인분,15분 이내,아무나,"['생크림', '초코시럽', '우유', '연유', '구매', '슈거파우더', '초코칩', '오레오']","살찜주의!
하지만 너무 맛있는걸....
오레오 너무 좋다오*.*
by. 편한식사","['재료를 준비해주세요.', '오레오를 봉지에 담고 부셔주세요.', '컵에 투게더를 담아주세요.', '초코칩을 넣어주세요.', '연유와 우유를 부어주세요.', '아이스크림을 올리고 생크림을 올려주세요.', '초코시럽을 뿌려주세요.', '오레오를 올리고 슈거파우더를 뿌리면 완성~!!']","['편한식사', '편의점', '레시피', '디저트', '오레오', '아이스크림', '초코', '간단', '간편', '디저트레시피']","['50g', '2T', '50ml', '2T', '1/4통', '1T', '1T', '1팩']"
434,차/음료/술,,,,우유빙수와 함께하는 달콤 시원한 오레오빙수 ★,https://www.10000recipe.com/recipe/6916302,"31,004",우유자조금관리위원회,1인분,10분 이내,아무나,"['우유', '연유', '오레오 과자', '휘핑크림', '초코 시럽']","하루 두잔 우리 우유를 더 맛있게 먹는법!!!!!
달다구리한 디저트는 바로 우유와 함께 ! 오레오는 덤!
세상의 모든 레시피 만개의레시피","['2개는 크림을 제거하고 곱게 부셔 토핑으로 준비해요.', '과자 5개는 지퍼팩에 넣어 잘게 부셔요.', '지퍼팩에 우유, 오레오, 연유를 넣어 냉동실에 3시간 이상 보관해요.', '냉동한 유유를 꺼내어 방망이로 두드려요.', '그릇에 우유얼음을 담아요.', '취향에 따라 생크림, 과자, 초콜릿 시럽, 연유 등을 토핑으로 올려 완성해요.']","['오레오', '디저트', '우유빙수', '오레오빙수', '우유', 'K-milk', '우유자조금', '우유자조금관리위원회', '달콤', '간식']","['300ml', '4숟가락', '1봉', '약간', '약간']"
435,차/음료/술,,,,든든한 영양 음료!! 바나나 미숫가루 쉐이크!!,https://www.10000recipe.com/recipe/6854606,"33,864",말랑이뽀,2인분,10분 이내,아무나,"['얼린 바나나', '미숫가루', '우유', '연유']",초코 바나나만큼 맛있다고 소문이 난 바나나 미숫가루 쉐이크에요. 미숫가루는 자칫하면 텁텁할 수도 있는데 바나나와 섞으니 부드럽고 달콤하답니다,"['믹서기에 얼린 바나나를 넣고', '우유 200ml를 붓은 뒤', '미숫가루를 넣어주세요.', '마지막으로 연유 넣고 갈아주면 완성이에요.\n연유 대신 꿀, 설탕, 시럽, 올리고당 등\n달달한 맛 내는 거 아무거나 사용하시면 됩니다.', '미숫가루가 잘 섞여 보이지 않을 때까지 돌리면 됩니다.\n믹서기 대신 핸드 블렌더 사용하셔도 됩니다.']","['바나나미숫가루쉐이크', '바나나음료', '미숫가루음료', '아침식사대용', '얼린바나나음료', '미숫가루바나나세이크']","['2개', '2T', '200ml', '2T']"
436,차/음료/술,,,,[암예방레시피]초간단 블루베리스무디 만들기,https://www.10000recipe.com/recipe/6917168,"67,675",뽀유TV,1인분,5분 이내,아무나,"['냉동 블루베리', '플레인 요거트', '우유', '꿀']","항암에 좋다고 이미 소문난 블루베리로 초간단 스무디를 만들어 봤어요, 암예방 뿐 아니라 변비에도 도움이 된답니다^^","['재료를 준비합니다. 다이어트를 위해 당을 첨가하지 않은 플레인 요거트를 준비했는데 이것만 먹으면 별로 맛이 없죠, 이럴때 과일을 첨부하시면 더 맛있고 건강에도 좋은데 저는 블루베리를 첨가해 주었어요', '블루베리를 갈아 줄껀데 약간 뻑뻑하니 요거트보다 우유를 먼저 넣어서 갈아주시구요.그 다음 요거트를 추가해서 좀더 갈아주심 된답니다.냉동블루베리라 이 자체로도 시원한데 좀 더 시원하게 드시려면 얼음을 넣고 갈아드심 됩니다.', '초간단 블루베리 스무디 완성이에요. 위에 블루베리로 데코도 해주었네요^^평소 달게 드시는 분이라면 꿀을 약간 추가하시면 되요.', '그냥 플레인 요거트 먹을때보다 훨씬 맛있구요^^아침마다 한잔 먹으면 은근 포만감이 느껴지면서 변비 걱정 없어도 되니 좋답니다.']","['블루베리', '스무디', '스무디', '블루베리', '간식', '건강', '간식', '음료', '변비에', '좋은', '간식', '건강', '음료', '다이어트', '다이어트', '음료']","['2줌', '1개', '1/2컵', '적당히']"
437,차/음료/술,,,,자몽청,https://www.10000recipe.com/recipe/7063120,388,BORATABLE206,4인분,15분 이내,아무나,['설탕'],"홈카페 필수 아이템, 자몽청 만들기","['베이킹소다로 깨끗이 씻은 자몽3개를 준비해 주세요', '자몽에 껍찔을 제거해 주세요\n(위, 아래먼저 잘라주세요)', '옆면에 껍질도 칼을 이용해 제거해 주세요\nTip : 자몽 껍질에는 쓴맛이 강한 성분이 있기 때문에, 청을 만들 때는 과육만 사용해야 맛이 깔끔해집니다.\n특히 흰 속껍질 부분까지 잘 제거해야 쓴맛이 줄어들어요.', '껍질을 제거한 자몽을 볼에 담아주세요', '자몽과 설탕은 1:1로 담아주세요\nTip : 1:1로 준비한 설탕중 2스푼은 따로 남겨놓고, 나중에 뚜껑을 닫기전 위에 뿌려줄거에요\n(설탕은 천연 방부제 역할을 해요.\n자몽 위에 설탕을 덮어주면 공기와 직접 닿는 면이 줄어들고, 표면에서 세균 번식을 억제할 수 있어요.\n그래서 청이 상하지 않고 좀 더 오래 보관할 수 있어요)', '자몽과 설탕을 잘 섞어 줍니다', '2숟가락 남겨둔 설탕을 위에 뿌려 주세요\nTip : 설탕은 천연 방부제 역할을 해요.\n자몽 위에 설탕을 덮어주면 공기와 직접 닿는 면이 줄어들고, 표면에서 세균 번식을 억제할 수 있어요.\n그래서 청이 상하지 않고 좀 더 오래 보관할 수 있어요', '자몽청 완성!!']","['자몽청', '자몽티', '홈까페', '환절기', '건강음료', '피로회복', '비타민c', '오늘 뭐먹지']",['50g']
